stud.id,session.id,cluster
4,7,1
4,8,2
4,9,2
4,10,2
4,11,3
4,12,4
4,14,3
4,15,4
4,16,2
4,17,3
4,18,3
4,19,4
4,20,2
4,21,2
4,22,1
4,23,3
4,24,3
4,25,3
4,26,2
4,27,1
4,29,1
4,30,1
4,31,3
4,32,1
4,33,2
4,34,3
4,35,3
4,36,1
4,38,3
4,39,3
4,41,1
4,42,3
4,43,4
4,44,1
4,45,1
4,46,1
4,47,2
4,48,1
4,49,3
4,50,3
4,51,2
4,53,3
4,54,3
4,56,3
4,57,4
4,58,3
4,59,3
4,61,3
4,62,3
4,63,3
4,66,4
4,67,3
4,68,2
4,69,3
4,71,2
4,72,3
4,73,2
4,74,3
4,75,3
4,76,2
4,78,3
4,79,3
4,80,2
4,81,3
4,82,4
4,83,2
4,85,3
4,87,2
4,88,2
4,89,4
4,90,3
4,91,2
4,92,3
4,93,3
5,113,4
5,114,3
5,115,3
5,116,3
5,117,3
5,118,3
5,119,4
5,120,3
5,121,2
5,122,2
5,123,4
5,124,4
5,126,4
5,128,1
5,129,2
5,130,3
5,131,3
5,133,3
5,134,3
5,135,4
5,136,2
5,138,3
5,139,3
5,140,3
5,141,4
5,142,2
5,143,4
5,144,2
5,146,4
5,147,3
5,148,3
5,149,2
5,150,2
5,151,2
5,152,3
5,154,1
5,155,2
5,156,2
5,157,2
5,158,2
5,159,2
5,160,2
5,161,3
5,162,4
5,163,3
5,164,2
5,166,2
5,167,4
5,168,2
5,169,2
5,170,2
5,171,3
5,172,2
5,173,2
5,175,2
5,176,1
5,177,1
5,178,2
5,179,2
5,180,4
5,181,2
5,182,2
5,183,4
6,187,3
6,188,1
6,189,4
6,190,3
6,191,3
6,193,3
6,194,2
6,195,2
6,196,3
6,197,4
6,198,4
6,199,3
6,201,1
6,202,3
6,203,3
6,204,3
6,207,4
6,208,4
6,209,1
6,210,3
6,211,1
6,212,3
6,213,3
6,215,1
6,216,2
6,218,4
6,219,1
6,220,1
6,221,2
6,222,2
6,225,1
6,229,3
6,230,3
6,231,1
6,232,2
6,233,3
6,235,3
6,236,3
6,237,2
6,238,2
6,239,3
6,240,3
6,241,3
6,242,3
6,243,2
6,244,3
6,245,1
6,246,4
6,248,2
6,249,2
6,250,1
6,251,3
6,252,2
6,253,1
6,254,2
6,255,1
6,256,3
6,257,2
6,260,2
6,263,3
6,264,1
6,265,2
6,266,1
6,267,1
6,269,3
6,270,2
6,273,4
6,274,4
6,276,2
6,277,3
6,278,3
6,279,4
6,281,2
6,282,2
6,283,2
6,284,3
6,285,3
6,287,2
6,288,2
6,290,3
6,291,3
11,401,4
11,402,3
11,403,4
11,404,4
11,405,3
11,407,3
11,410,4
11,411,4
11,412,4
11,414,1
11,415,2
11,416,3
11,418,1
11,420,4
11,421,4
11,422,2
11,427,3
11,428,3
11,429,4
11,430,1
11,431,1
11,433,3
11,435,2
11,437,2
11,439,2
11,440,2
11,441,2
11,442,1
11,443,4
11,444,2
11,446,3
11,447,4
11,448,2
11,450,2
11,452,3
11,453,2
11,454,4
11,455,3
12,462,3
12,463,1
12,464,1
12,465,2
12,466,3
12,467,3
12,468,2
12,469,2
12,470,1
12,471,2
12,472,4
12,473,4
12,474,3
12,475,1
12,476,2
12,477,3
12,478,1
12,479,2
12,480,3
12,481,3
12,482,2
12,484,2
12,487,1
12,488,2
12,489,3
12,490,3
12,491,3
12,493,3
12,494,2
12,495,3
12,496,3
12,497,1
12,498,3
12,499,1
12,500,2
12,501,4
12,502,2
12,503,3
12,504,3
12,505,3
12,506,1
12,507,2
12,508,4
12,509,1
12,510,3
12,511,2
12,512,3
12,513,1
12,514,3
12,515,3
12,516,2
12,517,3
12,518,3
12,519,3
12,520,3
12,521,4
12,522,4
12,523,4
12,524,1
12,525,2
12,526,4
12,527,4
12,528,2
12,529,2
12,530,1
12,531,3
12,532,2
12,533,3
12,534,2
12,535,4
12,536,1
12,537,2
12,538,3
18,802,3
18,803,3
18,804,4
18,805,3
18,808,3
18,809,3
18,810,1
18,812,4
18,813,3
18,814,2
18,815,3
18,816,3
18,818,3
18,819,4
18,820,1
18,822,4
18,823,4
18,825,2
18,826,2
18,827,3
18,829,4
18,830,3
18,833,3
18,834,3
18,835,2
18,836,3
18,837,1
18,839,3
18,840,3
18,841,1
18,843,3
18,844,4
18,845,2
18,846,3
18,847,3
18,848,3
18,849,2
18,851,3
18,852,3
18,853,1
18,854,2
18,855,2
18,856,1
18,857,1
18,858,3
18,861,2
18,862,2
18,863,3
18,864,4
18,865,2
18,866,3
18,868,3
18,869,2
18,870,3
18,871,2
18,872,3
18,873,3
18,874,2
18,876,3
18,877,2
18,878,1
18,879,1
18,880,3
18,881,2
18,882,2
18,883,2
18,884,4
18,885,4
18,886,2
18,887,2
18,888,2
18,889,3
18,890,4
18,892,2
18,893,3
18,894,3
18,895,3
18,896,1
18,898,2
18,899,3
18,900,2
18,901,2
18,902,3
18,903,2
18,904,3
18,905,4
18,906,2
18,907,3
18,909,3
21,1024,1
21,1025,4
21,1026,3
21,1027,1
21,1028,2
21,1029,3
21,1030,3
21,1032,4
21,1033,3
21,1035,1
21,1036,3
21,1037,1
21,1038,2
21,1039,3
21,1040,3
21,1042,1
21,1043,3
21,1044,3
21,1046,3
21,1048,4
21,1049,4
21,1050,2
21,1051,4
21,1053,2
21,1054,3
21,1055,1
21,1056,4
21,1058,3
21,1060,3
21,1061,3
21,1062,4
21,1063,4
21,1064,2
21,1065,3
21,1067,4
21,1068,2
21,1071,3
21,1072,3
21,1074,2
21,1075,4
21,1076,3
21,1077,2
21,1078,3
21,1079,2
21,1080,1
21,1081,4
21,1082,4
21,1084,4
21,1086,2
21,1087,3
21,1089,4
21,1090,4
21,1091,4
21,1092,3
21,1093,1
21,1094,4
21,1095,4
24,1118,1
24,1119,3
24,1121,4
24,1122,4
24,1123,2
24,1126,2
24,1127,4
24,1128,2
24,1129,1
24,1130,2
24,1131,3
24,1133,1
24,1134,4
24,1135,2
24,1136,2
24,1137,3
24,1138,1
24,1139,4
24,1140,3
24,1142,1
24,1143,1
24,1144,1
24,1145,2
24,1146,4
24,1147,4
24,1148,4
24,1149,2
24,1150,2
24,1151,4
24,1152,1
24,1153,1
24,1154,4
24,1155,4
24,1156,2
24,1157,2
24,1158,1
24,1159,3
24,1160,2
24,1161,4
24,1162,1
24,1163,2
24,1164,3
24,1165,4
24,1166,3
24,1167,2
24,1168,3
24,1169,2
24,1170,1
24,1171,4
24,1172,3
24,1173,2
24,1175,2
24,1176,2
24,1179,2
24,1180,2
24,1181,2
24,1182,4
30,1279,3
30,1280,1
30,1281,2
30,1282,1
30,1283,2
30,1285,2
30,1286,2
30,1287,2
30,1288,2
30,1289,2
30,1290,2
30,1291,2
30,1292,2
30,1293,2
30,1295,2
30,1296,4
30,1297,3
30,1298,2
30,1299,4
30,1300,2
30,1301,3
30,1303,2
30,1304,4
30,1305,2
30,1307,2
30,1308,3
30,1309,2
30,1310,2
30,1311,3
32,1336,2
32,1337,3
32,1338,1
32,1339,2
32,1340,3
32,1341,2
32,1342,2
32,1343,2
32,1344,2
32,1345,2
32,1346,2
32,1348,2
32,1349,3
32,1351,2
32,1352,2
32,1353,2
32,1355,2
32,1356,3
32,1357,3
32,1358,2
32,1359,3
32,1360,3
32,1361,2
32,1362,4
32,1363,2
32,1364,3
32,1365,2
32,1366,2
32,1367,2
32,1368,3
32,1369,3
32,1370,4
33,1374,3
33,1375,1
33,1376,3
33,1377,1
33,1378,1
33,1379,2
33,1380,2
33,1381,1
33,1382,1
33,1383,2
33,1385,4
33,1386,4
33,1389,3
33,1392,2
33,1393,3
33,1394,3
33,1397,2
33,1398,3
33,1400,2
33,1401,4
33,1402,2
33,1403,4
33,1404,1
33,1405,4
33,1406,2
33,1407,4
33,1410,2
33,1411,2
33,1412,2
33,1414,2
36,1521,2
36,1522,2
36,1523,2
36,1524,3
36,1525,2
36,1526,2
36,1527,3
36,1528,2
36,1529,2
36,1530,2
36,1531,2
36,1532,2
40,1633,1
40,1634,1
40,1635,1
40,1639,2
40,1640,1
40,1641,3
40,1643,2
40,1644,2
40,1645,2
40,1646,2
40,1647,2
40,1648,2
40,1649,3
40,1650,2
40,1651,2
40,1652,2
40,1653,3
40,1654,2
40,1655,3
40,1656,3
41,1671,3
41,1672,3
41,1673,1
41,1674,1
41,1675,3
41,1676,1
41,1677,3
41,1678,3
41,1679,3
41,1680,2
41,1681,3
41,1682,3
41,1683,3
41,1684,1
41,1685,1
41,1687,3
41,1688,4
41,1690,2
41,1691,2
41,1693,2
41,1694,3
41,1695,3
41,1696,3
41,1697,3
41,1698,3
41,1699,3
41,1700,3
41,1701,4
41,1702,2
41,1703,4
41,1704,2
41,1705,3
41,1706,3
41,1708,3
41,1709,3
41,1711,2
41,1712,4
41,1715,3
41,1716,3
41,1717,2
41,1718,3
41,1720,4
41,1721,3
41,1722,3
41,1724,1
41,1725,3
41,1726,3
41,1727,3
41,1728,1
41,1730,3
41,1731,2
41,1733,3
41,1734,3
41,1735,3
41,1736,3
41,1737,2
41,1738,3
41,1739,4
41,1740,4
41,1741,2
41,1742,2
41,1744,3
41,1745,2
41,1746,3
41,1747,2
41,1748,3
41,1749,2
41,1750,2
41,1751,2
41,1753,2
41,1754,2
41,1755,3
41,1756,2
41,1757,2
41,1758,2
41,1759,2
46,1916,3
46,1917,3
46,1918,3
46,1919,3
46,1921,4
46,1922,2
46,1923,1
46,1925,1
46,1926,2
46,1927,3
46,1928,3
46,1929,3
46,1930,3
46,1932,1
46,1936,3
46,1938,2
46,1939,4
46,1940,2
46,1942,3
46,1943,3
46,1944,2
46,1945,3
46,1946,3
46,1947,3
46,1948,1
46,1949,3
46,1950,4
46,1951,2
46,1952,3
46,1953,3
46,1954,3
46,1955,1
46,1956,3
46,1957,2
46,1958,2
46,1959,2
46,1960,3
46,1961,3
46,1962,2
46,1963,2
46,1966,2
46,1967,3
46,1968,3
46,1969,4
46,1970,4
46,1971,4
46,1972,2
46,1973,3
46,1974,2
46,1975,4
46,1976,2
46,1978,2
46,1979,1
46,1981,2
49,2055,3
49,2058,3
49,2061,1
49,2062,4
49,2063,4
49,2064,2
49,2066,2
49,2067,4
49,2068,3
49,2069,3
49,2070,2
49,2072,2
49,2073,3
49,2074,3
49,2075,4
49,2076,4
49,2077,2
49,2079,2
49,2080,3
49,2081,3
49,2082,1
49,2083,2
49,2084,3
49,2085,2
49,2086,3
49,2087,4
49,2088,1
49,2089,1
49,2091,1
49,2092,2
49,2093,2
49,2094,3
49,2095,4
49,2096,2
49,2098,2
49,2099,2
49,2100,2
49,2101,3
49,2102,2
49,2103,3
49,2105,4
49,2106,1
49,2107,3
49,2108,1
49,2109,2
49,2110,3
49,2111,2
49,2113,3
49,2114,3
49,2115,2
49,2116,2
49,2117,3
49,2118,2
49,2121,2
49,2123,3
49,2124,2
49,2125,2
49,2126,3
58,2405,1
58,2407,3
58,2408,3
58,2409,3
58,2411,4
58,2412,2
58,2413,2
58,2414,1
58,2415,3
58,2416,3
58,2418,3
58,2419,4
58,2420,2
58,2421,3
58,2422,2
58,2423,2
58,2424,3
58,2425,3
58,2426,2
58,2427,3
58,2429,2
58,2432,3
58,2433,3
58,2434,2
58,2435,1
58,2436,1
58,2437,1
58,2438,3
58,2439,3
58,2440,3
58,2441,1
58,2442,1
58,2443,2
58,2444,3
58,2445,4
58,2446,2
58,2447,3
58,2448,3
58,2449,4
58,2450,2
58,2451,3
58,2452,2
58,2453,4
58,2454,3
58,2455,4
58,2456,2
58,2457,3
58,2458,4
58,2459,2
58,2460,2
58,2461,3
58,2462,3
58,2463,4
58,2464,3
58,2465,3
58,2466,4
58,2467,2
58,2468,3
58,2471,4
58,2472,3
62,2552,3
62,2553,3
62,2554,2
62,2555,3
62,2556,2
62,2557,2
62,2558,1
62,2559,2
62,2560,2
62,2563,4
62,2564,2
62,2568,2
62,2569,3
62,2570,2
62,2571,2
62,2572,2
62,2573,2
62,2574,2
62,2576,2
62,2577,2
62,2578,2
62,2579,2
62,2580,2
63,2586,1
63,2589,3
63,2590,3
63,2591,3
63,2593,3
63,2594,1
63,2595,1
63,2596,1
63,2597,2
63,2598,4
63,2599,1
63,2600,2
63,2602,2
63,2604,4
63,2605,4
63,2606,2
63,2607,3
63,2608,2
63,2609,3
63,2610,3
63,2611,3
63,2613,3
63,2614,4
63,2615,4
63,2617,2
63,2618,3
63,2619,2
63,2620,3
63,2621,2
63,2622,4
63,2623,2
63,2624,2
63,2625,2
63,2626,4
63,2627,3
63,2629,2
63,2630,2
63,2631,3
63,2632,3
63,2633,4
63,2634,4
63,2635,2
63,2636,2
63,2637,2
64,2645,3
64,2646,3
64,2648,2
64,2649,2
64,2650,3
64,2651,3
64,2652,2
64,2653,2
64,2654,4
64,2655,3
64,2656,2
64,2657,1
64,2660,2
64,2662,2
64,2663,1
64,2664,2
64,2665,1
64,2666,3
64,2667,4
64,2670,2
64,2671,2
64,2672,2
64,2673,2
64,2674,2
64,2675,2
64,2676,2
64,2677,4
64,2678,2
64,2679,2
64,2681,2
65,2687,3
65,2688,4
65,2691,3
65,2692,3
65,2693,1
65,2696,1
65,2697,1
65,2698,2
65,2700,2
65,2701,2
65,2702,2
65,2703,3
65,2704,1
65,2705,1
65,2706,1
65,2708,2
65,2709,2
65,2710,2
65,2711,2
65,2712,2
65,2713,2
65,2714,2
65,2715,2
65,2717,3
65,2718,2
65,2719,2
65,2720,2
66,2735,4
66,2736,2
66,2738,2
66,2741,4
66,2742,2
66,2743,1
66,2745,2
66,2746,2
66,2748,3
66,2749,1
66,2750,4
66,2751,2
66,2753,2
66,2754,2
66,2756,2
66,2757,2
66,2758,2
66,2759,3
66,2760,2
66,2761,2
66,2762,2
66,2763,4
66,2765,2
66,2766,3
66,2767,3
67,2788,2
67,2789,2
67,2790,2
67,2792,3
68,2793,3
68,2794,1
68,2795,3
68,2796,3
68,2798,1
68,2799,2
68,2800,4
68,2801,2
68,2802,3
68,2803,3
68,2804,4
68,2805,1
68,2806,4
68,2807,2
68,2808,3
68,2809,3
68,2810,2
68,2811,4
68,2812,4
68,2813,2
68,2814,2
68,2815,3
68,2816,3
68,2817,1
68,2818,4
68,2819,2
68,2822,1
68,2823,2
68,2824,3
68,2825,2
68,2826,3
68,2827,2
68,2828,2
68,2829,2
68,2831,3
68,2832,2
68,2833,3
68,2834,2
68,2835,3
68,2836,3
68,2837,4
68,2838,2
68,2839,4
68,2840,4
68,2841,2
68,2842,3
68,2843,2
68,2844,3
68,2845,3
68,2846,2
68,2848,2
68,2849,3
70,2863,3
70,2864,2
70,2865,4
70,2867,2
70,2868,4
70,2869,2
70,2870,4
70,2871,1
70,2873,1
70,2874,3
70,2875,1
70,2876,3
70,2879,1
70,2880,2
70,2881,2
70,2882,3
70,2883,2
70,2885,2
70,2886,3
70,2887,2
70,2888,3
70,2889,2
70,2890,3
70,2891,2
70,2892,2
70,2893,3
70,2894,3
70,2895,2
70,2896,2
70,2897,3
70,2898,3
77,3017,3
77,3018,2
77,3019,2
77,3021,2
77,3022,1
77,3023,2
77,3024,3
77,3026,3
77,3027,2
77,3028,2
77,3029,2
77,3030,3
77,3031,2
77,3032,3
77,3033,2
77,3034,2
77,3035,1
77,3036,1
77,3037,1
77,3038,2
77,3039,2
77,3040,4
77,3042,2
77,3043,2
77,3044,2
77,3045,2
77,3046,3
77,3048,2
77,3049,3
77,3050,3
77,3052,2
77,3053,2
77,3054,3
77,3055,2
77,3056,2
77,3057,3
77,3058,3
77,3059,4
77,3060,2
77,3061,3
77,3062,2
83,3263,2
83,3264,2
83,3266,4
83,3268,4
83,3269,1
83,3270,4
83,3271,2
83,3272,3
83,3273,3
83,3274,1
83,3275,2
83,3278,4
83,3279,4
83,3280,2
83,3281,3
83,3282,1
83,3283,2
83,3285,2
83,3286,2
83,3287,1
83,3288,1
83,3289,1
83,3290,2
83,3291,4
83,3292,2
83,3293,2
83,3294,2
83,3295,2
83,3296,2
83,3297,2
83,3298,4
83,3299,2
83,3300,2
83,3301,2
83,3302,2
83,3303,2
87,3370,4
87,3371,2
87,3372,2
87,3374,2
87,3375,2
87,3376,1
87,3377,3
87,3378,2
87,3379,2
87,3380,4
87,3381,4
87,3382,2
87,3383,2
87,3384,4
87,3385,2
87,3386,2
87,3387,3
87,3388,4
87,3389,2
87,3390,3
87,3391,2
87,3392,2
87,3393,2
87,3394,3
87,3395,2
87,3396,2
87,3397,3
87,3398,2
87,3399,3
94,3644,4
94,3646,1
94,3647,1
94,3649,2
94,3651,3
94,3652,2
94,3655,3
94,3656,4
94,3657,2
94,3658,4
94,3659,1
94,3660,4
94,3661,2
94,3663,2
94,3664,1
94,3665,2
94,3667,2
94,3670,2
94,3672,2
96,3723,4
96,3724,3
96,3725,1
96,3726,2
96,3727,2
96,3728,2
96,3729,3
96,3730,2
96,3731,2
96,3732,3
96,3733,4
96,3734,2
96,3735,1
96,3737,1
96,3738,1
96,3739,4
96,3740,1
96,3741,1
96,3742,1
96,3743,1
96,3744,2
96,3745,2
96,3746,2
96,3747,3
96,3748,2
96,3749,2
96,3750,2
96,3751,4
96,3752,4
96,3753,2
105,3972,1
105,3973,4
105,3974,2
105,3975,4
105,3977,3
105,3979,2
105,3981,3
105,3982,3
105,3983,4
105,3984,2
105,3985,2
105,3986,2
105,3987,2
105,3989,3
105,3990,2
105,3991,2
105,3993,2
105,3994,2
105,3995,2
105,3996,3
105,3997,1
105,3999,2
105,4000,4
105,4001,2
105,4002,2
105,4004,3
105,4005,2
105,4006,2
105,4008,2
105,4009,2
105,4010,3
105,4011,2
105,4012,2
105,4013,4
105,4014,4
105,4020,3
105,4022,2
105,4023,4
105,4024,4
105,4025,2
105,4026,2
105,4027,4
106,4041,2
106,4042,4
106,4043,3
106,4045,2
106,4046,2
106,4047,3
106,4048,3
106,4049,2
106,4050,3
106,4051,2
106,4052,2
106,4053,2
106,4055,2
106,4056,2
106,4057,2
106,4058,3
106,4059,2
106,4060,2
107,4069,3
107,4070,4
107,4071,2
107,4072,4
107,4073,1
107,4074,1
107,4075,4
107,4076,1
107,4077,1
107,4078,3
107,4079,1
107,4080,1
107,4081,3
107,4082,1
107,4083,4
107,4084,4
107,4085,1
107,4086,2
107,4087,4
107,4089,3
107,4090,3
107,4091,3
107,4092,4
107,4095,3
107,4096,2
107,4099,4
107,4100,1
107,4101,2
107,4104,2
107,4105,3
107,4106,1
107,4108,4
107,4109,3
107,4112,2
107,4113,3
107,4114,4
107,4116,3
107,4117,1
107,4118,3
107,4119,3
107,4120,1
107,4121,4
107,4122,1
107,4123,4
107,4124,3
107,4125,1
107,4126,3
107,4127,3
107,4128,1
107,4129,2
107,4130,2
107,4132,2
107,4133,3
107,4134,2
107,4135,2
107,4137,3
107,4138,2
107,4140,2
107,4143,2
107,4144,3
107,4145,2
107,4149,2
107,4150,3
107,4153,2
107,4154,3
107,4155,4
107,4156,2
107,4159,3
107,4161,2
107,4162,4
107,4165,4
107,4166,4
107,4168,2
107,4169,3
108,4201,3
108,4205,1
108,4206,3
108,4207,2
108,4208,4
108,4210,2
108,4211,1
108,4212,2
108,4213,3
108,4214,3
108,4215,2
108,4216,2
108,4217,3
108,4218,3
108,4220,4
108,4221,3
108,4222,1
108,4223,2
108,4224,3
108,4225,1
108,4226,2
108,4227,2
108,4228,2
108,4229,2
108,4230,2
108,4231,2
108,4232,2
108,4234,2
108,4235,2
108,4238,2
108,4239,4
108,4240,2
108,4241,2
108,4242,2
108,4243,2
108,4244,2
108,4245,2
111,4276,3
111,4277,3
111,4278,4
111,4279,4
111,4280,3
111,4281,1
111,4282,2
111,4283,4
111,4284,1
111,4285,4
111,4286,2
111,4287,1
111,4288,1
111,4289,3
111,4291,3
111,4292,1
111,4293,3
111,4294,3
111,4296,1
111,4297,1
111,4298,4
111,4299,2
111,4300,2
111,4301,4
111,4302,3
111,4303,4
111,4304,3
111,4305,4
111,4306,1
111,4307,2
111,4308,4
111,4309,4
111,4311,3
111,4312,2
111,4317,2
111,4318,3
111,4319,4
111,4320,4
111,4321,1
111,4322,1
111,4323,3
111,4324,2
111,4325,1
111,4326,3
111,4327,2
111,4328,1
111,4330,4
111,4331,2
111,4332,3
111,4334,3
111,4335,4
111,4336,2
111,4337,3
111,4338,2
111,4339,3
111,4340,2
111,4342,2
111,4345,3
111,4346,3
111,4347,1
111,4348,4
111,4349,2
111,4350,3
111,4351,4
111,4352,2
111,4353,3
111,4354,2
111,4355,3
111,4357,3
111,4358,4
111,4359,1
111,4360,2
111,4361,2
111,4362,3
111,4364,4
111,4365,2
111,4366,2
111,4367,2
117,4501,4
117,4503,1
117,4504,3
117,4506,3
117,4507,2
117,4508,3
117,4509,3
117,4510,2
117,4511,2
117,4512,2
117,4513,2
117,4514,3
117,4515,2
117,4516,2
117,4517,4
117,4518,2
117,4519,4
117,4520,2
117,4521,2
117,4522,2
117,4523,4
117,4524,3
119,4557,3
119,4558,3
119,4559,4
119,4561,1
119,4563,2
119,4564,4
119,4565,1
119,4566,3
119,4567,2
119,4569,2
119,4570,2
119,4572,2
119,4573,2
119,4574,3
119,4575,1
119,4576,2
119,4578,4
119,4579,2
119,4580,2
119,4581,1
119,4582,2
119,4584,3
119,4585,2
119,4587,2
119,4589,4
119,4590,4
119,4591,2
119,4592,2
119,4593,4
119,4594,3
119,4595,2
119,4596,4
119,4599,2
122,4615,3
122,4616,3
122,4618,3
122,4619,4
122,4620,4
122,4623,2
122,4624,3
122,4626,2
122,4628,4
122,4629,2
122,4630,4
122,4631,4
122,4634,2
122,4635,3
122,4637,2
122,4638,2
122,4639,4
122,4640,1
122,4641,4
122,4642,3
122,4643,2
122,4644,4
122,4645,4
122,4647,1
122,4648,1
122,4649,4
122,4650,2
122,4652,3
122,4653,2
122,4654,4
122,4655,3
122,4656,3
122,4657,2
122,4658,3
122,4659,2
122,4660,3
122,4662,4
122,4663,2
122,4664,3
122,4665,1
122,4666,3
122,4667,4
122,4668,4
122,4670,2
122,4671,2
122,4672,3
122,4673,3
122,4674,3
122,4675,4
122,4676,2
122,4677,3
122,4678,3
123,4702,3
123,4703,3
123,4704,1
123,4705,3
123,4706,4
123,4708,3
123,4709,2
123,4711,2
123,4712,3
123,4713,3
123,4714,4
123,4715,1
123,4716,2
123,4718,2
123,4719,2
123,4720,2
123,4722,2
123,4724,2
123,4726,2
123,4728,2
123,4729,4
123,4730,4
123,4731,2
123,4732,2
123,4733,2
123,4734,1
123,4735,3
123,4736,3
123,4737,3
123,4738,2
123,4739,2
123,4740,2
123,4741,2
123,4742,2
123,4743,3
123,4744,3
130,4958,3
130,4959,3
130,4960,3
130,4962,2
130,4963,3
130,4964,2
130,4965,1
130,4967,3
130,4968,3
130,4969,4
130,4970,4
130,4971,4
130,4972,4
130,4973,4
130,4974,4
130,4975,1
130,4976,2
130,4977,3
130,4978,4
130,4979,3
130,4980,4
130,4981,3
130,4982,3
130,4983,2
130,4984,1
130,4985,1
130,4986,1
130,4987,1
130,4989,4
130,4990,3
130,4992,1
130,4993,2
130,4994,3
130,4995,1
130,4996,2
130,4997,2
130,4998,3
130,4999,3
130,5000,3
130,5001,3
130,5003,2
130,5004,3
130,5005,4
130,5006,4
130,5007,2
130,5008,3
130,5009,2
130,5010,3
130,5011,3
130,5012,3
130,5013,3
130,5015,2
130,5016,2
130,5018,2
132,5030,3
132,5031,2
132,5033,2
132,5034,4
132,5035,2
132,5036,2
132,5037,4
132,5038,2
132,5039,2
132,5041,2
132,5043,2
132,5046,4
132,5047,3
132,5048,4
132,5049,3
132,5050,1
132,5051,2
132,5052,1
132,5053,2
132,5054,2
132,5055,3
132,5057,2
132,5060,2
132,5061,2
132,5063,2
132,5065,2
134,5110,4
134,5111,1
134,5112,1
134,5113,2
134,5114,3
134,5116,1
134,5117,3
134,5118,4
134,5120,4
134,5121,4
134,5122,3
134,5123,3
134,5126,1
134,5127,2
134,5128,3
134,5129,1
134,5130,4
134,5131,2
134,5132,3
134,5133,4
134,5134,1
134,5135,2
134,5136,2
134,5137,2
134,5138,4
134,5140,2
134,5143,4
134,5145,4
134,5146,2
134,5147,2
134,5148,2
134,5151,4
134,5152,2
134,5153,2
134,5154,2
134,5155,3
134,5156,2
134,5159,3
134,5160,3
134,5161,2
134,5162,2
134,5163,3
134,5164,3
134,5165,2
134,5166,2
134,5167,3
134,5168,3
134,5170,2
134,5171,3
134,5173,3
135,5195,3
135,5196,3
135,5198,3
135,5199,1
135,5200,3
135,5201,4
135,5202,2
135,5203,3
135,5204,3
135,5205,1
135,5206,2
135,5207,3
135,5209,1
135,5210,4
135,5212,4
135,5214,4
135,5215,2
135,5216,3
135,5217,3
135,5218,3
135,5221,4
135,5225,2
135,5226,4
135,5228,4
135,5230,3
135,5232,2
135,5233,4
135,5234,4
135,5236,4
135,5237,3
135,5239,3
135,5240,3
135,5241,4
135,5242,2
135,5245,4
135,5248,4
135,5249,2
135,5252,4
135,5253,2
135,5254,3
135,5256,4
135,5259,1
135,5261,2
135,5262,4
135,5263,3
135,5264,3
135,5266,4
135,5268,2
135,5269,2
135,5270,3
135,5273,3
135,5274,4
135,5276,2
135,5277,3
135,5278,3
135,5279,4
135,5281,2
135,5282,2
135,5283,3
136,5292,1
136,5293,4
136,5296,3
136,5298,2
136,5299,4
136,5300,4
136,5301,4
136,5302,1
136,5303,1
136,5304,2
136,5305,3
136,5306,1
136,5307,3
136,5309,4
136,5310,3
136,5315,4
136,5316,4
136,5317,2
136,5319,3
136,5320,2
136,5321,4
136,5324,2
136,5325,3
136,5326,2
136,5327,4
136,5328,2
136,5329,1
136,5330,1
136,5331,2
136,5332,4
136,5333,2
136,5334,3
136,5336,1
136,5338,1
136,5339,4
136,5340,2
136,5341,2
136,5342,4
136,5344,2
136,5345,3
136,5346,4
136,5347,2
136,5348,4
136,5350,3
136,5352,2
136,5353,2
136,5354,3
136,5355,2
136,5356,3
136,5358,2
136,5359,3
136,5360,3
136,5362,3
136,5364,2
136,5365,2
136,5366,3
136,5367,3
136,5369,2
136,5370,2
136,5371,3
136,5372,2
136,5375,2
137,5390,3
137,5391,3
137,5392,1
137,5393,4
137,5394,1
137,5396,1
137,5397,3
137,5398,1
137,5399,1
137,5400,4
137,5403,3
137,5404,4
137,5405,4
137,5406,4
137,5407,2
137,5408,4
137,5409,4
137,5410,2
137,5412,4
137,5413,3
137,5414,3
137,5415,1
137,5416,1
137,5417,4
137,5419,4
137,5420,3
137,5421,2
137,5422,2
137,5423,2
137,5424,2
137,5425,1
137,5426,1
137,5427,2
137,5428,2
137,5431,4
137,5432,2
137,5434,4
137,5435,3
137,5436,2
137,5437,4
137,5441,4
137,5443,3
137,5444,1
137,5446,2
137,5448,3
137,5449,3
137,5450,3
137,5451,3
137,5453,2
137,5454,3
137,5455,3
137,5457,2
137,5458,4
137,5459,2
137,5460,3
137,5461,3
137,5465,3
137,5466,3
137,5469,2
139,5510,4
139,5511,2
139,5512,1
139,5513,4
139,5514,1
139,5515,2
139,5516,2
139,5517,3
139,5518,1
139,5520,4
139,5521,2
139,5523,4
139,5524,2
139,5525,2
139,5526,3
139,5529,2
139,5531,3
139,5532,4
139,5533,4
139,5534,1
139,5535,2
139,5536,4
139,5537,2
139,5538,1
139,5539,2
139,5540,2
139,5541,3
139,5542,4
139,5543,2
139,5544,2
139,5545,4
139,5546,1
139,5547,1
139,5548,3
139,5550,2
139,5551,2
139,5554,1
139,5555,2
139,5556,3
139,5557,3
139,5559,3
139,5560,3
139,5561,3
139,5562,3
139,5563,4
139,5564,2
139,5566,2
139,5567,4
139,5568,3
139,5569,1
139,5570,1
139,5571,2
139,5572,3
139,5573,3
139,5574,2
139,5575,1
139,5576,3
139,5577,2
139,5578,3
139,5580,1
139,5581,4
139,5582,3
139,5583,1
139,5584,3
142,5653,3
142,5654,4
142,5655,2
142,5657,3
142,5658,2
142,5659,2
142,5660,2
142,5661,3
142,5662,3
142,5663,4
142,5664,2
142,5665,3
142,5666,2
142,5667,3
142,5668,2
142,5669,3
142,5670,1
142,5671,4
142,5672,2
142,5673,4
142,5675,4
142,5676,4
142,5678,2
142,5679,4
142,5681,4
142,5682,3
142,5683,2
142,5684,4
142,5685,4
142,5686,2
142,5687,2
142,5688,4
142,5689,4
142,5690,2
142,5691,3
142,5692,3
142,5693,3
142,5694,3
142,5695,3
142,5696,2
142,5697,4
142,5698,3
142,5699,3
142,5700,3
142,5701,2
142,5702,3
142,5703,3
142,5704,3
142,5705,2
142,5706,2
142,5707,2
142,5708,3
142,5709,2
142,5710,3
142,5711,3
142,5712,3
142,5713,3
142,5714,3
142,5715,3
144,5729,3
144,5731,3
144,5733,3
144,5734,3
144,5735,1
144,5736,1
144,5737,2
144,5738,1
144,5739,3
144,5740,1
144,5741,4
144,5742,3
144,5745,2
144,5748,2
144,5749,3
144,5750,3
144,5751,3
144,5754,4
144,5755,3
144,5757,2
144,5758,3
144,5759,3
144,5760,4
144,5761,4
144,5763,3
144,5764,3
144,5765,3
144,5766,4
144,5767,3
144,5768,1
144,5769,1
144,5770,1
144,5771,2
144,5772,2
144,5773,2
144,5774,3
144,5775,2
144,5776,3
144,5777,2
144,5778,2
144,5782,2
144,5784,3
144,5785,2
144,5786,4
144,5788,2
144,5789,2
144,5790,2
144,5791,2
144,5792,3
144,5793,2
144,5794,4
144,5795,2
144,5796,4
146,5817,3
146,5819,1
146,5820,3
146,5821,3
146,5822,4
146,5823,1
146,5824,1
146,5825,1
146,5826,1
146,5827,1
146,5828,1
146,5829,1
146,5831,1
146,5832,3
146,5833,1
146,5834,1
146,5835,4
146,5836,3
146,5838,1
146,5839,1
146,5840,3
146,5841,1
146,5842,1
146,5843,1
146,5844,4
146,5845,1
146,5846,1
146,5849,1
146,5851,3
146,5852,1
146,5853,3
146,5854,1
146,5855,1
146,5856,3
146,5857,1
146,5858,3
146,5859,1
146,5861,1
146,5862,1
146,5863,2
146,5864,1
146,5866,1
146,5867,3
146,5868,1
146,5870,1
146,5871,1
146,5872,1
146,5873,2
146,5874,3
146,5875,4
146,5876,3
146,5879,1
146,5880,2
146,5881,3
146,5882,3
146,5883,3
146,5884,3
146,5885,3
146,5886,3
146,5888,3
146,5889,3
146,5890,1
146,5891,2
146,5893,3
146,5894,3
146,5895,1
146,5896,3
146,5897,2
146,5898,3
146,5900,3
146,5902,3
146,5903,3
146,5904,2
146,5905,3
146,5907,3
146,5908,3
146,5909,3
146,5911,1
146,5912,1
146,5913,3
146,5914,3
146,5916,3
146,5917,3
146,5918,3
146,5919,2
146,5920,3
146,5921,1
146,5922,3
146,5923,3
146,5924,3
146,5925,2
147,5937,3
147,5938,2
147,5941,4
147,5942,1
147,5943,2
147,5944,1
147,5945,3
147,5947,1
147,5948,1
147,5949,1
147,5950,2
147,5952,1
147,5953,4
147,5955,2
147,5956,1
147,5957,1
147,5958,4
147,5959,3
147,5960,2
147,5963,2
147,5965,4
147,5966,2
147,5967,4
147,5969,4
147,5970,2
147,5971,1
147,5972,2
147,5973,1
147,5975,1
147,5976,2
147,5977,3
147,5980,4
147,5981,1
147,5983,3
147,5984,4
147,5985,2
148,5998,4
148,5999,3
148,6000,1
148,6001,1
148,6002,3
148,6003,3
148,6004,2
148,6006,1
148,6007,4
148,6008,4
148,6010,2
148,6012,1
148,6014,1
148,6015,4
148,6016,2
148,6017,3
148,6018,3
148,6019,3
148,6020,1
148,6021,2
148,6022,3
148,6024,3
148,6025,1
148,6026,2
148,6027,3
148,6028,3
148,6029,3
148,6030,2
148,6031,3
148,6032,2
148,6034,3
148,6035,2
148,6036,2
148,6037,4
148,6038,2
148,6039,2
148,6040,2
148,6041,3
148,6042,2
148,6043,3
148,6044,2
148,6045,3
148,6046,3
148,6048,2
148,6049,3
148,6050,2
149,6057,3
149,6058,3
149,6059,3
149,6060,3
149,6064,3
149,6065,1
149,6066,3
149,6067,2
149,6071,3
149,6072,2
149,6073,2
149,6074,2
149,6075,3
149,6076,4
149,6077,4
149,6079,2
149,6080,4
149,6081,3
149,6082,4
149,6083,3
149,6084,3
149,6085,2
149,6086,2
149,6087,1
149,6088,3
149,6089,1
149,6090,2
149,6091,1
149,6092,2
149,6094,2
149,6095,4
149,6097,2
149,6098,1
149,6099,1
149,6100,1
149,6102,2
149,6103,2
149,6104,2
149,6105,4
149,6106,4
149,6107,4
149,6108,2
149,6109,2
149,6111,3
149,6112,2
149,6113,2
149,6114,3
149,6115,2
149,6116,2
149,6117,4
149,6118,2
149,6119,3
149,6120,3
149,6121,2
149,6122,2
149,6123,2
149,6124,2
149,6125,2
151,6171,1
151,6172,3
151,6173,2
151,6174,3
151,6175,2
151,6177,3
151,6178,1
151,6179,2
151,6181,3
151,6182,2
151,6183,3
151,6185,3
151,6187,2
151,6189,3
151,6190,2
151,6191,3
151,6192,2
151,6193,1
151,6194,1
151,6196,3
151,6197,1
151,6198,2
151,6199,3
151,6200,1
151,6201,2
151,6202,2
151,6203,3
151,6204,2
151,6205,3
151,6206,2
151,6207,3
151,6208,2
151,6209,3
151,6211,2
151,6212,3
151,6214,3
151,6215,3
151,6218,2
151,6221,2
151,6222,4
151,6223,1
151,6226,2
151,6227,1
151,6229,2
151,6231,3
151,6232,4
151,6233,1
151,6234,1
151,6235,2
151,6236,2
151,6238,1
151,6239,2
151,6240,1
152,6250,3
152,6251,1
152,6252,4
152,6253,2
152,6254,1
152,6255,1
152,6256,1
152,6257,2
152,6259,2
152,6260,2
152,6261,2
152,6262,2
152,6265,3
152,6266,2
152,6267,2
152,6268,2
152,6269,2
152,6270,2
152,6272,2
152,6273,2
152,6274,2
152,6275,2
152,6277,2
152,6278,3
152,6279,3
152,6280,2
152,6281,3
152,6282,2
152,6283,2
152,6285,3
152,6286,3
152,6287,2
152,6288,2
152,6289,3
152,6290,2
152,6291,2
152,6292,3
160,6664,2
160,6665,1
160,6666,3
160,6667,2
160,6668,3
160,6669,1
160,6670,4
160,6672,4
160,6673,2
160,6674,2
160,6676,3
160,6678,4
160,6679,4
160,6680,2
160,6682,4
160,6683,3
160,6684,2
160,6685,3
160,6686,3
160,6687,3
160,6688,3
160,6689,2
160,6690,3
160,6691,3
160,6692,4
160,6694,3
160,6695,2
160,6696,2
160,6698,2
160,6699,2
160,6700,3
160,6701,4
160,6703,2
160,6704,2
160,6706,3
160,6707,3
160,6709,4
160,6710,2
160,6711,3
160,6714,4
160,6716,2
160,6717,4
160,6718,2
160,6719,3
160,6720,2
160,6723,2
160,6724,2
160,6725,3
160,6726,2
160,6727,2
160,6729,2
164,6819,1
164,6822,2
164,6823,2
164,6824,4
164,6825,4
164,6826,2
164,6827,2
164,6828,4
164,6829,2
164,6831,2
164,6833,4
164,6834,3
164,6835,3
164,6836,2
164,6837,3
164,6839,1
164,6840,4
164,6842,2
164,6843,3
164,6844,4
164,6845,3
164,6846,2
164,6847,2
164,6848,3
164,6849,3
164,6850,3
164,6851,2
164,6852,3
164,6855,2
164,6856,3
164,6857,3
164,6858,2
164,6859,1
164,6861,3
164,6862,2
165,6885,2
165,6887,2
165,6888,3
165,6891,4
165,6892,4
165,6893,1
165,6894,2
165,6896,2
165,6898,1
165,6900,2
165,6901,2
165,6902,2
165,6903,2
165,6905,2
165,6906,2
165,6908,2
165,6909,2
165,6910,3
165,6913,2
166,6920,3
166,6921,3
166,6922,3
166,6924,2
166,6925,3
166,6926,3
166,6927,3
166,6929,4
166,6930,4
166,6931,1
166,6932,2
166,6933,2
166,6934,4
166,6935,1
166,6936,2
166,6937,3
166,6940,4
166,6941,4
166,6942,2
166,6943,3
166,6944,2
166,6945,4
166,6946,3
166,6947,1
166,6948,1
166,6950,1
166,6951,1
166,6952,3
166,6953,1
166,6954,2
166,6955,3
166,6956,1
166,6957,1
166,6958,3
166,6959,1
166,6961,1
166,6962,1
166,6963,1
166,6964,1
166,6965,1
166,6966,1
166,6967,1
166,6969,2
166,6970,4
166,6972,1
166,6974,4
166,6975,3
166,6976,4
166,6977,2
166,6978,3
166,6979,1
166,6980,3
166,6981,1
166,6982,1
166,6983,2
166,6984,3
166,6986,4
166,6987,2
167,7014,3
167,7015,3
167,7017,2
167,7018,3
167,7019,1
167,7020,2
167,7021,3
167,7022,3
167,7023,2
167,7024,3
167,7026,4
167,7027,2
167,7028,2
167,7029,3
167,7030,3
167,7031,1
167,7032,3
167,7033,1
167,7034,1
167,7035,2
167,7036,1
167,7037,2
167,7039,2
167,7040,2
167,7041,2
167,7042,2
167,7043,2
167,7044,4
167,7045,2
167,7046,2
167,7048,2
167,7049,2
167,7050,3
167,7051,3
167,7053,4
167,7054,2
169,7060,3
169,7063,4
169,7064,1
169,7065,1
169,7066,2
169,7067,3
169,7069,4
169,7070,3
169,7071,1
169,7072,3
169,7073,4
169,7074,1
169,7075,4
169,7076,3
169,7077,3
169,7083,4
169,7084,4
169,7085,3
169,7088,2
169,7089,4
169,7091,4
169,7092,4
169,7093,4
169,7094,3
169,7095,2
169,7096,2
169,7099,2
169,7102,2
169,7103,4
172,7134,4
172,7135,1
172,7136,3
172,7138,3
172,7140,1
172,7141,4
172,7142,2
172,7143,1
172,7144,4
172,7146,2
172,7147,3
172,7148,2
172,7149,3
172,7150,4
172,7151,4
172,7152,3
172,7153,4
172,7154,3
172,7156,1
172,7157,2
172,7158,2
172,7159,3
172,7160,4
172,7161,1
172,7162,1
172,7163,2
172,7164,2
172,7165,3
172,7166,2
172,7167,3
172,7168,3
172,7169,3
172,7172,3
172,7173,4
172,7174,1
172,7175,4
172,7176,2
172,7177,2
172,7179,2
172,7180,1
172,7181,1
172,7182,3
172,7183,3
172,7184,3
172,7185,3
172,7187,3
172,7188,1
172,7189,3
172,7190,1
172,7191,3
172,7192,4
172,7193,2
172,7194,1
172,7196,3
172,7198,3
172,7200,3
172,7201,3
172,7202,3
172,7203,2
172,7204,3
172,7205,3
172,7206,3
172,7207,3
172,7208,4
172,7209,3
172,7210,4
172,7211,3
172,7212,3
172,7213,2
172,7214,3
172,7215,2
172,7216,1
172,7217,3
172,7218,2
172,7219,3
172,7220,3
172,7221,2
172,7222,4
172,7223,3
172,7224,3
172,7225,3
172,7226,1
172,7228,4
172,7229,4
172,7232,3
172,7233,2
172,7234,2
172,7235,3
172,7236,2
172,7237,2
172,7239,3
172,7240,3
172,7242,3
172,7243,4
172,7244,3
172,7245,1
172,7246,2
172,7247,2
172,7248,3
172,7249,4
172,7251,2
172,7252,1
172,7253,3
172,7254,3
174,7267,1
174,7268,2
174,7269,3
174,7270,2
174,7271,2
174,7272,3
174,7273,2
174,7274,3
174,7275,2
174,7276,2
174,7279,3
174,7280,2
174,7281,2
174,7282,3
174,7283,3
174,7284,2
174,7286,3
174,7287,2
174,7288,2
174,7290,2
174,7291,2
174,7294,4
174,7295,4
174,7296,2
174,7297,2
174,7298,2
174,7299,2
174,7300,3
174,7302,2
174,7303,2
174,7305,2
174,7306,4
177,7387,3
177,7390,3
177,7391,3
177,7392,3
177,7393,2
177,7394,3
177,7395,3
177,7396,3
177,7397,2
177,7399,2
177,7401,3
177,7402,2
177,7403,2
177,7404,4
177,7405,4
177,7406,3
177,7408,3
177,7411,3
177,7413,2
177,7415,2
177,7417,3
177,7418,3
177,7419,3
177,7420,3
177,7422,1
177,7424,3
177,7425,3
177,7427,4
177,7428,3
177,7429,2
177,7430,1
177,7431,1
177,7432,1
177,7434,2
177,7436,4
177,7437,2
177,7438,2
177,7439,2
177,7440,3
177,7441,3
177,7442,2
177,7443,3
177,7444,2
177,7445,3
177,7446,3
178,7478,3
178,7479,2
178,7480,3
178,7481,3
178,7482,3
178,7483,2
178,7484,2
178,7485,1
178,7486,2
178,7487,2
178,7488,3
178,7489,2
178,7490,3
178,7491,4
178,7492,2
178,7493,3
178,7494,3
178,7495,3
178,7496,1
178,7497,3
178,7498,2
178,7499,3
178,7500,2
178,7501,2
178,7502,3
178,7503,2
178,7504,3
178,7505,3
178,7506,2
178,7507,2
178,7508,2
178,7509,2
178,7510,2
178,7511,3
184,7807,3
184,7808,3
184,7809,2
184,7810,2
184,7811,3
184,7812,4
184,7813,2
184,7814,3
184,7815,2
184,7816,3
184,7817,3
184,7818,2
184,7819,2
184,7820,2
184,7821,2
184,7822,3
184,7823,2
184,7824,2
184,7825,3
184,7826,4
184,7827,4
184,7828,2
184,7829,1
184,7831,2
184,7832,3
184,7835,2
184,7837,2
184,7838,2
184,7839,3
184,7840,3
184,7841,2
184,7842,3
184,7844,2
184,7845,4
184,7846,1
184,7847,3
184,7849,3
184,7850,2
184,7853,1
184,7854,2
184,7855,3
184,7856,2
184,7857,2
184,7858,2
185,7867,4
185,7868,3
185,7870,3
185,7871,2
185,7873,2
185,7875,1
185,7877,2
185,7879,4
185,7880,3
185,7881,3
185,7882,3
185,7883,4
185,7884,4
185,7885,4
185,7887,3
185,7889,4
185,7890,2
185,7891,3
185,7892,2
185,7893,2
185,7894,3
185,7895,2
185,7896,3
185,7897,4
185,7898,4
185,7899,4
185,7900,3
185,7901,4
185,7902,2
185,7905,2
185,7906,3
185,7907,2
185,7909,2
185,7910,2
185,7911,4
185,7912,3
185,7913,4
185,7914,2
185,7915,3
185,7916,2
185,7917,2
185,7918,2
185,7919,2
186,7927,4
186,7928,3
186,7930,2
186,7931,2
186,7932,2
186,7933,2
186,7934,2
186,7935,2
186,7936,3
186,7937,2
186,7938,2
186,7939,4
186,7941,2
186,7943,2
186,7944,2
186,7945,2
186,7946,3
186,7947,2
186,7948,2
186,7949,2
186,7950,2
187,7957,3
187,7958,4
187,7959,2
187,7960,2
187,7961,3
187,7962,1
187,7964,2
187,7965,1
187,7966,2
187,7967,1
187,7968,2
187,7969,1
187,7970,3
187,7971,2
187,7972,3
187,7973,2
187,7974,3
187,7976,1
187,7977,2
187,7978,3
187,7979,4
187,7980,2
187,7981,2
187,7982,2
187,7983,2
187,7984,3
187,7985,3
187,7986,2
187,7987,4
187,7988,2
187,7989,2
187,7991,2
187,7992,2
187,7993,3
187,7994,3
187,7995,3
187,7996,2
187,7997,2
188,7999,1
188,8000,3
188,8001,2
188,8002,3
188,8004,2
188,8005,1
188,8006,3
188,8007,1
188,8008,2
188,8010,2
188,8011,3
188,8012,2
188,8013,3
188,8014,2
188,8015,2
188,8016,2
188,8017,3
188,8018,3
188,8019,2
188,8020,3
188,8022,1
188,8023,2
188,8026,2
188,8028,2
188,8029,4
188,8030,1
188,8031,2
188,8032,2
188,8033,3
188,8034,3
188,8036,3
188,8037,2
188,8038,2
188,8039,3
188,8040,4
188,8041,4
188,8042,4
188,8043,1
188,8044,2
188,8046,3
188,8047,2
188,8048,3
188,8049,2
188,8050,3
188,8051,3
188,8052,3
188,8053,2
188,8054,3
188,8055,3
188,8056,4
191,8195,3
191,8198,2
191,8199,2
191,8201,2
191,8202,2
191,8203,3
191,8204,2
191,8205,4
191,8206,2
191,8207,3
191,8208,2
191,8210,1
191,8211,2
191,8212,1
191,8213,1
191,8214,3
191,8215,2
191,8216,2
191,8217,2
191,8218,2
191,8219,2
191,8221,2
191,8223,2
191,8225,3
191,8226,2
191,8227,2
191,8228,2
191,8229,3
191,8230,3
195,8439,3
195,8441,3
195,8442,1
195,8444,3
195,8445,3
195,8446,3
195,8448,4
195,8449,4
195,8450,2
195,8451,3
195,8454,2
195,8455,4
195,8456,2
195,8458,4
195,8459,2
195,8460,3
195,8461,2
195,8462,1
195,8463,4
195,8464,3
195,8465,1
195,8466,2
195,8467,1
195,8469,1
195,8470,3
195,8471,4
195,8472,1
195,8473,4
195,8474,4
195,8476,3
195,8477,3
195,8478,3
195,8479,2
195,8480,4
195,8483,2
195,8484,4
195,8486,2
195,8487,4
195,8488,2
195,8490,4
195,8493,2
195,8494,2
195,8496,2
195,8497,3
195,8498,4
195,8499,1
195,8500,2
195,8501,1
195,8503,3
196,8519,3
196,8522,4
196,8523,1
196,8524,2
196,8526,3
196,8529,4
196,8533,3
196,8534,2
196,8535,2
196,8536,4
196,8537,4
196,8538,2
196,8539,3
196,8540,1
196,8541,2
196,8542,1
196,8543,1
196,8544,2
196,8545,1
196,8546,2
196,8547,2
196,8548,2
196,8549,4
196,8550,3
196,8551,2
196,8552,4
196,8553,4
196,8554,2
196,8555,2
196,8556,4
196,8557,4
196,8558,2
196,8559,2
196,8560,2
196,8561,4
196,8562,2
196,8563,2
196,8564,4
196,8565,2
198,8599,3
198,8601,3
198,8602,2
198,8605,3
198,8606,2
198,8607,2
198,8611,1
198,8613,2
198,8614,2
198,8615,2
198,8616,2
198,8617,1
198,8619,2
198,8620,3
198,8621,2
198,8624,2
198,8625,2
198,8626,4
198,8627,2
198,8628,2
198,8629,2
198,8631,2
198,8632,2
198,8634,2
198,8635,2
200,8672,4
200,8674,2
200,8675,4
200,8676,2
200,8677,3
200,8679,2
200,8680,2
200,8681,3
200,8682,2
200,8683,2
200,8684,2
200,8685,2
200,8686,3
200,8687,2
200,8688,2
200,8689,2
200,8690,2
200,8691,2
200,8692,2
200,8693,1
200,8694,3
200,8695,2
200,8696,2
200,8697,3
200,8698,4
200,8699,2
200,8700,4
200,8701,2
201,8707,4
201,8708,4
201,8709,1
201,8710,2
201,8711,4
201,8712,4
201,8715,2
201,8718,2
201,8719,2
201,8721,2
201,8724,3
201,8725,2
201,8726,3
201,8727,2
201,8729,2
201,8730,2
201,8731,2
201,8734,2
201,8735,2
201,8736,2
201,8737,2
201,8738,2
201,8739,2
201,8740,3
201,8741,2
201,8742,2
201,8743,3
202,8744,3
202,8745,2
202,8746,1
202,8748,4
202,8749,2
202,8750,3
202,8751,2
202,8753,4
202,8755,2
202,8756,2
202,8758,2
202,8759,3
202,8760,3
202,8761,2
202,8762,2
202,8763,3
202,8765,2
202,8766,2
202,8767,2
202,8768,2
202,8769,4
202,8770,4
202,8772,2
202,8773,2
202,8774,2
202,8775,2
202,8776,3
202,8777,2
202,8778,2
202,8779,3
202,8780,1
202,8781,2
202,8782,3
202,8783,4
202,8784,4
202,8785,4
202,8786,3
202,8787,2
202,8788,2
202,8789,2
202,8790,2
205,8819,3
205,8820,2
205,8821,2
205,8823,1
205,8824,2
205,8825,2
205,8826,3
205,8827,4
205,8829,4
205,8830,2
205,8832,2
205,8833,2
205,8836,1
205,8838,3
205,8839,2
205,8840,3
205,8841,4
205,8842,2
205,8843,2
205,8844,2
205,8845,2
205,8846,2
205,8847,3
205,8848,4
205,8849,4
205,8850,2
205,8851,2
205,8852,3
205,8853,3
205,8854,3
205,8855,3
205,8856,2
205,8857,2
205,8858,3
205,8860,2
205,8861,2
205,8862,3
208,9015,2
208,9016,1
208,9017,3
208,9018,1
208,9022,4
208,9024,3
208,9025,4
208,9026,1
208,9027,2
208,9029,3
208,9030,1
208,9031,2
208,9032,2
208,9033,1
208,9034,1
208,9036,4
208,9037,2
208,9038,4
208,9040,1
208,9043,3
208,9044,3
208,9046,2
208,9047,2
208,9049,3
208,9051,4
208,9052,4
208,9053,3
208,9055,3
208,9056,3
209,9069,1
209,9070,3
209,9073,4
209,9075,2
209,9076,4
209,9078,4
209,9079,2
209,9081,4
209,9082,3
209,9083,2
209,9084,3
209,9085,4
209,9086,3
209,9089,2
209,9091,2
209,9092,4
209,9094,2
209,9095,3
209,9096,2
209,9097,1
209,9098,4
209,9099,1
209,9100,2
209,9101,2
209,9103,2
209,9106,3
209,9107,4
209,9110,2
209,9111,2
209,9113,4
209,9114,4
209,9115,2
209,9118,1
209,9119,3
209,9120,2
213,9258,3
213,9259,1
213,9260,3
213,9261,3
213,9262,1
213,9263,4
213,9265,2
213,9266,2
213,9267,1
213,9269,3
213,9270,2
213,9271,2
213,9272,3
213,9274,4
213,9275,2
213,9277,2
213,9278,2
213,9279,4
213,9280,4
213,9281,2
213,9282,1
213,9283,3
213,9285,2
213,9286,3
213,9287,2
213,9288,2
213,9289,4
213,9290,2
213,9291,3
213,9292,2
213,9293,4
213,9294,2
213,9295,1
213,9296,2
213,9297,2
213,9298,3
213,9299,4
213,9300,2
213,9301,4
213,9303,3
213,9304,1
213,9305,1
213,9306,1
213,9307,2
213,9308,2
213,9311,4
213,9312,1
213,9313,3
213,9315,2
213,9316,3
213,9318,3
213,9319,2
213,9320,2
213,9321,2
213,9323,3
215,9349,1
215,9350,4
215,9351,3
215,9354,4
215,9355,4
215,9356,3
215,9358,2
215,9359,3
215,9361,2
215,9362,4
215,9363,4
215,9364,2
215,9365,3
215,9367,2
215,9368,4
215,9369,2
215,9370,3
215,9373,2
215,9374,2
215,9375,3
215,9377,1
215,9379,2
215,9380,2
215,9381,4
215,9382,3
215,9383,2
215,9384,4
215,9385,3
215,9386,3
215,9387,3
215,9388,3
215,9389,3
215,9391,3
215,9392,2
215,9394,2
215,9395,3
215,9396,3
215,9397,2
215,9398,4
215,9400,3
215,9402,2
215,9403,3
215,9404,3
217,9475,3
217,9476,3
217,9477,3
217,9478,3
217,9479,3
217,9481,3
217,9483,4
217,9484,1
217,9485,2
217,9486,2
217,9487,2
217,9488,4
217,9490,2
217,9491,2
217,9492,4
217,9493,3
217,9494,3
217,9495,3
217,9497,2
217,9498,4
217,9499,2
217,9501,4
217,9502,4
217,9504,4
217,9505,2
217,9506,4
217,9507,2
217,9508,3
217,9509,4
217,9510,2
217,9511,3
217,9512,2
217,9513,2
217,9514,2
217,9515,2
217,9516,1
217,9517,2
217,9518,4
217,9519,2
217,9520,2
217,9521,2
217,9522,2
217,9523,2
220,9603,3
220,9606,2
220,9607,4
220,9608,4
220,9609,4
220,9610,4
220,9611,2
220,9612,3
220,9613,4
220,9614,3
220,9615,2
220,9616,4
220,9618,4
220,9619,2
220,9620,4
220,9621,4
220,9622,3
220,9623,4
220,9624,3
220,9626,2
220,9627,3
220,9628,2
220,9629,3
220,9630,2
220,9631,2
220,9632,2
220,9633,4
220,9635,3
220,9637,3
220,9638,3
220,9640,3
220,9641,2
220,9645,4
220,9646,4
220,9648,2
220,9649,2
220,9650,3
220,9651,2
220,9652,4
220,9653,2
220,9654,2
220,9655,3
220,9656,4
220,9658,4
220,9659,2
220,9660,4
220,9661,2
220,9662,2
220,9663,4
220,9665,2
220,9666,4
220,9667,2
220,9668,2
220,9669,2
220,9670,4
220,9671,4
220,9672,4
220,9673,4
220,9674,4
220,9675,3
220,9676,2
220,9677,3
220,9678,4
223,9768,4
223,9769,2
223,9771,2
223,9772,3
223,9773,4
223,9775,2
223,9776,2
223,9777,3
223,9778,3
223,9779,2
223,9780,2
223,9781,3
223,9782,2
223,9784,2
223,9785,3
223,9786,1
223,9787,2
223,9789,2
223,9790,2
223,9791,4
223,9792,2
223,9793,2
223,9794,2
223,9795,3
223,9796,2
223,9797,3
223,9798,3
223,9799,4
223,9800,2
223,9801,3
223,9802,2
223,9804,2
223,9805,3
223,9806,2
223,9807,3
223,9808,3
223,9809,2
223,9810,4
223,9811,2
223,9812,2
223,9813,3
226,9876,3
226,9877,3
226,9879,3
226,9880,2
226,9882,4
226,9884,1
226,9885,1
226,9887,2
226,9890,1
226,9892,3
226,9894,3
226,9895,3
226,9896,2
226,9897,3
226,9898,4
226,9901,4
226,9902,4
226,9905,4
226,9906,2
226,9909,2
226,9911,2
226,9912,2
226,9913,4
226,9914,1
226,9915,3
226,9916,2
226,9917,2
226,9919,2
226,9922,3
226,9923,4
226,9924,4
226,9925,4
226,9926,2
226,9927,2
226,9928,3
226,9929,3
226,9931,1
226,9932,2
226,9934,3
226,9936,2
226,9937,3
226,9938,2
226,9939,2
226,9941,3
226,9942,3
226,9943,4
226,9944,2
226,9945,4
226,9948,3
226,9950,3
226,9952,3
226,9953,2
227,9970,3
227,9972,3
227,9973,3
227,9975,2
227,9976,4
227,9978,2
227,9979,2
227,9980,4
227,9981,4
227,9982,2
227,9983,3
227,9984,4
227,9985,2
227,9986,4
227,9987,2
227,9988,4
227,9989,2
227,9992,3
227,9993,3
227,9994,2
227,9995,3
227,9996,4
227,9997,2
227,9999,3
227,10000,2
227,10001,2
227,10003,3
227,10004,2
227,10005,2
227,10006,3
227,10007,2
227,10008,2
227,10009,4
227,10010,2
227,10011,3
227,10012,2
227,10013,3
227,10014,4
227,10015,3
227,10016,2
227,10017,4
227,10018,2
227,10019,3
227,10020,3
227,10021,3
227,10023,2
227,10024,2
227,10025,3
227,10027,2
227,10028,3
228,10042,3
228,10043,1
228,10044,3
228,10045,2
228,10047,2
228,10048,2
228,10049,1
228,10050,1
228,10051,1
228,10052,1
228,10053,2
228,10054,2
228,10055,3
228,10056,1
228,10058,3
228,10059,4
228,10060,4
228,10061,1
228,10062,1
228,10063,1
228,10064,2
228,10065,3
228,10066,1
228,10067,3
228,10069,3
228,10070,3
228,10071,2
228,10073,3
228,10074,3
228,10075,1
228,10076,1
228,10077,1
228,10078,2
228,10079,3
228,10080,2
228,10081,2
228,10083,1
228,10084,2
228,10085,1
228,10086,4
228,10087,1
228,10088,2
228,10089,2
228,10090,4
228,10091,4
228,10092,3
228,10093,3
228,10094,3
228,10095,1
228,10097,1
228,10098,2
228,10099,1
228,10100,1
228,10101,3
228,10102,3
228,10103,2
228,10104,2
228,10105,2
228,10106,2
228,10107,4
228,10108,1
228,10109,1
228,10110,1
228,10111,2
228,10112,2
228,10113,3
228,10114,3
228,10115,4
228,10116,2
228,10117,3
228,10119,1
228,10120,2
228,10121,4
228,10123,2
228,10124,3
228,10126,2
228,10127,3
228,10128,2
228,10129,3
228,10130,3
228,10131,2
228,10132,3
228,10133,3
228,10134,1
228,10135,3
228,10136,4
228,10137,1
228,10139,2
228,10140,2
228,10141,3
228,10142,2
228,10143,2
228,10144,2
228,10145,1
228,10146,2
228,10147,2
228,10148,3
228,10149,2
228,10150,3
228,10152,2
228,10153,2
228,10154,2
228,10156,2
228,10157,2
228,10158,3
228,10159,3
228,10160,3
228,10161,2
228,10162,2
228,10163,3
228,10165,2
228,10166,2
228,10167,2
228,10168,2
228,10169,2
228,10173,3
228,10175,2
228,10176,2
228,10177,2
228,10178,2
228,10179,2
228,10180,2
228,10181,2
228,10182,2
230,10244,4
230,10245,2
230,10246,3
230,10247,2
230,10248,2
230,10249,2
230,10250,2
230,10251,4
230,10252,2
230,10254,4
230,10255,1
230,10256,1
230,10257,2
230,10258,3
230,10259,2
230,10260,2
230,10261,2
230,10262,2
230,10263,3
230,10265,3
230,10266,3
230,10267,2
230,10268,3
230,10269,3
230,10270,2
230,10271,2
234,10337,3
234,10338,3
234,10339,1
234,10340,1
234,10341,2
234,10342,2
234,10344,2
234,10345,2
234,10346,4
234,10348,2
234,10349,2
234,10350,2
234,10351,1
234,10352,3
234,10353,2
234,10355,2
234,10356,2
234,10357,2
234,10358,2
234,10359,2
234,10360,2
234,10361,2
234,10362,3
234,10363,2
234,10364,2
234,10365,3
234,10366,2
234,10367,1
234,10368,3
235,10376,2
235,10377,2
235,10378,3
235,10380,3
235,10381,3
235,10383,2
235,10384,3
235,10385,2
235,10386,2
235,10387,2
235,10388,2
235,10389,4
235,10390,2
235,10391,2
235,10392,3
235,10393,3
235,10394,2
235,10395,2
235,10396,2
235,10397,3
235,10398,2
235,10399,2
236,10405,3
236,10407,2
236,10408,2
236,10409,2
236,10410,4
236,10411,2
236,10412,3
236,10413,2
236,10415,3
236,10416,2
236,10417,1
236,10418,2
236,10419,3
236,10420,2
236,10421,1
236,10423,4
236,10424,4
236,10425,1
236,10426,3
236,10427,2
236,10428,3
236,10429,2
236,10430,2
236,10431,4
236,10432,2
236,10433,4
236,10434,2
236,10435,3
236,10436,3
236,10437,2
236,10438,2
236,10439,3
236,10440,2
236,10441,3
236,10442,3
237,10444,1
237,10445,3
237,10446,4
237,10448,3
237,10449,1
237,10450,2
237,10452,3
237,10454,2
237,10456,3
237,10457,2
237,10458,3
237,10459,2
237,10461,2
237,10462,1
237,10463,3
237,10464,2
237,10465,2
237,10466,2
237,10467,2
237,10468,2
237,10469,2
237,10470,2
237,10471,2
237,10472,2
237,10473,2
237,10474,2
241,10626,2
241,10627,4
241,10628,3
241,10629,2
241,10630,3
241,10631,1
241,10632,1
241,10634,4
241,10635,3
241,10637,3
241,10638,2
241,10639,1
241,10640,2
241,10641,3
241,10642,3
241,10643,3
241,10644,1
241,10645,1
241,10646,1
241,10647,2
241,10648,2
241,10649,2
241,10650,3
241,10651,2
241,10653,3
241,10654,4
241,10655,2
241,10656,2
241,10657,3
241,10658,4
241,10659,4
241,10660,2
241,10661,4
241,10662,2
241,10663,3
241,10664,1
241,10665,1
241,10667,1
241,10668,1
241,10669,4
241,10670,2
241,10671,3
241,10672,2
241,10673,4
241,10674,1
241,10675,2
241,10676,2
241,10677,4
242,10692,3
242,10694,3
242,10696,3
242,10699,2
242,10700,1
242,10701,2
242,10702,4
242,10703,3
242,10704,3
242,10705,2
242,10706,2
242,10708,4
242,10710,3
242,10711,3
242,10712,2
242,10713,1
242,10715,2
242,10716,4
242,10718,3
242,10720,2
242,10721,4
242,10722,2
242,10724,3
242,10727,1
242,10728,2
242,10730,4
242,10731,3
242,10734,4
242,10735,2
242,10737,4
242,10738,2
242,10739,4
242,10740,2
242,10741,2
242,10742,4
242,10743,4
242,10744,1
242,10745,4
242,10746,3
242,10747,3
242,10749,2
242,10750,2
242,10751,4
242,10752,3
242,10753,2
242,10754,2
242,10755,3
242,10756,2
242,10758,3
243,10769,2
243,10770,2
243,10771,3
243,10772,4
243,10773,4
243,10776,4
243,10777,2
243,10778,2
243,10780,3
243,10781,2
243,10782,3
243,10783,1
243,10784,4
243,10785,2
243,10787,3
243,10788,1
243,10789,1
243,10790,1
243,10791,2
243,10793,2
243,10794,2
243,10795,2
243,10796,2
243,10797,2
243,10799,3
243,10800,2
243,10801,2
243,10802,3
243,10803,2
243,10804,3
248,10914,4
248,10916,3
248,10917,3
248,10918,3
248,10919,3
248,10920,2
248,10921,2
248,10922,3
248,10923,3
248,10925,4
248,10926,2
248,10927,2
248,10928,2
248,10931,2
248,10932,3
248,10934,3
248,10935,3
248,10936,1
248,10937,2
248,10938,4
248,10939,3
248,10940,4
248,10941,3
248,10942,4
248,10943,1
248,10944,1
248,10945,2
248,10947,2
248,10948,2
248,10949,2
248,10950,2
248,10952,3
248,10953,2
248,10954,3
248,10955,3
248,10956,2
248,10957,2
248,10958,3
248,10959,2
248,10961,4
248,10962,2
248,10963,2
248,10965,3
248,10966,4
249,10977,2
249,10978,4
249,10979,2
249,10980,3
249,10981,2
249,10982,2
249,10983,2
249,10984,3
249,10985,2
249,10986,2
249,10987,3
249,10988,2
249,10989,2
249,10990,3
249,10991,4
249,10992,1
249,10993,4
249,10994,2
249,10995,3
249,10996,2
249,10997,2
249,10998,2
249,10999,2
252,11005,3
252,11007,4
252,11008,3
252,11010,2
252,11011,2
252,11012,4
252,11014,2
252,11015,1
252,11016,2
252,11017,2
252,11018,2
252,11019,2
252,11020,4
252,11021,3
252,11022,2
252,11023,4
252,11024,2
252,11025,2
252,11026,2
252,11027,4
252,11028,2
254,11032,2
254,11033,2
254,11034,3
254,11035,3
254,11036,2
254,11037,1
254,11038,2
254,11039,2
254,11040,2
254,11041,3
254,11042,3
254,11043,3
254,11044,3
254,11045,2
258,11183,2
258,11185,3
258,11186,3
258,11187,3
258,11188,3
258,11189,2
258,11190,4
258,11191,2
258,11192,2
258,11193,3
258,11194,3
258,11196,4
263,11345,4
263,11346,3
263,11347,2
263,11348,3
263,11349,3
263,11350,1
263,11351,1
263,11352,1
263,11353,1
263,11354,2
263,11355,1
263,11356,2
263,11357,1
263,11359,3
263,11360,2
263,11362,1
263,11363,3
263,11364,2
263,11366,4
263,11367,2
263,11368,3
263,11369,1
263,11370,1
263,11371,2
263,11372,1
263,11373,3
263,11374,3
263,11375,3
263,11376,3
263,11377,1
263,11380,2
263,11382,3
263,11383,3
263,11384,3
263,11385,2
263,11386,1
263,11387,3
263,11388,2
263,11389,3
263,11390,2
263,11391,1
263,11392,3
263,11393,4
263,11394,3
263,11395,2
263,11396,3
263,11397,2
263,11398,3
263,11400,3
263,11401,3
263,11402,2
263,11403,1
263,11404,3
263,11405,2
263,11406,3
263,11407,3
263,11408,3
263,11409,2
263,11410,3
263,11411,1
263,11412,2
263,11413,1
263,11414,2
263,11415,4
263,11418,2
263,11419,1
267,11527,3
267,11529,1
267,11530,2
267,11531,2
267,11532,3
267,11533,2
267,11534,2
267,11535,3
267,11536,2
267,11537,3
267,11538,2
267,11539,3
267,11540,3
267,11541,2
267,11543,2
267,11544,4
267,11545,2
267,11546,2
267,11547,2
267,11548,2
267,11549,2
267,11552,2
267,11553,3
267,11554,2
267,11555,2
267,11556,2
272,11631,3
272,11632,1
272,11634,3
272,11635,2
272,11636,2
272,11637,3
272,11638,3
272,11639,2
272,11640,3
272,11641,1
272,11642,4
272,11643,3
272,11644,2
272,11645,2
272,11646,1
272,11647,1
272,11648,3
272,11649,4
272,11650,1
272,11651,2
272,11652,2
272,11653,2
272,11654,3
272,11656,3
272,11657,1
272,11658,3
272,11659,1
272,11660,2
272,11661,3
272,11662,3
272,11663,3
272,11664,2
272,11665,2
272,11666,2
272,11668,3
272,11669,2
272,11670,2
272,11671,4
272,11672,1
272,11673,2
272,11674,3
272,11677,3
272,11678,2
272,11679,2
272,11681,2
272,11682,3
272,11683,2
272,11685,3
274,11696,3
274,11697,1
274,11698,4
274,11700,3
274,11701,2
274,11703,3
274,11704,3
274,11706,1
274,11707,2
274,11708,3
274,11709,3
274,11710,3
274,11711,2
274,11712,2
274,11713,2
274,11714,3
274,11715,3
274,11717,2
274,11718,4
274,11719,4
274,11721,2
274,11722,1
274,11723,4
274,11724,2
274,11726,2
274,11728,4
274,11730,2
274,11731,3
274,11732,2
274,11733,3
274,11734,2
274,11735,2
274,11736,3
274,11737,2
274,11738,3
274,11740,1
274,11741,2
274,11742,2
274,11743,4
274,11744,2
274,11745,3
274,11747,2
274,11749,2
274,11750,2
274,11751,4
274,11752,3
274,11753,2
274,11754,3
274,11755,2
274,11756,4
274,11757,2
274,11758,3
274,11759,2
274,11760,2
274,11762,2
274,11763,3
274,11764,2
274,11765,3
274,11766,3
274,11767,1
274,11768,3
281,11832,4
281,11833,2
281,11836,4
281,11837,2
281,11838,4
281,11839,3
281,11840,4
281,11841,2
281,11843,1
281,11844,1
281,11845,2
281,11846,2
281,11847,3
281,11849,2
281,11850,3
281,11851,2
281,11852,4
281,11854,2
281,11855,4
288,12081,3
288,12082,3
288,12084,3
288,12085,2
288,12086,2
288,12087,1
288,12089,2
288,12090,1
288,12091,2
288,12093,4
288,12094,1
288,12095,4
288,12096,2
288,12097,1
288,12098,2
288,12099,4
288,12100,2
288,12101,4
288,12102,3
288,12103,1
288,12104,2
288,12105,4
288,12106,3
288,12109,3
288,12110,3
288,12111,2
288,12112,4
288,12113,4
288,12114,2
288,12115,1
288,12117,2
288,12118,3
288,12121,3
288,12122,2
288,12125,3
289,12133,1
289,12134,3
289,12135,4
289,12139,2
289,12140,4
289,12141,1
289,12143,1
289,12144,2
289,12145,2
289,12146,3
289,12148,4
289,12149,2
289,12150,3
289,12153,3
289,12154,2
289,12156,2
289,12157,2
289,12159,2
289,12160,2
289,12161,2
289,12162,2
289,12163,2
289,12164,2
289,12165,2
289,12166,2
289,12167,2
289,12169,2
289,12170,3
289,12171,3
289,12172,2
289,12173,3
289,12174,2
289,12175,3
289,12176,2
289,12179,2
289,12180,2
289,12182,2
289,12183,3
289,12184,2
291,12204,3
291,12205,3
291,12206,2
291,12207,3
291,12209,4
291,12210,2
291,12211,1
291,12214,4
291,12215,2
291,12217,4
291,12218,4
291,12219,4
291,12220,2
291,12221,2
291,12222,4
291,12223,1
291,12224,4
291,12225,4
291,12226,3
291,12227,4
291,12228,1
291,12229,3
291,12230,4
291,12231,2
291,12233,2
291,12234,2
291,12235,4
291,12236,2
291,12237,4
291,12238,2
291,12239,4
291,12240,4
291,12242,2
291,12243,4
291,12244,4
291,12245,4
291,12246,2
291,12247,3
291,12249,2
291,12250,2
291,12251,2
291,12253,2
295,12346,2
295,12347,1
295,12348,2
295,12349,4
295,12350,2
295,12351,2
295,12352,4
295,12353,3
295,12354,3
295,12355,3
295,12356,2
295,12357,2
295,12358,2
296,12360,3
296,12363,3
296,12365,2
296,12366,2
296,12367,2
296,12368,2
296,12370,2
296,12371,3
296,12372,2
296,12373,2
296,12374,3
296,12375,4
296,12376,2
296,12378,4
296,12379,2
296,12380,3
296,12381,4
296,12382,1
296,12383,1
296,12384,2
296,12385,2
296,12386,2
296,12387,2
296,12388,2
296,12389,2
296,12390,3
296,12391,2
296,12392,2
296,12395,2
296,12396,2
296,12397,2
300,12472,1
300,12473,1
300,12474,2
300,12477,4
300,12478,2
300,12479,3
300,12480,4
300,12481,4
300,12482,4
300,12483,4
300,12485,4
300,12486,2
300,12487,4
300,12488,1
300,12490,1
300,12491,2
300,12492,3
300,12493,4
300,12495,4
300,12496,2
300,12497,1
300,12498,3
300,12499,1
300,12500,1
300,12501,3
300,12502,1
300,12503,4
300,12504,2
300,12508,2
300,12509,2
300,12510,2
300,12511,3
300,12512,4
300,12513,2
300,12515,4
300,12517,4
300,12518,2
300,12520,1
300,12521,2
300,12522,3
300,12523,1
300,12524,3
300,12525,4
300,12527,4
300,12528,4
300,12529,4
300,12530,1
300,12531,2
300,12533,3
300,12535,1
300,12536,4
300,12537,4
300,12538,2
300,12539,4
300,12540,3
300,12541,3
300,12542,1
300,12543,4
300,12544,2
300,12545,2
300,12546,4
300,12547,4
300,12548,4
300,12549,2
300,12550,2
300,12551,2
300,12552,3
300,12553,3
302,12622,3
302,12623,3
302,12624,4
302,12625,3
302,12628,2
302,12629,1
302,12630,3
302,12632,4
302,12633,2
302,12634,3
302,12635,4
302,12638,2
302,12639,2
302,12640,3
302,12641,2
302,12643,4
302,12646,3
302,12648,4
302,12650,2
302,12651,2
302,12652,3
302,12654,1
302,12655,2
302,12656,2
302,12657,2
302,12660,2
302,12662,2
302,12663,3
302,12664,3
302,12665,1
302,12666,2
302,12667,2
302,12668,3
302,12669,2
302,12671,2
302,12673,2
303,12686,3
303,12687,4
303,12689,3
303,12690,2
303,12691,3
303,12692,3
303,12693,2
303,12694,2
303,12695,3
303,12696,2
303,12697,2
303,12698,3
303,12699,2
304,12702,3
304,12703,3
304,12704,3
304,12705,4
304,12707,3
304,12708,4
304,12709,2
304,12710,4
304,12711,1
304,12712,4
304,12715,3
304,12716,3
304,12717,1
304,12718,1
304,12719,2
304,12720,3
304,12721,1
304,12722,2
304,12723,3
304,12724,3
304,12725,4
304,12727,4
304,12728,2
304,12729,3
304,12730,1
304,12732,2
304,12733,4
304,12734,3
304,12735,4
304,12736,4
304,12737,4
304,12738,1
304,12739,4
304,12740,2
304,12741,3
304,12742,1
304,12743,2
304,12744,3
304,12745,2
304,12746,1
304,12747,3
304,12748,2
304,12749,4
304,12750,1
304,12751,1
304,12752,2
304,12753,3
304,12754,3
304,12755,1
304,12756,3
304,12757,1
304,12758,1
304,12759,1
304,12760,2
304,12761,2
304,12762,4
304,12763,3
304,12764,1
304,12765,1
304,12766,2
304,12767,2
304,12768,4
304,12769,2
304,12770,2
304,12771,2
304,12772,3
304,12773,1
304,12774,1
304,12775,1
304,12776,1
304,12777,3
304,12779,2
304,12781,2
304,12782,3
304,12783,2
304,12784,4
304,12785,4
304,12786,4
304,12787,3
304,12788,1
304,12789,3
304,12790,2
304,12791,2
304,12792,4
304,12793,2
304,12795,3
304,12796,3
305,12824,3
305,12825,4
305,12826,3
305,12827,3
305,12829,1
305,12830,1
305,12833,3
305,12834,3
305,12835,1
305,12836,4
305,12838,2
305,12839,3
305,12840,3
305,12841,3
305,12842,4
305,12844,3
305,12845,3
305,12846,3
305,12847,2
305,12849,1
305,12850,4
305,12851,3
305,12852,2
305,12853,1
305,12854,3
305,12855,1
305,12857,3
305,12858,1
305,12859,3
305,12860,2
305,12861,3
305,12863,2
305,12864,2
305,12865,2
305,12866,2
305,12867,2
305,12868,2
305,12869,2
305,12870,2
305,12872,2
305,12873,3
305,12874,2
305,12875,1
305,12876,2
305,12877,3
305,12878,2
305,12879,3
305,12880,3
305,12881,2
305,12882,3
305,12883,2
305,12884,2
305,12885,2
305,12887,2
305,12888,3
305,12890,2
306,12903,3
306,12904,4
306,12905,3
306,12906,1
306,12907,1
306,12908,4
306,12909,3
306,12910,4
306,12911,3
306,12912,2
306,12913,4
306,12914,4
306,12915,1
306,12916,1
306,12917,1
306,12918,2
306,12919,4
306,12922,2
306,12923,3
306,12924,1
306,12925,1
306,12926,1
306,12927,1
306,12928,1
306,12929,2
306,12930,1
306,12933,3
306,12934,3
306,12935,1
306,12936,1
306,12937,3
306,12938,2
306,12939,3
306,12940,2
306,12942,1
306,12943,3
306,12944,3
306,12945,1
306,12946,2
306,12947,1
306,12948,1
306,12949,1
306,12950,3
306,12951,2
306,12952,1
306,12953,2
306,12954,2
306,12955,2
306,12956,3
306,12957,1
306,12958,1
306,12959,1
306,12960,3
306,12963,2
306,12967,2
306,12969,2
306,12970,2
306,12971,2
306,12972,3
306,12973,2
306,12975,4
306,12976,4
306,12977,3
306,12978,4
306,12979,3
306,12980,2
306,12981,4
306,12982,1
306,12983,3
306,12985,3
306,12986,3
306,12987,3
306,12988,2
306,12990,2
306,12991,4
306,12992,1
312,13281,4
312,13282,2
312,13283,2
312,13284,3
312,13285,3
312,13287,2
312,13288,3
312,13289,2
312,13290,3
312,13291,3
312,13292,2
312,13294,2
312,13295,4
312,13296,2
312,13297,4
312,13298,3
312,13299,3
312,13301,2
312,13302,3
312,13304,2
312,13305,2
312,13306,2
312,13307,2
312,13308,2
312,13309,2
312,13310,3
312,13311,2
312,13312,2
312,13313,3
312,13314,3
312,13315,2
312,13316,2
312,13317,2
313,13329,3
313,13330,3
313,13332,3
313,13333,4
313,13334,3
313,13335,1
313,13337,2
313,13339,2
313,13340,4
313,13341,1
313,13343,4
313,13344,2
313,13345,4
313,13346,4
313,13347,2
313,13348,4
313,13350,2
313,13351,3
313,13352,3
313,13354,2
313,13355,1
313,13361,2
313,13362,3
313,13363,2
313,13364,3
313,13365,1
313,13366,4
313,13368,3
313,13369,3
313,13370,2
313,13372,2
313,13373,2
313,13374,2
313,13375,3
313,13377,2
313,13378,3
313,13379,2
313,13380,2
313,13381,2
313,13382,3
313,13383,2
313,13384,2
313,13385,3
313,13386,2
313,13388,1
313,13389,1
314,13407,4
314,13408,2
314,13410,2
314,13411,2
314,13412,2
314,13413,3
314,13414,2
314,13415,2
314,13416,3
314,13419,3
314,13420,3
314,13421,2
314,13422,4
314,13425,3
314,13426,3
314,13427,2
314,13428,2
314,13429,3
314,13430,3
314,13431,2
314,13432,2
314,13433,2
314,13434,4
314,13435,2
314,13436,2
322,13655,3
322,13657,2
322,13658,1
322,13659,2
322,13660,3
322,13661,1
322,13662,1
322,13663,1
322,13664,1
322,13665,2
322,13666,2
322,13667,2
322,13669,2
322,13670,2
322,13671,2
322,13672,2
322,13673,2
322,13674,3
322,13675,1
322,13676,2
322,13677,2
322,13678,2
327,13819,2
327,13820,2
327,13821,2
327,13823,2
327,13826,2
327,13827,2
327,13828,4
327,13830,2
327,13831,3
327,13832,2
327,13833,2
327,13834,2
328,13845,2
328,13846,4
328,13847,4
328,13848,4
328,13849,2
328,13850,2
328,13851,2
328,13852,3
328,13853,4
328,13854,2
328,13855,3
328,13856,3
328,13857,2
328,13859,1
328,13860,1
328,13861,3
328,13862,4
328,13863,4
328,13864,3
328,13865,1
328,13866,2
328,13868,4
328,13869,2
328,13870,2
328,13872,2
328,13873,2
328,13875,3
328,13876,3
328,13877,2
328,13878,2
328,13879,2
328,13880,2
328,13881,1
328,13882,3
328,13883,3
328,13884,1
328,13885,4
328,13887,1
328,13888,1
328,13892,4
332,14026,4
332,14027,2
332,14028,2
332,14029,2
332,14030,3
332,14031,2
332,14032,2
332,14033,2
332,14034,4
332,14036,3
332,14037,4
332,14038,2
332,14039,4
332,14040,2
332,14041,2
332,14042,2
332,14043,2
332,14044,2
332,14045,2
332,14046,2
332,14047,2
333,14051,3
333,14054,4
333,14056,3
333,14058,3
333,14059,3
333,14060,3
333,14061,3
333,14062,3
333,14064,4
333,14065,3
333,14066,1
333,14067,2
333,14068,3
333,14069,4
333,14070,4
333,14072,3
333,14073,3
333,14074,4
333,14075,3
333,14077,3
333,14078,3
333,14079,1
333,14081,3
333,14083,1
333,14087,4
333,14088,3
333,14090,3
333,14091,4
333,14092,4
333,14094,3
333,14096,2
333,14097,3
333,14098,3
333,14099,3
333,14100,3
333,14101,3
333,14102,3
333,14103,1
333,14104,4
333,14105,1
333,14106,2
333,14107,3
333,14108,3
333,14109,1
333,14110,2
333,14111,1
333,14112,3
333,14113,2
333,14114,3
333,14115,4
333,14116,1
333,14117,1
333,14119,3
333,14120,2
333,14121,2
333,14122,2
333,14123,3
333,14124,2
333,14126,2
333,14128,2
333,14129,3
333,14130,2
333,14131,4
333,14132,3
333,14134,2
333,14136,4
333,14137,3
333,14138,4
333,14140,4
333,14141,3
333,14142,1
333,14143,2
333,14145,3
333,14146,4
333,14147,2
333,14152,4
333,14156,4
333,14157,3
333,14158,2
333,14160,4
333,14162,4
333,14163,2
333,14164,3
337,14263,3
337,14264,3
337,14265,4
337,14266,4
337,14268,4
337,14269,2
337,14270,2
337,14271,3
337,14273,3
337,14274,3
337,14275,1
337,14276,2
337,14277,3
337,14278,2
337,14279,3
337,14280,3
337,14281,3
337,14282,3
337,14283,2
337,14284,4
337,14285,4
337,14286,3
337,14287,2
337,14288,3
337,14291,2
337,14292,3
337,14294,2
337,14295,2
337,14296,3
337,14297,1
337,14298,3
337,14299,3
337,14301,1
337,14302,4
337,14303,3
337,14304,1
337,14305,2
337,14309,2
337,14310,4
337,14311,3
337,14312,3
337,14314,2
337,14315,4
337,14316,2
337,14317,2
337,14318,2
337,14319,4
337,14320,4
337,14321,3
337,14322,3
337,14323,1
337,14324,1
337,14325,3
337,14326,2
337,14327,4
337,14328,4
337,14329,3
337,14331,4
337,14333,3
337,14334,2
337,14335,3
337,14337,3
337,14339,3
337,14340,2
337,14343,3
337,14344,2
337,14345,2
337,14347,2
337,14348,2
337,14349,4
338,14393,2
338,14394,4
338,14396,2
338,14398,2
338,14399,2
338,14400,2
338,14402,2
338,14403,2
338,14404,3
338,14405,2
338,14407,4
338,14408,4
338,14409,2
338,14410,2
338,14411,2
338,14412,3
338,14413,2
338,14414,2
338,14415,2
338,14418,2
338,14419,2
338,14420,2
338,14421,2
338,14422,2
338,14423,2
338,14424,2
339,14430,3
339,14431,2
339,14432,2
339,14433,3
339,14434,2
339,14435,2
339,14436,3
339,14437,1
339,14438,2
339,14439,3
339,14440,2
339,14442,1
339,14443,2
339,14446,2
339,14447,3
339,14448,2
339,14449,1
339,14450,1
339,14451,2
339,14452,2
339,14453,3
339,14454,4
339,14455,3
339,14456,2
339,14457,2
339,14459,4
339,14460,1
339,14461,2
339,14462,2
339,14463,2
339,14464,3
339,14465,1
339,14466,2
339,14467,3
339,14468,3
339,14469,3
339,14470,2
339,14471,2
339,14472,3
339,14473,3
339,14474,2
339,14475,2
339,14476,2
339,14477,3
339,14478,3
339,14479,2
339,14480,3
339,14481,3
339,14482,4
339,14484,3
339,14486,3
342,14518,4
342,14520,3
342,14522,3
342,14523,3
342,14526,4
342,14527,2
342,14528,2
342,14529,4
342,14530,2
342,14531,2
342,14532,3
342,14533,1
342,14535,4
342,14537,4
342,14538,4
342,14539,2
342,14540,3
342,14541,4
342,14542,2
342,14543,2
342,14544,2
342,14545,4
342,14547,4
342,14548,3
342,14549,3
342,14550,3
342,14552,4
342,14554,1
342,14556,4
342,14560,3
342,14561,2
342,14562,4
342,14563,2
342,14564,4
342,14565,2
342,14567,2
342,14568,4
342,14570,3
342,14571,2
342,14572,2
342,14573,2
342,14574,4
342,14575,4
342,14576,4
342,14577,3
342,14578,4
342,14579,4
342,14580,2
342,14581,2
342,14582,4
342,14583,2
342,14584,2
342,14585,4
342,14586,4
342,14587,4
342,14588,4
343,14619,3
343,14620,3
343,14623,3
343,14624,2
343,14625,1
343,14626,1
343,14627,2
343,14629,2
343,14631,2
343,14632,2
343,14634,4
343,14637,2
343,14638,2
343,14639,3
343,14640,2
343,14641,2
343,14642,3
343,14643,2
343,14646,2
343,14647,3
343,14648,3
343,14649,4
343,14651,3
343,14652,2
343,14653,2
343,14654,3
343,14655,2
343,14656,2
343,14659,2
343,14660,2
343,14661,3
346,14821,3
346,14822,3
346,14824,4
346,14825,2
346,14826,1
346,14827,2
346,14828,1
346,14829,4
346,14830,2
346,14831,4
346,14832,2
346,14833,3
346,14834,1
346,14837,1
346,14839,1
346,14841,3
346,14842,2
346,14843,1
346,14846,2
346,14847,2
346,14848,2
346,14849,4
346,14850,4
346,14851,2
346,14852,2
346,14853,2
346,14854,4
346,14855,4
346,14856,1
346,14857,1
346,14858,2
346,14859,2
346,14861,3
346,14862,2
346,14863,2
346,14864,3
346,14865,3
346,14867,2
346,14868,1
346,14869,2
346,14870,2
346,14871,2
346,14872,3
346,14873,3
346,14876,1
346,14877,2
346,14878,3
346,14879,3
346,14881,4
350,14981,3
350,14982,4
350,14983,1
350,14984,2
350,14986,3
350,14988,2
350,14989,4
350,14991,4
350,14992,4
350,14993,1
350,14994,2
350,14995,2
350,14996,1
350,14997,4
350,14998,2
350,14999,1
350,15000,2
350,15002,4
350,15003,2
350,15004,2
350,15005,3
350,15006,3
350,15007,1
350,15008,1
350,15009,1
350,15010,3
350,15011,1
350,15012,1
350,15013,1
350,15014,1
350,15015,2
350,15016,3
350,15017,4
350,15018,4
350,15019,4
350,15020,2
350,15021,2
350,15022,4
350,15023,4
350,15024,2
350,15025,2
350,15026,4
350,15027,4
350,15028,4
350,15029,4
350,15030,1
350,15031,2
350,15032,2
350,15033,4
350,15034,2
350,15035,2
350,15036,3
350,15037,3
350,15038,4
350,15039,2
350,15043,3
351,15048,3
351,15050,2
351,15051,3
351,15052,3
351,15053,1
351,15054,3
351,15055,3
351,15056,1
351,15057,3
351,15058,2
351,15059,3
351,15060,3
351,15062,1
351,15063,4
351,15064,4
351,15065,2
351,15066,2
351,15067,1
351,15069,2
351,15070,3
351,15072,3
351,15074,4
351,15075,4
351,15076,4
351,15077,2
351,15078,1
351,15079,1
351,15080,1
351,15081,2
351,15082,1
351,15083,3
351,15084,1
351,15085,1
351,15086,1
351,15087,1
351,15088,3
351,15089,2
351,15091,1
351,15092,1
351,15093,3
351,15095,2
351,15096,3
351,15099,2
351,15101,2
351,15102,2
351,15103,3
351,15104,3
351,15105,4
351,15106,4
351,15107,2
351,15108,3
351,15109,3
351,15110,1
351,15112,3
351,15114,3
351,15115,4
351,15116,2
351,15118,3
351,15119,3
351,15120,3
351,15121,3
351,15122,4
351,15123,2
351,15126,3
351,15127,3
351,15129,2
351,15130,2
351,15131,3
351,15132,3
351,15133,2
351,15134,1
351,15136,2
351,15138,3
352,15159,3
352,15162,3
352,15163,2
352,15164,4
352,15165,3
352,15166,2
352,15167,1
352,15168,4
352,15169,2
352,15170,3
352,15171,3
352,15172,2
352,15173,4
352,15174,3
352,15175,3
352,15176,2
352,15177,2
352,15178,3
352,15179,3
352,15180,2
352,15181,3
352,15182,4
352,15183,4
352,15184,4
352,15185,3
352,15186,4
352,15188,2
352,15189,3
352,15190,2
352,15191,2
352,15192,3
352,15193,2
352,15194,2
352,15195,3
352,15196,2
352,15197,3
352,15198,2
352,15199,4
352,15200,3
352,15201,2
352,15202,2
352,15203,4
352,15204,3
352,15205,2
352,15206,2
352,15207,3
352,15208,2
352,15210,4
352,15211,4
360,15294,3
360,15296,4
360,15297,3
360,15299,4
360,15300,3
360,15301,1
360,15302,2
360,15303,3
360,15304,2
360,15305,2
360,15308,2
360,15309,2
360,15312,2
360,15313,2
360,15316,2
360,15317,4
360,15320,2
360,15321,2
360,15322,2
360,15323,3
360,15324,2
360,15325,2
360,15326,2
360,15327,2
371,15573,2
371,15574,1
371,15575,2
371,15576,3
371,15577,2
371,15578,3
371,15579,4
371,15580,1
371,15581,2
371,15582,2
371,15584,2
371,15585,1
371,15587,4
371,15588,2
371,15589,2
371,15590,2
371,15591,2
371,15592,2
371,15593,2
371,15594,2
378,15850,2
378,15851,3
378,15852,4
378,15853,2
378,15854,1
378,15856,1
378,15857,1
378,15858,2
378,15859,3
378,15861,2
378,15862,4
378,15863,2
378,15864,2
378,15865,3
378,15866,3
378,15867,2
378,15868,3
378,15869,1
378,15870,4
378,15872,1
378,15874,2
378,15876,1
378,15877,1
378,15878,2
378,15879,2
378,15880,1
378,15881,1
378,15882,1
378,15883,3
378,15884,2
378,15885,2
378,15886,2
378,15887,3
378,15888,2
378,15889,4
378,15890,4
378,15891,2
378,15892,3
378,15893,2
378,15894,1
378,15895,3
378,15896,2
378,15897,2
378,15898,3
378,15899,2
378,15900,3
378,15901,4
378,15902,1
378,15903,3
378,15904,4
378,15906,2
378,15908,2
378,15910,2
378,15911,2
378,15912,2
378,15913,2
378,15914,3
378,15915,4
378,15916,2
378,15917,2
378,15918,2
378,15919,2
378,15920,3
378,15921,2
378,15922,2
378,15923,3
378,15924,3
378,15925,3
378,15926,3
378,15927,2
378,15928,3
378,15930,3
378,15931,2
380,15981,3
380,15982,2
380,15984,3
380,15985,2
380,15986,4
380,15988,4
380,15989,2
380,15990,4
380,15991,3
380,15992,2
380,15993,2
380,15994,3
380,15995,2
380,15996,2
380,15997,3
380,15999,2
380,16000,4
380,16001,2
380,16002,2
380,16004,2
380,16005,3
380,16006,2
380,16007,3
380,16008,3
380,16009,2
380,16010,2
380,16011,4
380,16013,2
380,16014,3
380,16015,2
380,16016,2
382,16080,4
382,16081,4
382,16082,3
382,16084,3
382,16086,4
382,16087,2
382,16089,2
382,16090,4
382,16091,3
382,16092,2
382,16093,4
382,16094,2
382,16095,2
382,16096,2
382,16097,2
382,16098,2
382,16099,4
382,16100,2
382,16101,2
382,16102,2
387,16279,2
387,16280,2
387,16281,3
387,16282,3
387,16283,1
387,16285,4
387,16288,2
387,16289,3
387,16290,3
387,16292,3
387,16293,2
387,16294,1
387,16295,4
387,16296,4
387,16299,2
387,16301,3
387,16303,2
387,16304,2
387,16305,1
387,16306,4
387,16308,2
387,16309,1
387,16310,2
387,16311,1
387,16313,2
387,16314,2
387,16316,2
388,16320,1
388,16322,2
388,16323,3
388,16324,3
388,16325,3
388,16326,4
388,16327,2
388,16328,2
388,16329,2
388,16331,4
388,16332,2
388,16333,2
388,16335,3
388,16337,2
388,16338,3
388,16342,2
388,16343,2
388,16344,4
388,16345,2
388,16346,2
388,16347,2
388,16348,3
388,16349,2
388,16350,3
388,16351,3
388,16352,2
388,16353,3
388,16354,3
388,16355,2
388,16356,2
388,16357,2
394,16503,3
394,16504,2
394,16505,1
394,16506,2
394,16508,2
394,16509,4
394,16510,2
394,16511,2
394,16512,2
394,16513,4
394,16514,4
394,16515,4
394,16516,3
394,16517,2
394,16518,3
394,16519,3
394,16520,1
394,16521,3
394,16522,1
394,16523,4
394,16524,3
394,16525,4
394,16527,4
394,16528,2
394,16531,2
394,16532,4
394,16533,2
394,16534,2
394,16535,2
394,16536,3
394,16537,3
394,16538,3
394,16539,2
394,16540,2
394,16542,2
394,16543,2
398,16583,1
398,16584,3
398,16585,4
398,16588,1
398,16590,1
398,16591,3
398,16593,3
398,16594,2
398,16596,3
398,16597,2
398,16598,3
398,16599,2
398,16600,2
398,16601,3
398,16602,1
398,16603,4
398,16604,4
398,16605,4
398,16606,2
398,16607,2
398,16609,2
398,16611,2
398,16612,3
398,16613,1
398,16615,1
398,16616,4
398,16617,4
398,16618,2
398,16619,4
398,16620,2
398,16621,4
398,16622,2
398,16623,2
407,16913,4
407,16914,1
407,16915,1
407,16916,2
407,16917,2
407,16918,4
407,16919,2
407,16920,1
407,16921,4
407,16922,4
407,16923,2
407,16924,2
407,16926,3
407,16927,2
407,16929,4
407,16930,4
407,16931,1
407,16932,2
407,16933,2
407,16936,4
407,16937,2
407,16938,3
407,16939,2
407,16940,2
407,16942,4
407,16943,2
407,16945,3
407,16948,3
407,16949,3
407,16950,4
407,16951,3
407,16952,2
407,16953,2
407,16955,3
407,16956,2
407,16958,3
407,16959,2
407,16961,3
407,16963,2
407,16964,2
407,16965,3
407,16966,2
407,16967,3
407,16968,4
407,16969,3
409,16980,3
409,16981,1
409,16984,2
409,16985,2
409,16986,3
409,16987,2
409,16988,4
409,16989,3
409,16992,3
409,16994,3
409,16995,2
409,16996,4
409,16997,2
409,16998,3
409,16999,3
409,17000,3
409,17001,3
409,17002,3
409,17003,3
409,17004,3
409,17005,3
409,17006,3
409,17007,2
409,17008,2
409,17009,3
409,17010,2
409,17012,3
409,17013,4
409,17014,3
409,17016,3
409,17017,1
409,17018,1
409,17019,1
409,17021,2
409,17022,1
409,17023,4
409,17024,1
409,17025,2
409,17026,2
409,17027,2
409,17029,4
409,17030,4
409,17031,1
409,17033,2
409,17034,3
409,17035,2
409,17036,3
409,17038,4
409,17040,2
409,17041,3
409,17042,2
409,17043,4
409,17045,3
409,17046,3
409,17047,3
409,17048,4
409,17049,3
409,17050,3
409,17051,2
409,17052,3
409,17053,4
409,17054,3
409,17055,3
409,17056,3
409,17057,2
409,17058,3
409,17059,2
409,17060,2
409,17061,3
409,17062,4
409,17064,3
409,17065,4
409,17066,2
409,17067,3
409,17068,2
409,17070,3
