user_id,median_video_cnt,mad_video_cnt,days_video_used,prop_video_used,median_exe_cnt,mad_exe_cnt,days_exe_used,prop_exe_used,median_mcq_cnt,mad_mcq_cnt,days_mcq_used,prop_mcq_used,median_mcog_cnt,mad_mcog_cnt,days_mcog_used,prop_mcog_used,median_res_cnt,mad_res_cnt,days_res_used,prop_res_used
679,0,0,15,0.3488372093023256,1,1.4826,22,0.5116279069767442,0,0,15,0.3488372093023256,0,0,4,0.09302325581395349,10,8.8956,43,1
680,0,0,7,0.16279069767441862,0,0,21,0.4883720930232558,0,0,19,0.4418604651162791,0,0,8,0.18604651162790697,18,19.273799999999998,43,1
681,0,0,7,0.23333333333333334,14,20.7564,18,0.6,0,0,8,0.26666666666666666,0,0,7,0.23333333333333334,6.5,6.6716999999999995,28,0.9333333333333333
682,0,0,2,0.10526315789473684,51,74.13,14,0.7368421052631579,0,0,2,0.10526315789473684,0,0,6,0.3157894736842105,7,7.412999999999999,19,1
683,0,0,4,0.16,31,45.9606,17,0.68,0,0,8,0.32,0,0,9,0.36,10,4.4478,25,1
688,0,0,0,0,7,10.3782,8,0.7272727272727273,0,0,1,0.09090909090909091,0,0,1,0.09090909090909091,9,7.412999999999999,11,1
689,0,0,2,0.11764705882352941,0,0,7,0.4117647058823529,0,0,2,0.11764705882352941,0,0,2,0.11764705882352941,7,4.4478,17,1
691,0,0,6,0.16216216216216217,0,0,16,0.43243243243243246,0,0,6,0.16216216216216217,0,0,3,0.08108108108108109,7,7.412999999999999,36,0.972972972972973
693,0,0,8,0.3076923076923077,27,40.0302,18,0.6923076923076923,0,0,3,0.11538461538461539,0,0,5,0.19230769230769232,6.5,6.6716999999999995,25,0.9615384615384616
694,0,0,11,0.3548387096774194,1,1.4826,16,0.5161290322580645,0,0,11,0.3548387096774194,0,0,6,0.1935483870967742,17,14.825999999999999,31,1
695,0,0,9,0.2647058823529412,3.5,5.1891,17,0.5,0,0,6,0.17647058823529413,0,0,6,0.17647058823529413,6,4.4478,33,0.9705882352941176
699,0,0,0,0,7.5,11.119499999999999,10,0.625,0,0,0,0,0,0,2,0.125,5,3.7064999999999997,16,1
700,0,0,8,0.25806451612903225,2,2.9652,16,0.5161290322580645,0,0,7,0.22580645161290322,0,0,6,0.1935483870967742,8,7.412999999999999,31,1
701,0,0,11,0.18333333333333332,0,0,28,0.4666666666666667,0,0,16,0.26666666666666666,1,1.4826,31,0.5166666666666667,12,10.3782,60,1
702,0,0,8,0.26666666666666666,31,45.9606,20,0.6666666666666666,0,0,9,0.3,0,0,6,0.2,5.5,5.1891,30,1
703,0,0,0,0,0,0,8,0.4444444444444444,0,0,0,0,0,0,0,0,9,4.4478,18,1
705,0,0,9,0.28125,9.5,14.0847,18,0.5625,0,0,11,0.34375,0,0,14,0.4375,6.5,6.6716999999999995,32,1
706,0,0,13,0.4482758620689655,0,0,14,0.4827586206896552,0,0,12,0.41379310344827586,0,0,9,0.3103448275862069,14,11.8608,29,1
707,0,0,13,0.40625,0,0,6,0.1875,0,0,13,0.40625,0,0,3,0.09375,17,12.6021,32,1
708,0,0,14,0.42424242424242425,11,16.3086,20,0.6060606060606061,0,0,9,0.2727272727272727,0,0,7,0.21212121212121213,9,7.412999999999999,33,1
709,0,0,1,0.047619047619047616,8,11.8608,13,0.6190476190476191,0,0,1,0.047619047619047616,0,0,0,0,7,7.412999999999999,21,1
710,0,0,16,0.45714285714285713,0,0,14,0.4,1,1.4826,19,0.5428571428571428,0,0,9,0.2571428571428571,6,5.9304,35,1
712,0,0,1,0.05263157894736842,77,114.16019999999999,14,0.7368421052631579,0,0,0,0,0,0,1,0.05263157894736842,5,4.4478,19,1
713,0,0,8,0.24242424242424243,19,28.1694,23,0.696969696969697,0,0,11,0.3333333333333333,0,0,9,0.2727272727272727,10,10.3782,33,1
714,0,0,8,0.32,37,54.856199999999994,15,0.6,0,0,1,0.04,0,0,3,0.12,12,11.8608,25,1
717,0,0,3,0.15789473684210525,23,34.099799999999995,11,0.5789473684210527,0,0,3,0.15789473684210525,0,0,1,0.05263157894736842,5,5.9304,19,1
718,0,0,2,0.07407407407407407,32,47.4432,16,0.5925925925925926,0,0,1,0.037037037037037035,0,0,1,0.037037037037037035,11,11.8608,27,1
720,0,0,7,0.2,17,25.2042,20,0.5714285714285714,0,0,11,0.3142857142857143,0,0,10,0.2857142857142857,8,7.412999999999999,35,1
721,0,0,18,0.3333333333333333,0,0,19,0.35185185185185186,0,0,16,0.2962962962962963,0,0,17,0.3148148148148148,7,6.6716999999999995,54,1
722,0,0,11,0.3055555555555556,0,0,17,0.4722222222222222,0,0,8,0.2222222222222222,0,0,1,0.027777777777777776,15,15.5673,36,1
723,0,0,2,0.08333333333333333,40,43.7367,17,0.7083333333333334,0,0,5,0.20833333333333334,0,0,8,0.3333333333333333,15.5,19.273799999999998,24,1
724,0,0,10,0.30303030303030304,0,0,15,0.45454545454545453,0,0,11,0.3333333333333333,0,0,9,0.2727272727272727,14,10.3782,33,1
727,0,0,12,0.3,0.5,0.7413,20,0.5,0,0,6,0.15,0,0,1,0.025,8.5,6.6716999999999995,40,1
728,5,7.412999999999999,19,0.5277777777777778,9.5,14.0847,21,0.5833333333333334,0.5,0.7413,18,0.5,0,0,14,0.3888888888888889,7.5,6.6716999999999995,36,1
729,0,0,5,0.19230769230769232,42.5,63.01049999999999,16,0.6153846153846154,0,0,3,0.11538461538461539,0,0,1,0.038461538461538464,16,14.0847,26,1
730,0,0,1,0.047619047619047616,51,60.7866,16,0.7619047619047619,0,0,3,0.14285714285714285,0,0,5,0.23809523809523808,5,4.4478,21,1
731,0,0,10,0.47619047619047616,0,0,9,0.42857142857142855,0,0,10,0.47619047619047616,0,0,7,0.3333333333333333,19,8.8956,21,1
732,0,0,3,0.07142857142857142,0,0,18,0.42857142857142855,0,0,4,0.09523809523809523,0,0,8,0.19047619047619047,5.5,5.1891,42,1
733,0,0,7,0.2692307692307692,2.5,3.7064999999999997,13,0.5,0,0,6,0.23076923076923078,0,0,2,0.07692307692307693,8.5,8.8956,26,1
734,0,0,6,0.24,5,7.412999999999999,13,0.52,0,0,6,0.24,0,0,2,0.08,11,8.8956,25,1
735,0,0,4,0.19047619047619047,37,54.856199999999994,14,0.6666666666666666,0,0,2,0.09523809523809523,0,0,9,0.42857142857142855,8,7.412999999999999,21,1
736,0,0,17,0.4358974358974359,11,16.3086,24,0.6153846153846154,0,0,19,0.48717948717948717,0,0,3,0.07692307692307693,18,14.825999999999999,39,1
737,0,0,2,0.2,0,0,2,0.2,0,0,2,0.2,0,0,2,0.2,7,3.7064999999999997,10,1
738,0,0,12,0.27906976744186046,0,0,21,0.4883720930232558,0,0,18,0.4186046511627907,0,0,17,0.3953488372093023,8,5.9304,43,1
739,0,0,1,0.06666666666666667,116,75.6126,15,1,0,0,1,0.06666666666666667,0,0,0,0,8,2.9652,15,1
740,0,0,0,0,0,0,5,0.45454545454545453,0,0,3,0.2727272727272727,0,0,2,0.18181818181818182,9,7.412999999999999,11,1
741,0,0,14,0.4666666666666667,11.5,17.049899999999997,16,0.5333333333333333,4.5,6.6716999999999995,17,0.5666666666666667,2,2.9652,19,0.6333333333333333,13.5,10.3782,30,1
743,0,0,6,0.23076923076923078,24,35.5824,17,0.6538461538461539,0,0,8,0.3076923076923077,0,0,10,0.38461538461538464,12.5,12.6021,26,1
744,0,0,2,0.058823529411764705,20.5,30.3933,22,0.6470588235294118,0,0,5,0.14705882352941177,0,0,5,0.14705882352941177,6,5.9304,34,1
745,0,0,8,0.27586206896551724,0,0,12,0.41379310344827586,0,0,10,0.3448275862068966,0,0,5,0.1724137931034483,12,8.8956,29,1
746,0,0,10,0.4,18,26.686799999999998,15,0.6,0,0,8,0.32,0,0,3,0.12,5,4.4478,25,1
747,0,0,4,0.21052631578947367,47,32.6172,16,0.8421052631578947,0,0,5,0.2631578947368421,0,0,4,0.21052631578947367,2,1.4826,19,1
748,0,0,6,0.2857142857142857,25,37.065,17,0.8095238095238095,0,0,6,0.2857142857142857,0,0,5,0.23809523809523808,25,25.2042,21,1
749,0,0,1,0.05263157894736842,24,35.5824,10,0.5263157894736842,0,0,2,0.10526315789473684,0,0,3,0.15789473684210525,51,40.0302,19,1
750,0,0,6,0.3,37.5,55.5975,14,0.7,0,0,2,0.1,0,0,2,0.1,5,2.9652,20,1
751,0,0,10,0.4166666666666667,41,60.7866,18,0.75,0,0,11,0.4583333333333333,0,0,3,0.125,7.5,6.6716999999999995,22,0.9166666666666666
753,0,0,9,0.3333333333333333,1,1.4826,15,0.5555555555555556,0,0,7,0.25925925925925924,0,0,6,0.2222222222222222,13,10.3782,27,1
754,0,0,0,0,67,54.856199999999994,17,0.8095238095238095,0,0,2,0.09523809523809523,0,0,4,0.19047619047619047,6,7.412999999999999,21,1
755,0,0,11,0.3055555555555556,0.5,0.7413,18,0.5,0,0,6,0.16666666666666666,0,0,8,0.2222222222222222,8.5,8.8956,35,0.9722222222222222
756,60.5,89.6973,6,0.75,45.5,45.9606,5,0.625,17,13.343399999999999,6,0.75,0,0,2,0.25,7,5.1891,8,1
757,0,0,7,0.25925925925925924,45,66.717,20,0.7407407407407407,0,0,5,0.18518518518518517,0,0,3,0.1111111111111111,5,4.4478,27,1
758,0,0,0,0,17,25.2042,16,0.5161290322580645,0,0,3,0.0967741935483871,0,0,1,0.03225806451612903,3,2.9652,31,1
759,0,0,6,0.3333333333333333,0,0,3,0.16666666666666666,0,0,5,0.2777777777777778,0,0,3,0.16666666666666666,6,4.4478,18,1
760,0,0,1,0.043478260869565216,46,68.19959999999999,15,0.6521739130434783,0,0,0,0,0,0,1,0.043478260869565216,4,2.9652,23,1
761,0,0,4,0.14285714285714285,47,68.19959999999999,19,0.6785714285714286,0,0,6,0.21428571428571427,0,0,8,0.2857142857142857,14,11.8608,28,1
762,0,0,2,0.07142857142857142,37,54.856199999999994,20,0.7142857142857143,0,0,5,0.17857142857142858,0,0,2,0.07142857142857142,8,8.8956,28,1
763,0,0,0,0,39,57.8214,14,0.8235294117647058,0,0,1,0.058823529411764705,0,0,2,0.11764705882352941,6,4.4478,17,1
764,0,0,3,0.13043478260869565,2,2.9652,15,0.6521739130434783,0,0,1,0.043478260869565216,0,0,2,0.08695652173913043,24,14.825999999999999,23,1
765,0,0,1,0.04,35,51.891,15,0.6,0,0,4,0.16,0,0,2,0.08,6,5.9304,25,1
767,0,0,11,0.275,1.5,2.2239,21,0.525,0,0,10,0.25,0,0,4,0.1,12.5,11.119499999999999,40,1
768,0,0,10,0.30303030303030304,39,57.8214,19,0.5757575757575758,0,0,8,0.24242424242424243,0,0,5,0.15151515151515152,7,5.9304,33,1
769,0,0,0,0,82.5,120.83189999999999,13,0.7222222222222222,0,0,1,0.05555555555555555,0,0,3,0.16666666666666666,5.5,5.1891,18,1
770,0,0,15,0.39473684210526316,17,25.2042,25,0.6578947368421053,0,0,10,0.2631578947368421,0,0,3,0.07894736842105263,12,8.8956,38,1
771,0,0,10,0.2564102564102564,0,0,19,0.48717948717948717,0,0,10,0.2564102564102564,0,0,10,0.2564102564102564,7,5.9304,38,0.9743589743589743
772,0,0,1,0.034482758620689655,15,22.238999999999997,15,0.5172413793103449,0,0,0,0,0,0,1,0.034482758620689655,6,4.4478,29,1
773,0,0,4,0.17391304347826086,25,37.065,14,0.6086956521739131,0,0,5,0.21739130434782608,0,0,3,0.13043478260869565,4,4.4478,23,1
774,0,0,0,0,57,84.5082,1,0.5,0,0,0,0,0,0,0,0,6,4.4478,2,1
775,0,0,11,0.4074074074074074,31,45.9606,18,0.6666666666666666,0,0,13,0.48148148148148145,0,0,3,0.1111111111111111,9,11.8608,24,0.8888888888888888
777,0,0,13,0.4642857142857143,39,56.3388,17,0.6071428571428571,0,0,13,0.4642857142857143,0,0,1,0.03571428571428571,5,4.4478,27,0.9642857142857143
778,0,0,7,0.25,35.5,51.149699999999996,22,0.7857142857142857,0,0,3,0.10714285714285714,0,0,8,0.2857142857142857,11.5,10.3782,28,1
779,0,0,4,0.13793103448275862,0,0,12,0.41379310344827586,0,0,2,0.06896551724137931,0,0,8,0.27586206896551724,10,8.8956,29,1
780,0,0,0,0,17,25.2042,16,0.7272727272727273,0,0,1,0.045454545454545456,0,0,4,0.18181818181818182,14,11.8608,22,1
781,0,0,3,0.13636363636363635,0.5,0.7413,11,0.5,0,0,6,0.2727272727272727,0,0,3,0.13636363636363635,9,8.1543,21,0.9545454545454546
782,0,0,4,0.26666666666666666,8,11.8608,9,0.6,0,0,2,0.13333333333333333,0,0,3,0.2,11,10.3782,15,1
784,0,0,4,0.2,17,25.2042,16,0.8,0,0,2,0.1,0,0,1,0.05,14,15.5673,20,1
786,0,0,9,0.3103448275862069,59,87.4734,21,0.7241379310344828,0,0,4,0.13793103448275862,0,0,2,0.06896551724137931,7,7.412999999999999,29,1
787,0,0,11,0.28205128205128205,0,0,19,0.48717948717948717,0,0,12,0.3076923076923077,0,0,11,0.28205128205128205,9,7.412999999999999,39,1
788,0,0,6,0.25,1,1.4826,13,0.5416666666666666,0,0,6,0.25,0,0,1,0.041666666666666664,9.5,8.1543,24,1
789,0,0,4,0.16666666666666666,20.5,30.3933,17,0.7083333333333334,0,0,9,0.375,0,0,1,0.041666666666666664,15.5,6.6716999999999995,24,1
790,0,0,10,0.2702702702702703,0,0,10,0.2702702702702703,0,0,10,0.2702702702702703,0,0,12,0.32432432432432434,16,11.8608,37,1
791,0,0,10,0.3125,0,0,15,0.46875,0,0,15,0.46875,0,0,9,0.28125,12,13.343399999999999,32,1
792,0,0,4,0.12903225806451613,36,53.373599999999996,19,0.6129032258064516,0,0,9,0.2903225806451613,0,0,5,0.16129032258064516,9,8.8956,30,0.967741935483871
793,0,0,12,0.35294117647058826,5.5,8.1543,21,0.6176470588235294,0,0,8,0.23529411764705882,0,0,7,0.20588235294117646,7,5.9304,34,1
794,0,0,14,0.4375,4.5,6.6716999999999995,22,0.6875,0,0,13,0.40625,0,0,7,0.21875,11.5,12.6021,32,1
795,0,0,17,0.3148148148148148,1.5,2.2239,34,0.6296296296296297,0,0,24,0.4444444444444444,1,1.4826,38,0.7037037037037037,23,14.825999999999999,54,1
797,0,0,1,0.07692307692307693,93,83.0256,9,0.6923076923076923,0,0,0,0,0,0,2,0.15384615384615385,2,1.4826,13,1
798,0,0,4,0.18181818181818182,0.5,0.7413,11,0.5,0,0,2,0.09090909090909091,0,0,4,0.18181818181818182,9,8.1543,22,1
799,0,0,3,0.10714285714285714,1,1.4826,15,0.5357142857142857,0,0,6,0.21428571428571427,0,0,2,0.07142857142857142,5.5,5.1891,27,0.9642857142857143
800,0,0,3,0.09375,0,0,14,0.4375,0,0,3,0.09375,0,0,0,0,13.5,14.0847,32,1
801,0,0,10,0.35714285714285715,24,35.5824,16,0.5714285714285714,0,0,7,0.25,0,0,10,0.35714285714285715,11.5,6.6716999999999995,28,1
803,0,0,9,0.36,19,28.1694,14,0.56,0,0,9,0.36,0,0,11,0.44,10,7.412999999999999,25,1
804,0,0,4,0.14285714285714285,23,34.099799999999995,18,0.6428571428571429,0,0,3,0.10714285714285714,0,0,5,0.17857142857142858,8,5.9304,28,1
806,0,0,4,0.11428571428571428,1,1.4826,20,0.5714285714285714,0,0,6,0.17142857142857143,0,0,6,0.17142857142857143,11,10.3782,34,0.9714285714285714
807,0,0,1,0.037037037037037035,53,78.5778,19,0.7037037037037037,0,0,1,0.037037037037037035,0,0,3,0.1111111111111111,4,4.4478,25,0.9259259259259259
808,0,0,20,0.47619047619047616,1,1.4826,23,0.5476190476190477,0,0,14,0.3333333333333333,0,0,2,0.047619047619047616,16.5,15.5673,41,0.9761904761904762
810,0,0,11,0.3548387096774194,35,51.891,18,0.5806451612903226,0,0,7,0.22580645161290322,0,0,6,0.1935483870967742,9,8.8956,31,1
811,0,0,10,0.35714285714285715,0,0,11,0.39285714285714285,0,0,11,0.39285714285714285,0,0,5,0.17857142857142858,10,10.3782,28,1
813,0,0,0,0,0,0,11,0.4782608695652174,0,0,0,0,0,0,6,0.2608695652173913,9,7.412999999999999,23,1
814,0,0,2,0.0625,26,38.547599999999996,19,0.59375,0,0,2,0.0625,0,0,3,0.09375,10,9.636899999999999,31,0.96875
816,0,0,13,0.40625,7,10.3782,18,0.5625,0,0,14,0.4375,1,1.4826,18,0.5625,11.5,11.8608,32,1
818,0,0,10,0.24390243902439024,0,0,20,0.4878048780487805,0,0,9,0.21951219512195122,0,0,3,0.07317073170731707,11,8.8956,40,0.975609756097561
820,0,0,1,0.03225806451612903,0,0,14,0.45161290322580644,0,0,2,0.06451612903225806,0,0,1,0.03225806451612903,5,5.9304,31,1
821,0,0,14,0.3333333333333333,0,0,20,0.47619047619047616,0,0,11,0.2619047619047619,0,0,11,0.2619047619047619,8,5.1891,42,1
822,0,0,2,0.09090909090909091,2,2.9652,12,0.5454545454545454,0,0,6,0.2727272727272727,0,0,2,0.09090909090909091,11,12.6021,22,1
823,0,0,2,0.05,0,0,18,0.45,0,0,2,0.05,0,0,2,0.05,11.5,15.5673,40,1
825,0,0,8,0.3076923076923077,16.5,24.462899999999998,15,0.5769230769230769,0,0,9,0.34615384615384615,0,0,6,0.23076923076923078,10,11.8608,26,1
826,0,0,1,0.02702702702702703,2,2.9652,24,0.6486486486486487,0,0,5,0.13513513513513514,0,0,6,0.16216216216216217,8,8.8956,37,1
827,0,0,4,0.125,35,51.891,18,0.5625,0,0,10,0.3125,0,0,3,0.09375,16.5,15.5673,31,0.96875
828,0,0,9,0.3,43,63.751799999999996,19,0.6333333333333333,0,0,9,0.3,0,0,3,0.1,14,11.8608,30,1
830,0,0,3,0.10714285714285714,17,25.2042,17,0.6071428571428571,0,0,4,0.14285714285714285,0,0,5,0.17857142857142858,10.5,11.8608,28,1
832,0,0,4,0.13793103448275862,15,22.238999999999997,17,0.5862068965517241,0,0,4,0.13793103448275862,0,0,5,0.1724137931034483,17,20.7564,29,1
833,0,0,6,0.21428571428571427,33.5,48.925799999999995,20,0.7142857142857143,0,0,7,0.25,0,0,6,0.21428571428571427,6,6.6716999999999995,27,0.9642857142857143
834,0,0,6,0.23076923076923078,0,0,12,0.46153846153846156,0,0,6,0.23076923076923078,0,0,5,0.19230769230769232,12,13.343399999999999,26,1
835,0,0,1,0.045454545454545456,35,51.891,14,0.6363636363636364,0,0,3,0.13636363636363635,0,0,0,0,9,10.3782,22,1
837,0,0,19,0.4523809523809524,4.5,6.6716999999999995,24,0.5714285714285714,0,0,5,0.11904761904761904,0,0,2,0.047619047619047616,14,15.5673,42,1
839,0,0,11,0.28205128205128205,0,0,16,0.41025641025641024,0,0,5,0.1282051282051282,0,0,0,0,8,7.412999999999999,39,1
840,0,0,9,0.3103448275862069,22,32.6172,18,0.6206896551724138,0,0,9,0.3103448275862069,0,0,5,0.1724137931034483,16,14.825999999999999,28,0.9655172413793104
841,0,0,7,0.23333333333333334,41.5,60.0453,23,0.7666666666666667,0,0,9,0.3,0,0,1,0.03333333333333333,9,7.412999999999999,30,1
843,0,0,17,0.4857142857142857,0,0,17,0.4857142857142857,0,0,16,0.45714285714285713,0,0,16,0.45714285714285713,10,7.412999999999999,35,1
844,0,0,0,0,0,0,20,0.4444444444444444,0,0,9,0.2,0,0,1,0.022222222222222223,8,7.412999999999999,44,0.9777777777777777
845,1.5,2.2239,13,0.5,15.5,22.9803,15,0.5769230769230769,1,1.4826,13,0.5,0,0,12,0.46153846153846156,10,8.8956,26,1
847,0,0,6,0.21428571428571427,35,51.149699999999996,21,0.75,0,0,2,0.07142857142857142,0,0,2,0.07142857142857142,13,14.0847,28,1
848,0,0,15,0.36585365853658536,2,2.9652,23,0.5609756097560976,0,0,11,0.2682926829268293,0,0,8,0.1951219512195122,10,7.412999999999999,40,0.975609756097561
849,0,0,12,0.3076923076923077,3,4.4478,23,0.5897435897435898,0,0,11,0.28205128205128205,0,0,1,0.02564102564102564,8,7.412999999999999,39,1
850,0,0,3,0.10344827586206896,37,54.856199999999994,20,0.6896551724137931,0,0,6,0.20689655172413793,0,0,5,0.1724137931034483,11,14.825999999999999,29,1
851,0,0,1,0.03125,31.5,46.701899999999995,20,0.625,0,0,1,0.03125,0,0,6,0.1875,5,5.1891,32,1
852,0,0,11,0.28205128205128205,0,0,16,0.41025641025641024,0,0,13,0.3333333333333333,2,1.4826,29,0.7435897435897436,12,10.3782,39,1
853,0,0,8,0.19047619047619047,1,1.4826,24,0.5714285714285714,0,0,9,0.21428571428571427,0,0,7,0.16666666666666666,8.5,8.8956,42,1
854,0,0,20,0.47619047619047616,0,0,18,0.42857142857142855,2,2.9652,21,0.5,1,1.4826,22,0.5238095238095238,16.5,16.3086,41,0.9761904761904762
855,0,0,1,0.04,21,31.1346,16,0.64,0,0,4,0.16,0,0,1,0.04,5,5.9304,25,1
856,0,0,10,0.3225806451612903,15,22.238999999999997,21,0.6774193548387096,0,0,10,0.3225806451612903,0,0,8,0.25806451612903225,16,17.7912,31,1
857,0,0,15,0.375,5,7.412999999999999,23,0.575,0,0,8,0.2,0,0,5,0.125,9,7.412999999999999,40,1
858,0,0,15,0.45454545454545453,6,8.8956,17,0.5151515151515151,0,0,14,0.42424242424242425,0,0,5,0.15151515151515152,15,16.3086,33,1
859,36.5,54.1149,21,0.5833333333333334,1,1.4826,19,0.5277777777777778,0,0,17,0.4722222222222222,0,0,4,0.1111111111111111,28,25.9455,35,0.9722222222222222
860,0,0,4,0.13793103448275862,13,19.273799999999998,19,0.6551724137931034,0,0,5,0.1724137931034483,0,0,6,0.20689655172413793,9,10.3782,29,1
861,0,0,0,0,1,1.4826,12,0.5714285714285714,0,0,1,0.047619047619047616,0,0,3,0.14285714285714285,7,5.9304,21,1
862,0,0,7,0.3888888888888889,8.5,12.6021,9,0.5,0,0,7,0.3888888888888889,1,1.4826,11,0.6111111111111112,13.5,13.343399999999999,18,1
863,0,0,3,0.23076923076923078,3,4.4478,7,0.5384615384615384,0,0,3,0.23076923076923078,0,0,3,0.23076923076923078,31,16.3086,13,1
864,0,0,12,0.3157894736842105,0.5,0.7413,19,0.5,0,0,12,0.3157894736842105,0,0,5,0.13157894736842105,11,10.3782,38,1
865,0,0,8,0.2222222222222222,25.5,37.8063,26,0.7222222222222222,0,0,7,0.19444444444444445,0,0,6,0.16666666666666666,12.5,14.825999999999999,36,1
866,0,0,1,0.045454545454545456,1,1.4826,11,0.5,0,0,3,0.13636363636363635,0,0,1,0.045454545454545456,9,8.8956,22,1
867,3,4.4478,26,0.5652173913043478,0,0,22,0.4782608695652174,1.5,2.2239,24,0.5217391304347826,0,0,11,0.2391304347826087,19,14.825999999999999,46,1
868,0,0,15,0.38461538461538464,1,1.4826,21,0.5384615384615384,0,0,6,0.15384615384615385,0,0,4,0.10256410256410256,10,7.412999999999999,39,1
869,0,0,6,0.15789473684210525,1.5,2.2239,21,0.5526315789473685,0,0,10,0.2631578947368421,0,0,8,0.21052631578947367,15.5,19.273799999999998,38,1
870,0,0,7,0.3333333333333333,51,68.19959999999999,17,0.8095238095238095,0,0,6,0.2857142857142857,0,0,3,0.14285714285714285,6,5.9304,21,1
871,0,0,11,0.34375,29,37.065,21,0.65625,0,0,12,0.375,0,0,4,0.125,17.5,14.825999999999999,32,1
872,0,0,10,0.23809523809523808,4.5,6.6716999999999995,25,0.5952380952380952,0,0,10,0.23809523809523808,0,0,2,0.047619047619047616,10,7.412999999999999,42,1
873,0,0,11,0.3333333333333333,3,4.4478,18,0.5454545454545454,0,0,16,0.48484848484848486,0,0,3,0.09090909090909091,18,19.273799999999998,33,1
874,0,0,10,0.3225806451612903,1,1.4826,16,0.5161290322580645,0,0,11,0.3548387096774194,0,0,2,0.06451612903225806,16,14.825999999999999,31,1
875,0,0,11,0.3055555555555556,6.5,9.636899999999999,18,0.5,0,0,5,0.1388888888888889,0,0,2,0.05555555555555555,13,12.6021,36,1
876,9.5,14.0847,3,0.5,4,5.9304,4,0.6666666666666666,0,0,1,0.16666666666666666,0,0,0,0,24.5,10.3782,6,1
877,0,0,10,0.21739130434782608,0,0,22,0.4782608695652174,0,0,16,0.34782608695652173,0,0,8,0.17391304347826086,10,11.119499999999999,46,1
878,0,0,0,0,196,0,1,1,0,0,0,0,0,0,0,0,2,0,1,1
879,0,0,15,0.35714285714285715,0,0,20,0.47619047619047616,0,0,11,0.2619047619047619,0,0,14,0.3333333333333333,17.5,11.8608,42,1
880,0,0,12,0.36363636363636365,1,1.4826,17,0.5151515151515151,0,0,7,0.21212121212121213,0,0,4,0.12121212121212122,12,11.8608,33,1
881,0,0,1,0.037037037037037035,0,0,11,0.4074074074074074,0,0,3,0.1111111111111111,0,0,5,0.18518518518518517,6,4.4478,27,1
882,0,0,10,0.25,0.5,0.7413,20,0.5,0,0,10,0.25,0,0,6,0.15,10.5,8.8956,40,1
884,0,0,11,0.2391304347826087,0.5,0.7413,23,0.5,0,0,16,0.34782608695652173,0,0,2,0.043478260869565216,12,11.119499999999999,46,1
885,6,8.8956,27,0.5869565217391305,4,5.9304,25,0.5434782608695652,0,0,20,0.43478260869565216,0,0,16,0.34782608695652173,10.5,8.8956,46,1
886,1.5,2.2239,30,0.5,15.5,22.9803,34,0.5666666666666667,7.5,11.119499999999999,37,0.6166666666666667,0,0,12,0.2,33,22.9803,58,0.9666666666666667
887,0,0,7,0.35,48,38.547599999999996,17,0.85,0,0,8,0.4,0,0,1,0.05,15,17.049899999999997,20,1
888,0,0,19,0.4222222222222222,0,0,22,0.4888888888888889,0,0,19,0.4222222222222222,2,2.9652,30,0.6666666666666666,22,17.7912,45,1
889,0,0,13,0.26,1,1.4826,31,0.62,0,0,11,0.22,0,0,7,0.14,19.5,21.4977,50,1
890,0,0,0,0,13,19.273799999999998,7,0.5833333333333334,0,0,0,0,0,0,2,0.16666666666666666,10,10.3782,12,1
891,0,0,7,0.28,0,0,10,0.4,0,0,7,0.28,0,0,4,0.16,12,7.412999999999999,25,1
892,0,0,3,0.07142857142857142,0,0,17,0.40476190476190477,0,0,8,0.19047619047619047,0,0,0,0,11.5,11.119499999999999,42,1
893,0,0,6,0.20689655172413793,3,4.4478,16,0.5517241379310345,0,0,5,0.1724137931034483,0,0,1,0.034482758620689655,11,13.343399999999999,29,1
894,0,0,5,0.25,14,20.7564,14,0.7,0,0,2,0.1,0,0,2,0.1,12,11.8608,20,1
895,0,0,17,0.4857142857142857,1,1.4826,18,0.5142857142857142,0,0,14,0.4,0,0,12,0.34285714285714286,8,7.412999999999999,35,1
896,0,0,7,0.14583333333333334,0,0,23,0.4791666666666667,0,0,10,0.20833333333333334,0,0,3,0.0625,19,20.0151,48,1
897,0,0,3,0.09090909090909091,21,31.1346,20,0.6060606060606061,0,0,1,0.030303030303030304,0,0,4,0.12121212121212122,8,7.412999999999999,33,1
898,0,0,3,0.15,55,53.373599999999996,14,0.7,0,0,0,0,0,0,1,0.05,4,4.4478,20,1
899,0,0,4,0.14814814814814814,0,0,13,0.48148148148148145,0,0,3,0.1111111111111111,0,0,3,0.1111111111111111,11,13.343399999999999,27,1
900,0,0,15,0.40540540540540543,0,0,15,0.40540540540540543,0,0,5,0.13513513513513514,0,0,5,0.13513513513513514,12,10.3782,36,0.972972972972973
901,0,0,3,0.13043478260869565,30,40.0302,17,0.7391304347826086,0,0,1,0.043478260869565216,0,0,2,0.08695652173913043,2,1.4826,23,1
902,0,0,8,0.27586206896551724,1,1.4826,17,0.5862068965517241,0,0,4,0.13793103448275862,0,0,1,0.034482758620689655,9,10.3782,29,1
905,0,0,8,0.22857142857142856,13,19.273799999999998,20,0.5714285714285714,0,0,6,0.17142857142857143,0,0,3,0.08571428571428572,13,8.8956,35,1
907,0,0,10,0.2631578947368421,0,0,18,0.47368421052631576,0,0,13,0.34210526315789475,0,0,3,0.07894736842105263,6,5.9304,37,0.9736842105263158
908,0,0,2,0.09090909090909091,0,0,9,0.4090909090909091,0,0,1,0.045454545454545456,0,0,3,0.13636363636363635,5.5,3.7064999999999997,22,1
909,0,0,11,0.36666666666666664,23,34.099799999999995,18,0.6,0,0,10,0.3333333333333333,0,0,12,0.4,15.5,9.636899999999999,30,1
910,0,0,1,0.05263157894736842,75,45.9606,17,0.8947368421052632,0,0,0,0,0,0,0,0,1,0,19,1
911,0,0,1,0.034482758620689655,2,2.9652,15,0.5172413793103449,0,0,4,0.13793103448275862,0,0,2,0.06896551724137931,5,5.9304,29,1
912,0,0,17,0.4146341463414634,9,13.343399999999999,24,0.5853658536585366,0,0,15,0.36585365853658536,0,0,8,0.1951219512195122,22,17.7912,41,1
913,0,0,3,0.16666666666666666,12,17.7912,13,0.7222222222222222,0,0,3,0.16666666666666666,0,0,8,0.4444444444444444,10,10.3782,18,1
914,0,0,14,0.3783783783783784,9,13.343399999999999,21,0.5675675675675675,0,0,13,0.35135135135135137,0,0,2,0.05405405405405406,11,7.412999999999999,37,1
916,0,0,0,0,47,66.717,17,0.7083333333333334,0,0,1,0.041666666666666664,0,0,2,0.08333333333333333,3,2.9652,24,1
917,0,0,7,0.21875,2.5,3.7064999999999997,23,0.71875,0,0,11,0.34375,0,0,8,0.25,17.5,17.049899999999997,32,1
918,0,0,2,0.058823529411764705,0.5,0.7413,17,0.5,0,0,4,0.11764705882352941,0,0,2,0.058823529411764705,13,14.0847,34,1
919,0,0,14,0.35,0,0,17,0.425,0,0,8,0.2,0,0,4,0.1,7,5.9304,39,0.975
920,0,0,17,0.4722222222222222,0.5,0.7413,18,0.5,5,7.412999999999999,19,0.5277777777777778,0,0,8,0.2222222222222222,21,22.238999999999997,36,1
921,0,0,3,0.12,1,1.4826,13,0.52,0,0,0,0,0,0,7,0.28,19,14.825999999999999,25,1
922,0,0,5,0.23809523809523808,65,45.9606,17,0.8095238095238095,0,0,5,0.23809523809523808,0,0,5,0.23809523809523808,17,22.238999999999997,21,1
923,0,0,9,0.23076923076923078,0,0,18,0.46153846153846156,0,0,15,0.38461538461538464,0,0,4,0.10256410256410256,14,14.825999999999999,39,1
924,0,0,12,0.3157894736842105,0,0,18,0.47368421052631576,0,0,9,0.23684210526315788,0,0,6,0.15789473684210525,13,11.8608,38,1
925,0,0,12,0.35294117647058826,1,1.4826,19,0.5588235294117647,0,0,10,0.29411764705882354,0,0,5,0.14705882352941177,10.5,11.8608,34,1
926,0,0,7,0.14893617021276595,1,1.4826,25,0.5319148936170213,0,0,15,0.3191489361702128,0,0,2,0.0425531914893617,6,7.412999999999999,47,1
927,0,0,2,0.08695652173913043,0,0,9,0.391304347826087,0,0,0,0,0,0,3,0.13043478260869565,7,7.412999999999999,22,0.9565217391304348
928,0,0,16,0.4444444444444444,31,45.9606,21,0.5833333333333334,0,0,17,0.4722222222222222,0,0,6,0.16666666666666666,17,9.636899999999999,36,1
929,0,0,21,0.42,0,0,23,0.46,0,0,23,0.46,0,0,4,0.08,22.5,20.7564,50,1
930,3,4.4478,19,0.5588235294117647,10,14.825999999999999,21,0.6176470588235294,0,0,13,0.38235294117647056,0,0,12,0.35294117647058826,17,17.049899999999997,34,1
932,0,0,6,0.21428571428571427,17,25.2042,17,0.6071428571428571,0,0,6,0.21428571428571427,0,0,1,0.03571428571428571,9,8.8956,28,1
933,0,0,9,0.2571428571428571,2,2.9652,24,0.6857142857142857,0,0,4,0.11428571428571428,0,0,4,0.11428571428571428,15,16.3086,35,1
934,0,0,7,0.23333333333333334,15,22.238999999999997,18,0.6,0,0,6,0.2,0,0,1,0.03333333333333333,7.5,7.412999999999999,30,1
935,0,0,9,0.20930232558139536,1,1.4826,23,0.5348837209302325,0,0,15,0.3488372093023256,0,0,9,0.20930232558139536,19,14.825999999999999,43,1
936,0,0,18,0.47368421052631576,2,2.9652,20,0.5263157894736842,4,5.9304,19,0.5,0,0,9,0.23684210526315788,10,7.412999999999999,38,1
937,0,0,2,0.07142857142857142,42,62.2692,19,0.6785714285714286,0,0,4,0.14285714285714285,0,0,3,0.10714285714285714,3,2.9652,28,1
938,0,0,3,0.15,56,83.0256,14,0.7,0,0,4,0.2,0,0,1,0.05,6.5,5.1891,20,1
940,0,0,15,0.38461538461538464,19,28.1694,22,0.5641025641025641,0,0,13,0.3333333333333333,0,0,5,0.1282051282051282,10,7.412999999999999,39,1
941,0,0,16,0.3404255319148936,11,16.3086,28,0.5957446808510638,9,13.343399999999999,30,0.6382978723404256,0,0,6,0.1276595744680851,16,11.8608,47,1
942,0,0,2,0.07407407407407407,37,44.477999999999994,20,0.7407407407407407,0,0,10,0.37037037037037035,0,0,2,0.07407407407407407,13,11.8608,27,1
943,0,0,12,0.41379310344827586,27,40.0302,20,0.6896551724137931,0,0,8,0.27586206896551724,0,0,6,0.20689655172413793,9,10.3782,29,1
944,0,0,9,0.225,0,0,17,0.425,0,0,12,0.3,0,0,10,0.25,10,7.412999999999999,40,1
945,0,0,19,0.4222222222222222,0,0,20,0.4444444444444444,0,0,20,0.4444444444444444,1,1.4826,24,0.5333333333333333,9,8.8956,45,1
946,0,0,11,0.2682926829268293,0,0,12,0.2926829268292683,0,0,9,0.21951219512195122,0,0,2,0.04878048780487805,20,14.825999999999999,41,1
947,0,0,5,0.14705882352941177,10.5,15.5673,17,0.5,0,0,10,0.29411764705882354,0,0,10,0.29411764705882354,9.5,7.412999999999999,34,1
948,0,0,12,0.27906976744186046,1,1.4826,22,0.5116279069767442,0,0,9,0.20930232558139536,0,0,3,0.06976744186046512,10,8.8956,43,1
949,0,0,11,0.3055555555555556,10,14.825999999999999,20,0.5555555555555556,0,0,14,0.3888888888888889,0,0,12,0.3333333333333333,14.5,14.0847,35,0.9722222222222222
950,0,0,11,0.22916666666666666,0,0,18,0.375,0,0,18,0.375,0,0,14,0.2916666666666667,13.5,11.119499999999999,48,1
951,0,0,6,0.125,0,0,22,0.4583333333333333,0,0,11,0.22916666666666666,0,0,4,0.08333333333333333,7.5,6.6716999999999995,47,0.9791666666666666
953,0,0,2,0.08,21,31.1346,17,0.68,0,0,4,0.16,0,0,0,0,4,4.4478,25,1
954,0,0,14,0.3333333333333333,0.5,0.7413,21,0.5,0,0,14,0.3333333333333333,0,0,17,0.40476190476190477,10,8.8956,41,0.9761904761904762
955,0,0,23,0.4791666666666667,1,1.4826,28,0.5833333333333334,0,0,14,0.2916666666666667,0,0,14,0.2916666666666667,12,10.3782,47,0.9791666666666666
956,0,0,13,0.41935483870967744,29,42.9954,22,0.7096774193548387,0,0,9,0.2903225806451613,0,0,2,0.06451612903225806,8,7.412999999999999,30,0.967741935483871
957,0,0,4,0.14814814814814814,46,66.717,17,0.6296296296296297,0,0,4,0.14814814814814814,0,0,1,0.037037037037037035,7,8.8956,27,1
958,0,0,13,0.34210526315789475,27,40.0302,23,0.6052631578947368,0,0,12,0.3157894736842105,0,0,9,0.23684210526315788,9,10.3782,38,1
959,0,0,1,0.0625,19.5,28.9107,8,0.5,0,0,2,0.125,0,0,1,0.0625,7,8.8956,16,1
960,0,0,4,0.14814814814814814,21,31.1346,15,0.5555555555555556,0,0,4,0.14814814814814814,0,0,2,0.07407407407407407,5,5.9304,27,1
961,0,0,2,0.06451612903225806,39,57.8214,21,0.6774193548387096,0,0,3,0.0967741935483871,0,0,6,0.1935483870967742,5,5.9304,31,1
962,0,0,13,0.34210526315789475,3.5,5.1891,19,0.5,0,0,11,0.2894736842105263,0,0,6,0.15789473684210525,11.5,8.8956,38,1
963,0,0,13,0.2765957446808511,0,0,18,0.3829787234042553,0,0,15,0.3191489361702128,0,0,13,0.2765957446808511,6,4.4478,47,1
964,0,0,0,0,0,0,0,0,8,0,1,1,0,0,0,0,28,0,1,1
965,0,0,14,0.34146341463414637,2,2.9652,26,0.6341463414634146,0,0,11,0.2682926829268293,0,0,9,0.21951219512195122,18,14.825999999999999,41,1
966,0,0,20,0.4,0,0,22,0.44,0,0,24,0.48,0,0,3,0.06,18.5,17.049899999999997,49,0.98
967,0,0,9,0.3103448275862069,2,2.9652,17,0.5862068965517241,0,0,6,0.20689655172413793,0,0,7,0.2413793103448276,8,5.9304,29,1
968,0,0,10,0.29411764705882354,0.5,0.7413,17,0.5,0,0,9,0.2647058823529412,0,0,7,0.20588235294117646,8,7.412999999999999,34,1
969,0,0,0,0,4.5,6.6716999999999995,12,0.6,0,0,3,0.15,0,0,2,0.1,12.5,8.1543,20,1
970,0,0,9,0.3,43,63.751799999999996,19,0.6333333333333333,0,0,9,0.3,0,0,3,0.1,11,11.8608,30,1
971,0,0,12,0.3157894736842105,0,0,17,0.4473684210526316,0,0,12,0.3157894736842105,0,0,11,0.2894736842105263,13,10.3782,38,1
972,0,0,9,0.20930232558139536,17,25.2042,34,0.7906976744186046,0,0,10,0.23255813953488372,0,0,4,0.09302325581395349,15,14.825999999999999,42,0.9767441860465116
973,0,0,5,0.1724137931034483,1,1.4826,15,0.5172413793103449,0,0,4,0.13793103448275862,0,0,6,0.20689655172413793,16,11.8608,29,1
974,0,0,8,0.25806451612903225,30,44.477999999999994,21,0.6774193548387096,0,0,9,0.2903225806451613,0,0,3,0.0967741935483871,12,11.8608,30,0.967741935483871
975,0,0,2,0.09523809523809523,0,0,10,0.47619047619047616,0,0,3,0.14285714285714285,0,0,2,0.09523809523809523,10,8.8956,21,1
976,0,0,5,0.2777777777777778,49,28.1694,14,0.7777777777777778,0,0,4,0.2222222222222222,0,0,2,0.1111111111111111,3,2.9652,17,0.9444444444444444
977,0,0,13,0.38235294117647056,24,35.5824,19,0.5588235294117647,0,0,12,0.35294117647058826,0,0,12,0.35294117647058826,16,11.119499999999999,34,1
978,0,0,0,0,0,0,7,0.4117647058823529,0,0,0,0,0,0,1,0.058823529411764705,5,4.4478,17,1
979,0,0,4,0.12903225806451613,24,35.5824,17,0.5483870967741935,0,0,1,0.03225806451612903,0,0,6,0.1935483870967742,15,19.273799999999998,31,1
980,0,0,4,0.19047619047619047,4,5.9304,13,0.6190476190476191,0,0,3,0.14285714285714285,0,0,5,0.23809523809523808,13,13.343399999999999,21,1
983,0,0,15,0.38461538461538464,20,29.651999999999997,23,0.5897435897435898,0,0,16,0.41025641025641024,0,0,10,0.2564102564102564,15,16.3086,39,1
984,0,0,0,0,1,1.4826,3,0.6,0,0,1,0.2,0,0,1,0.2,4,4.4478,5,1
985,0,0,11,0.2972972972972973,0,0,15,0.40540540540540543,0,0,5,0.13513513513513514,0,0,6,0.16216216216216217,15,17.7912,37,1
987,8,11.8608,14,0.6086956521739131,1,1.4826,13,0.5652173913043478,0,0,6,0.2608695652173913,0,0,5,0.21739130434782608,28,28.1694,23,1
988,0,0,0,0,63,91.9212,10,0.7692307692307693,0,0,0,0,0,0,2,0.15384615384615385,11,5.9304,13,1
989,0,0,1,0.09090909090909091,81,103.782,9,0.8181818181818182,0,0,2,0.18181818181818182,0,0,1,0.09090909090909091,16,22.238999999999997,11,1
990,0,0,20,0.4166666666666667,0,0,23,0.4791666666666667,0,0,18,0.375,0,0,13,0.2708333333333333,18,18.5325,48,1
991,0,0,11,0.3055555555555556,10,14.825999999999999,22,0.6111111111111112,0,0,10,0.2777777777777778,0,0,8,0.2222222222222222,9.5,12.6021,36,1
992,0,0,5,0.14285714285714285,0,0,13,0.37142857142857144,0,0,6,0.17142857142857143,0,0,1,0.02857142857142857,16,14.825999999999999,35,1
993,0,0,9,0.23076923076923078,18,26.686799999999998,23,0.5897435897435898,0,0,11,0.28205128205128205,0,0,3,0.07692307692307693,10,10.3782,39,1
994,0,0,0,0,9,13.343399999999999,2,0.5,3.5,5.1891,2,0.5,4.5,5.1891,3,0.75,16,8.8956,4,1
996,0,0,16,0.3902439024390244,1,1.4826,23,0.5609756097560976,0,0,17,0.4146341463414634,1,1.4826,21,0.5121951219512195,15,13.343399999999999,41,1
997,0,0,12,0.3157894736842105,0,0,18,0.47368421052631576,0,0,14,0.3684210526315789,0,0,18,0.47368421052631576,16,17.7912,38,1
998,0,0,2,0.0625,2.5,3.7064999999999997,23,0.71875,0,0,6,0.1875,0,0,3,0.09375,13.5,17.049899999999997,32,1
999,0,0,13,0.2765957446808511,1,1.4826,31,0.6595744680851063,0,0,14,0.2978723404255319,0,0,15,0.3191489361702128,10,7.412999999999999,47,1
1e3,0,0,4,0.12121212121212122,13,19.273799999999998,20,0.6060606060606061,0,0,1,0.030303030303030304,0,0,2,0.06060606060606061,8,7.412999999999999,32,0.9696969696969697
1001,0,0,5,0.15625,1.5,2.2239,18,0.5625,0,0,6,0.1875,0,0,7,0.21875,7,7.412999999999999,32,1
1002,0,0,13,0.29545454545454547,0,0,20,0.45454545454545453,0,0,18,0.4090909090909091,0,0,16,0.36363636363636365,11.5,8.1543,42,0.9545454545454546
1003,0,0,4,0.14285714285714285,0,0,6,0.21428571428571427,0,0,5,0.17857142857142858,0,0,1,0.03571428571428571,9,7.412999999999999,28,1
1004,0,0,9,0.34615384615384615,29,42.9954,18,0.6923076923076923,0,0,9,0.34615384615384615,0,0,10,0.38461538461538464,20.5,14.825999999999999,26,1
1005,0,0,11,0.2682926829268293,0,0,18,0.43902439024390244,0,0,10,0.24390243902439024,0,0,1,0.024390243902439025,6,5.9304,41,1
1006,0,0,4,0.125,1,1.4826,17,0.53125,0,0,5,0.15625,0,0,6,0.1875,5.5,5.1891,32,1
1007,0,0,0,0,40,59.303999999999995,10,0.5555555555555556,0,0,2,0.1111111111111111,0,0,3,0.16666666666666666,2.5,2.2239,18,1
1008,0,0,7,0.21212121212121213,31,45.9606,19,0.5757575757575758,0,0,7,0.21212121212121213,0,0,7,0.21212121212121213,18,17.7912,33,1
1009,0,0,9,0.2647058823529412,20,29.651999999999997,18,0.5294117647058824,0,0,11,0.3235294117647059,0,0,11,0.3235294117647059,6.5,5.1891,32,0.9411764705882353
1010,0,0,6,0.2857142857142857,50,74.13,12,0.5714285714285714,0,0,6,0.2857142857142857,0,0,3,0.14285714285714285,5,4.4478,21,1
1011,0,0,15,0.375,1,1.4826,24,0.6,0,0,14,0.35,0,0,11,0.275,11,9.636899999999999,39,0.975
1012,0,0,8,0.27586206896551724,23,34.099799999999995,18,0.6206896551724138,0,0,11,0.3793103448275862,0,0,12,0.41379310344827586,10,7.412999999999999,29,1
1013,0,0,0,0,1.5,2.2239,18,0.5294117647058824,0,0,5,0.14705882352941177,0,0,5,0.14705882352941177,8,8.8956,34,1
1014,0,0,10,0.24390243902439024,2,2.9652,22,0.5365853658536586,0,0,11,0.2682926829268293,0,0,4,0.0975609756097561,9,8.8956,41,1
1015,0,0,5,0.18518518518518517,22,32.6172,18,0.6666666666666666,0,0,7,0.25925925925925924,0,0,0,0,4,4.4478,27,1
1017,0,0,4,0.16,0,0,12,0.48,0,0,6,0.24,0,0,5,0.2,5,5.9304,24,0.96
1018,0,0,10,0.2702702702702703,1,1.4826,19,0.5135135135135135,0,0,7,0.1891891891891892,0,0,8,0.21621621621621623,10,7.412999999999999,37,1
1019,0,0,16,0.48484848484848486,31,45.9606,24,0.7272727272727273,0,0,10,0.30303030303030304,0,0,10,0.30303030303030304,6,5.9304,33,1
1020,0,0,2,0.06666666666666667,1,1.4826,18,0.6,0,0,1,0.03333333333333333,0,0,3,0.1,21.5,16.3086,30,1
1021,0,0,8,0.24242424242424243,2,2.9652,19,0.5757575757575758,0,0,6,0.18181818181818182,0,0,3,0.09090909090909091,5,4.4478,33,1
1022,0,0,9,0.45,25,37.065,14,0.7,0,0,9,0.45,0.5,0.7413,10,0.5,7.5,7.412999999999999,19,0.95
1023,0,0,13,0.3023255813953488,0,0,21,0.4883720930232558,0,0,8,0.18604651162790697,0,0,16,0.37209302325581395,16,13.343399999999999,43,1
1024,0,0,0,0,1,1.4826,7,0.5,0,0,3,0.21428571428571427,0,0,3,0.21428571428571427,6,3.7064999999999997,14,1
1026,0,0,7,0.21875,0,0,12,0.375,0,0,4,0.125,0,0,11,0.34375,13.5,9.636899999999999,32,1
1027,0,0,0,0,10.5,15.5673,16,0.5,0,0,2,0.0625,0,0,5,0.15625,5,4.4478,30,0.9375
1028,0,0,10,0.2702702702702703,21,31.1346,21,0.5675675675675675,0,0,14,0.3783783783783784,0,0,14,0.3783783783783784,8,7.412999999999999,37,1
1029,0,0,12,0.2857142857142857,2,2.9652,25,0.5952380952380952,0,0,11,0.2619047619047619,0,0,10,0.23809523809523808,12,8.8956,42,1
1030,0,0,11,0.3142857142857143,11,16.3086,21,0.6,0,0,13,0.37142857142857144,0,0,14,0.4,10,7.412999999999999,35,1
1032,0,0,1,0.03333333333333333,2,2.9652,17,0.5666666666666667,0,0,2,0.06666666666666667,0,0,2,0.06666666666666667,7,4.4478,29,0.9666666666666667
1033,0,0,4,0.15384615384615385,38,56.3388,19,0.7307692307692307,0,0,3,0.11538461538461539,0,0,2,0.07692307692307693,3,2.9652,26,1
1034,0,0,4,0.14814814814814814,55,47.4432,20,0.7407407407407407,0,0,3,0.1111111111111111,0,0,3,0.1111111111111111,7,7.412999999999999,26,0.9629629629629629
1035,0,0,1,0.045454545454545456,25,37.065,13,0.5909090909090909,0,0,3,0.13636363636363635,0,0,4,0.18181818181818182,3,2.9652,22,1
1036,0,0,5,0.14705882352941177,4.5,6.6716999999999995,20,0.5882352941176471,0,0,6,0.17647058823529413,0,0,5,0.14705882352941177,7.5,6.6716999999999995,33,0.9705882352941176
1037,0,0,2,0.11764705882352941,55,68.19959999999999,13,0.7647058823529411,0,0,0,0,0,0,1,0.058823529411764705,9,5.9304,17,1
1038,0,0,14,0.4,15,22.238999999999997,22,0.6285714285714286,0,0,13,0.37142857142857144,1,1.4826,19,0.5428571428571428,10,7.412999999999999,35,1
1039,0,0,4,0.15384615384615385,13.5,20.0151,16,0.6153846153846154,0,0,1,0.038461538461538464,0,0,1,0.038461538461538464,5,3.7064999999999997,26,1
1040,0,0,1,0.038461538461538464,22,32.6172,15,0.5769230769230769,0,0,0,0,0,0,4,0.15384615384615385,14.5,17.049899999999997,26,1
1041,0,0,4,0.13793103448275862,0,0,14,0.4827586206896552,0,0,2,0.06896551724137931,0,0,3,0.10344827586206896,11,7.412999999999999,29,1
1042,0,0,9,0.25,0.5,0.7413,18,0.5,0,0,8,0.2222222222222222,0,0,5,0.1388888888888889,8.5,8.8956,36,1
1044,0,0,1,0.034482758620689655,0,0,12,0.41379310344827586,0,0,1,0.034482758620689655,0,0,4,0.13793103448275862,6,5.9304,29,1
1045,0,0,13,0.26,0,0,20,0.4,0,0,16,0.32,0,0,3,0.06,8,8.8956,50,1
1046,0,0,2,0.05263157894736842,6.5,9.636899999999999,23,0.6052631578947368,0,0,7,0.18421052631578946,0,0,1,0.02631578947368421,6,5.9304,35,0.9210526315789473
1047,0,0,2,0.09090909090909091,30,32.6172,19,0.8636363636363636,0,0,3,0.13636363636363635,0,0,1,0.045454545454545456,6.5,6.6716999999999995,22,1
1048,0,0,3,0.17647058823529413,0,0,6,0.35294117647058826,0,0,2,0.11764705882352941,0,0,3,0.17647058823529413,5,4.4478,17,1
1050,0,0,10,0.2857142857142857,20,29.651999999999997,22,0.6285714285714286,0,0,10,0.2857142857142857,0,0,14,0.4,8,5.9304,35,1
1051,0,0,3,0.125,27,40.0302,14,0.5833333333333334,0,0,3,0.125,0,0,1,0.041666666666666664,12,8.1543,24,1
1052,0,0,4,0.125,9,13.343399999999999,19,0.59375,0,0,3,0.09375,0,0,12,0.375,9.5,10.3782,32,1
1053,0,0,9,0.3,35.5,52.632299999999994,18,0.6,0,0,4,0.13333333333333333,0,0,0,0,14.5,14.825999999999999,30,1
1054,0,0,4,0.14814814814814814,37,53.373599999999996,19,0.7037037037037037,0,0,4,0.14814814814814814,0,0,6,0.2222222222222222,4,4.4478,26,0.9629629629629629
1055,0,0,15,0.40540540540540543,5,7.412999999999999,19,0.5135135135135135,0,0,7,0.1891891891891892,0,0,9,0.24324324324324326,7,7.412999999999999,37,1
1056,0,0,11,0.3793103448275862,11,16.3086,15,0.5172413793103449,0,0,12,0.41379310344827586,1,1.4826,17,0.5862068965517241,9,5.9304,29,1
1057,0,0,1,0.09090909090909091,60,48.925799999999995,10,0.9090909090909091,0,0,3,0.2727272727272727,0,0,0,0,9,7.412999999999999,11,1
1058,0,0,2,0.06896551724137931,22,32.6172,19,0.6551724137931034,0,0,4,0.13793103448275862,0,0,6,0.20689655172413793,6,7.412999999999999,29,1
1059,0,0,3,0.09375,24,35.5824,23,0.71875,0,0,6,0.1875,0,0,2,0.0625,5,4.4478,32,1
1060,0,0,8,0.27586206896551724,23,34.099799999999995,18,0.6206896551724138,0,0,9,0.3103448275862069,0,0,10,0.3448275862068966,9,10.3782,29,1
1061,0,0,16,0.41025641025641024,0,0,19,0.48717948717948717,0,0,10,0.2564102564102564,0,0,9,0.23076923076923078,6,4.4478,39,1
1062,0,0,0,0,12.5,18.5325,7,0.5,0,0,0,0,0,0,2,0.14285714285714285,9,8.1543,14,1
1063,0,0,14,0.358974358974359,0,0,19,0.48717948717948717,0,0,13,0.3333333333333333,0,0,9,0.23076923076923078,11,10.3782,38,0.9743589743589743
1064,0,0,11,0.275,0.5,0.7413,20,0.5,0,0,12,0.3,0,0,9,0.225,8.5,8.1543,40,1
1065,0,0,7,0.2413793103448276,1,1.4826,15,0.5172413793103449,0,0,7,0.2413793103448276,0,0,3,0.10344827586206896,11,11.8608,29,1
1066,0,0,2,0.05714285714285714,23,34.099799999999995,19,0.5428571428571428,0,0,5,0.14285714285714285,0,0,5,0.14285714285714285,8,5.9304,33,0.9428571428571428
1067,0,0,1,0.05263157894736842,1,1.4826,13,0.6842105263157895,0,0,2,0.10526315789473684,0,0,3,0.15789473684210525,17,22.238999999999997,19,1
1068,0,0,0,0,1,0,1,1,0,0,0,0,7,0,1,1,34,0,1,1
1069,0,0,23,0.46,0.5,0.7413,25,0.5,2.5,3.7064999999999997,28,0.56,0,0,16,0.32,19,14.0847,50,1
1070,0,0,16,0.36363636363636365,0,0,21,0.4772727272727273,0,0,13,0.29545454545454547,0,0,9,0.20454545454545456,8.5,7.412999999999999,44,1
1071,0,0,2,0.11764705882352941,0,0,4,0.23529411764705882,0,0,0,0,0,0,2,0.11764705882352941,7,4.4478,17,1
1072,0,0,14,0.3783783783783784,20,29.651999999999997,23,0.6216216216216216,0,0,11,0.2972972972972973,0,0,4,0.10810810810810811,17,13.343399999999999,36,0.972972972972973
1073,0,0,1,0.038461538461538464,8.5,12.6021,17,0.6538461538461539,0,0,1,0.038461538461538464,0,0,7,0.2692307692307692,4.5,3.7064999999999997,26,1
1074,0,0,1,0.041666666666666664,7.5,11.119499999999999,14,0.5833333333333334,0,0,1,0.041666666666666664,0,0,2,0.08333333333333333,9,6.6716999999999995,24,1
1075,0,0,4,0.11428571428571428,0,0,17,0.4857142857142857,0,0,7,0.2,0,0,3,0.08571428571428572,10,8.8956,35,1
1076,0,0,5,0.22727272727272727,36,32.6172,16,0.7272727272727273,0,0,6,0.2727272727272727,0,0,1,0.045454545454545456,8.5,9.636899999999999,22,1
1077,0,0,8,0.21621621621621623,5,7.412999999999999,23,0.6216216216216216,0,0,12,0.32432432432432434,0,0,1,0.02702702702702703,6,5.9304,37,1
1079,0,0,2,0.1,0.5,0.7413,10,0.5,0,0,4,0.2,0,0,3,0.15,3,2.9652,20,1
1080,0,0,12,0.36363636363636365,9,13.343399999999999,18,0.5454545454545454,0,0,11,0.3333333333333333,0,0,14,0.42424242424242425,14,11.8608,33,1
1081,0,0,4,0.15384615384615385,30.5,45.2193,15,0.5769230769230769,0,0,8,0.3076923076923077,0,0,12,0.46153846153846156,14,11.119499999999999,26,1
1082,0,0,17,0.3541666666666667,0,0,21,0.4375,0,0,15,0.3125,0,0,7,0.14583333333333334,6.5,5.1891,48,1
1083,0,0,10,0.29411764705882354,1,1.4826,19,0.5588235294117647,0,0,10,0.29411764705882354,0,0,13,0.38235294117647056,9,5.9304,33,0.9705882352941176
1084,12.5,18.5325,18,0.5625,36.5,51.891,25,0.78125,2,2.9652,17,0.53125,0,0,5,0.15625,14.5,12.6021,32,1
1085,0,0,10,0.3125,27,40.0302,23,0.71875,0,0,10,0.3125,0,0,3,0.09375,14.5,18.5325,32,1
1086,0,0,2,0.07692307692307693,23.5,34.8411,16,0.6153846153846154,0,0,4,0.15384615384615385,0,0,2,0.07692307692307693,6,5.9304,26,1
1087,0,0,15,0.32608695652173914,2.5,3.7064999999999997,30,0.6521739130434783,0,0,21,0.45652173913043476,0,0,22,0.4782608695652174,8.5,5.1891,46,1
1088,0,0,11,0.3055555555555556,20,29.651999999999997,21,0.5833333333333334,0,0,14,0.3888888888888889,0,0,11,0.3055555555555556,11.5,14.0847,36,1
1089,0,0,11,0.34375,26.5,39.2889,20,0.625,0,0,10,0.3125,0,0,9,0.28125,6,5.9304,31,0.96875
1090,0,0,2,0.125,0,0,2,0.125,0,0,3,0.1875,0,0,2,0.125,7.5,5.9304,16,1
1091,0,0,5,0.14705882352941177,0,0,13,0.38235294117647056,0,0,7,0.20588235294117646,0,0,8,0.23529411764705882,9,8.1543,34,1
1092,0,0,0,0,0,0,8,0.47058823529411764,0,0,0,0,0,0,1,0.058823529411764705,3,2.9652,17,1
1093,0,0,11,0.3142857142857143,11,16.3086,20,0.5714285714285714,0,0,10,0.2857142857142857,0,0,5,0.14285714285714285,8,5.9304,35,1
1094,0,0,0,0,1,1.4826,5,0.5555555555555556,0,0,0,0,0,0,0,0,21,10.3782,9,1
1095,0,0,1,0.043478260869565216,6,8.8956,15,0.6521739130434783,0,0,3,0.13043478260869565,0,0,6,0.2608695652173913,8,10.3782,23,1
1096,0,0,16,0.43243243243243246,0,0,17,0.4594594594594595,0,0,14,0.3783783783783784,0,0,13,0.35135135135135137,10,7.412999999999999,37,1
1097,0,0,3,0.13636363636363635,0,0,10,0.45454545454545453,0,0,4,0.18181818181818182,0,0,2,0.09090909090909091,6.5,6.6716999999999995,22,1
1098,0,0,9,0.2571428571428571,8,11.8608,20,0.5714285714285714,0,0,11,0.3142857142857143,0,0,3,0.08571428571428572,11,5.9304,35,1
1099,14,20.7564,20,0.7407407407407407,0,0,12,0.4444444444444444,0,0,5,0.18518518518518517,0,0,3,0.1111111111111111,8,7.412999999999999,27,1
1100,0,0,3,0.13636363636363635,2,2.9652,13,0.5909090909090909,0,0,1,0.045454545454545456,0,0,3,0.13636363636363635,8,5.1891,22,1
1101,0,0,0,0,55,81.54299999999999,8,0.6153846153846154,0,0,2,0.15384615384615385,0,0,3,0.23076923076923078,6,7.412999999999999,13,1
1102,0,0,11,0.3055555555555556,5.5,8.1543,24,0.6666666666666666,0,0,9,0.25,0,0,5,0.1388888888888889,11,8.8956,36,1
1103,0,0,7,0.2692307692307692,16,23.7216,18,0.6923076923076923,0,0,10,0.38461538461538464,1,1.4826,14,0.5384615384615384,26.5,26.686799999999998,26,1
1104,0,0,5,0.11904761904761904,6.5,9.636899999999999,26,0.6190476190476191,0,0,8,0.19047619047619047,0,0,4,0.09523809523809523,9,8.1543,42,1
1105,0,0,6,0.2,21.5,31.875899999999998,20,0.6666666666666666,0,0,7,0.23333333333333334,0,0,1,0.03333333333333333,7,7.412999999999999,30,1
1106,0,0,11,0.3142857142857143,15,22.238999999999997,20,0.5714285714285714,0,0,3,0.08571428571428572,0,0,5,0.14285714285714285,8,5.9304,34,0.9714285714285714
1107,0,0,3,0.0967741935483871,32,47.4432,19,0.6129032258064516,0,0,6,0.1935483870967742,0,0,6,0.1935483870967742,8,7.412999999999999,30,0.967741935483871
1108,0,0,13,0.29545454545454547,0.5,0.7413,22,0.5,0,0,12,0.2727272727272727,0,0,8,0.18181818181818182,9,7.412999999999999,41,0.9318181818181818
1109,0,0,16,0.4444444444444444,1.5,2.2239,21,0.5833333333333334,0,0,10,0.2777777777777778,0,0,8,0.2222222222222222,10,11.8608,36,1
1111,0,0,1,0.08333333333333333,1.5,2.2239,6,0.5,0,0,0,0,0,0,1,0.08333333333333333,6.5,4.4478,12,1
1112,0,0,11,0.3793103448275862,25,37.065,16,0.5517241379310345,0,0,13,0.4482758620689655,0,0,6,0.20689655172413793,12,13.343399999999999,29,1
1113,0,0,6,0.16666666666666666,11,16.3086,22,0.6111111111111112,0,0,5,0.1388888888888889,0,0,1,0.027777777777777776,3.5,3.7064999999999997,36,1
1114,0,0,16,0.43243243243243246,2,2.9652,26,0.7027027027027027,0,0,18,0.4864864864864865,0,0,18,0.4864864864864865,12,11.8608,36,0.972972972972973
1115,0,0,10,0.2702702702702703,0,0,16,0.43243243243243246,0,0,11,0.2972972972972973,0,0,12,0.32432432432432434,9,7.412999999999999,37,1
1116,0,0,5,0.18518518518518517,39,51.891,18,0.6666666666666666,0,0,6,0.2222222222222222,0,0,5,0.18518518518518517,9,10.3782,27,1
1117,0,0,13,0.3939393939393939,1,1.4826,17,0.5151515151515151,0,0,7,0.21212121212121213,0,0,0,0,11,10.3782,33,1
1118,0,0,6,0.21428571428571427,8.5,12.6021,14,0.5,0,0,6,0.21428571428571427,0,0,3,0.10714285714285714,12.5,11.119499999999999,28,1
1119,0,0,13,0.30952380952380953,0,0,18,0.42857142857142855,0,0,15,0.35714285714285715,0,0,6,0.14285714285714285,13.5,12.6021,42,1
1120,0,0,2,0.08333333333333333,23,34.099799999999995,13,0.5416666666666666,0,0,4,0.16666666666666666,0,0,3,0.125,6,5.9304,24,1
1121,0,0,9,0.23684210526315788,0.5,0.7413,19,0.5,0,0,8,0.21052631578947367,0,0,1,0.02631578947368421,8.5,7.412999999999999,38,1
1122,0,0,7,0.25925925925925924,25,37.065,18,0.6666666666666666,0,0,9,0.3333333333333333,0,0,9,0.3333333333333333,10,8.8956,27,1
1123,0,0,18,0.4090909090909091,4.5,6.6716999999999995,27,0.6136363636363636,0,0,21,0.4772727272727273,0,0,20,0.45454545454545453,22.5,17.7912,44,1
1124,5.5,8.1543,15,0.5357142857142857,35,35.5824,23,0.8214285714285714,3,4.4478,15,0.5357142857142857,0,0,0,0,11,11.8608,28,1
1125,0,0,13,0.34210526315789475,0,0,17,0.4473684210526316,0,0,17,0.4473684210526316,0,0,3,0.07894736842105263,13,11.8608,38,1
1126,0,0,14,0.3684210526315789,0.5,0.7413,19,0.5,0,0,16,0.42105263157894735,0,0,2,0.05263157894736842,11.5,9.636899999999999,38,1
1128,0,0,14,0.3684210526315789,0,0,18,0.47368421052631576,0,0,8,0.21052631578947367,0,0,8,0.21052631578947367,9,5.9304,38,1
1129,0,0,16,0.4,21,31.1346,24,0.6,3,4.4478,21,0.525,0,0,18,0.45,21,19.273799999999998,40,1
1131,0,0,10,0.3333333333333333,43.5,64.4931,17,0.5666666666666667,0,0,10,0.3333333333333333,0,0,6,0.2,10,11.8608,30,1
1132,0,0,10,0.20408163265306123,0,0,23,0.46938775510204084,0,0,11,0.22448979591836735,0,0,8,0.16326530612244897,10,8.8956,49,1
1133,0,0,11,0.3235294117647059,24.5,36.323699999999995,20,0.5882352941176471,0,0,6,0.17647058823529413,0,0,4,0.11764705882352941,9,5.9304,34,1
1134,0,0,15,0.46875,32.5,48.1845,21,0.65625,0.5,0.7413,16,0.5,0,0,2,0.0625,14,8.8956,32,1
1135,0,0,20,0.425531914893617,8,11.8608,31,0.6595744680851063,0,0,22,0.46808510638297873,0,0,16,0.3404255319148936,20,16.3086,47,1
1310,0,0,12,0.3076923076923077,1,1.4826,20,0.5128205128205128,0,0,19,0.48717948717948717,1,1.4826,24,0.6153846153846154,20,20.7564,39,1
1311,0,0,11,0.3142857142857143,0,0,12,0.34285714285714286,0,0,10,0.2857142857142857,0,0,5,0.14285714285714285,10,8.8956,35,1
1312,0,0,6,0.18181818181818182,17,25.2042,18,0.5454545454545454,0,0,12,0.36363636363636365,0,0,3,0.09090909090909091,12,11.8608,33,1
1313,0,0,11,0.3333333333333333,12,17.7912,17,0.5151515151515151,0,0,14,0.42424242424242425,0,0,15,0.45454545454545453,10,8.8956,33,1
1314,0,0,4,0.16666666666666666,0,0,10,0.4166666666666667,0,0,2,0.08333333333333333,0,0,3,0.125,11.5,15.5673,23,0.9583333333333334
1315,0,0,13,0.26,0,0,20,0.4,0,0,4,0.08,0,0,2,0.04,14.5,11.119499999999999,50,1
1317,0,0,12,0.36363636363636365,26,38.547599999999996,20,0.6060606060606061,0,0,7,0.21212121212121213,0,0,2,0.06060606060606061,10,7.412999999999999,32,0.9696969696969697
1318,0,0,14,0.3783783783783784,9,13.343399999999999,22,0.5945945945945946,0,0,17,0.4594594594594595,0,0,10,0.2702702702702703,6,4.4478,37,1
1321,0,0,4,0.09523809523809523,1,1.4826,31,0.7380952380952381,0,0,6,0.14285714285714285,0,0,8,0.19047619047619047,16,17.7912,42,1
1322,0,0,11,0.36666666666666664,2,2.9652,22,0.7333333333333333,0,0,6,0.2,0,0,6,0.2,20,24.462899999999998,30,1
1323,0,0,16,0.42105263157894735,0.5,0.7413,19,0.5,0,0,15,0.39473684210526316,0,0,4,0.10526315789473684,20,16.3086,38,1
1324,0,0,6,0.2608695652173913,0,0,11,0.4782608695652174,0,0,1,0.043478260869565216,0,0,1,0.043478260869565216,4,2.9652,22,0.9565217391304348
1326,0,0,16,0.47058823529411764,0,0,16,0.47058823529411764,0,0,6,0.17647058823529413,0,0,7,0.20588235294117646,11,11.8608,34,1
1327,0,0,8,0.2962962962962963,0,0,11,0.4074074074074074,0,0,4,0.14814814814814814,0,0,3,0.1111111111111111,4,4.4478,27,1
1330,0,0,15,0.3333333333333333,11,16.3086,24,0.5333333333333333,0,0,18,0.4,1,1.4826,24,0.5333333333333333,15,13.343399999999999,45,1
1331,0,0,0,0,61,90.4386,9,0.6,0,0,0,0,0,0,2,0.13333333333333333,7,8.8956,15,1
1332,0,0,12,0.4444444444444444,39,57.8214,17,0.6296296296296297,0,0,12,0.4444444444444444,0,0,5,0.18518518518518517,14,13.343399999999999,27,1
1333,0,0,17,0.3333333333333333,12,17.7912,30,0.5882352941176471,0,0,25,0.49019607843137253,0,0,14,0.27450980392156865,21,22.238999999999997,51,1
1334,0,0,8,0.2857142857142857,38.5,57.080099999999995,19,0.6785714285714286,0,0,3,0.10714285714285714,0,0,1,0.03571428571428571,8,8.8956,26,0.9285714285714286
1336,0,0,1,0.04,53,65.2344,20,0.8,0,0,3,0.12,0,0,5,0.2,7,8.8956,24,0.96
1337,0,0,10,0.35714285714285715,26,38.547599999999996,18,0.6428571428571429,0,0,10,0.35714285714285715,0.5,0.7413,14,0.5,16,15.5673,28,1
1338,0,0,16,0.4444444444444444,0.5,0.7413,18,0.5,0,0,13,0.3611111111111111,0,0,4,0.1111111111111111,8,4.4478,36,1
1339,3,4.4478,26,0.5531914893617021,1,1.4826,24,0.5106382978723404,6,8.8956,29,0.6170212765957447,0,0,10,0.2127659574468085,16,14.825999999999999,47,1
1340,0,0,9,0.2647058823529412,6.5,9.636899999999999,18,0.5294117647058824,0,0,9,0.2647058823529412,0,0,9,0.2647058823529412,12.5,15.5673,33,0.9705882352941176
1341,0,0,7,0.18421052631578946,1.5,2.2239,23,0.6052631578947368,0,0,5,0.13157894736842105,0,0,7,0.18421052631578946,15,20.0151,38,1
1342,0,0,14,0.4666666666666667,18.5,27.428099999999997,18,0.6,0,0,13,0.43333333333333335,0,0,11,0.36666666666666664,19,13.343399999999999,30,1
1343,0,0,14,0.32558139534883723,0,0,21,0.4883720930232558,0,0,13,0.3023255813953488,0,0,9,0.20930232558139536,13,10.3782,43,1
1344,0,0,2,0.10526315789473684,46,68.19959999999999,10,0.5263157894736842,0,0,4,0.21052631578947367,0,0,4,0.21052631578947367,7,7.412999999999999,18,0.9473684210526315
1345,0,0,21,0.4883720930232558,1,1.4826,22,0.5116279069767442,0,0,21,0.4883720930232558,0,0,5,0.11627906976744186,9,8.8956,42,0.9767441860465116
1346,0,0,15,0.4411764705882353,0,0,16,0.47058823529411764,0,0,14,0.4117647058823529,0.5,0.7413,17,0.5,13,6.6716999999999995,34,1
1347,0,0,7,0.1891891891891892,1,1.4826,21,0.5675675675675675,0,0,3,0.08108108108108109,0,0,4,0.10810810810810811,5,5.9304,37,1
1354,0,0,3,0.2,131,72.64739999999999,10,0.6666666666666666,0,0,1,0.06666666666666667,0,0,2,0.13333333333333333,7,8.8956,15,1
1355,0,0,8,0.20512820512820512,0,0,19,0.48717948717948717,0,0,9,0.23076923076923078,0,0,3,0.07692307692307693,10,8.8956,37,0.9487179487179487
1357,0,0,9,0.23076923076923078,0,0,17,0.4358974358974359,0,0,9,0.23076923076923078,0,0,8,0.20512820512820512,15,16.3086,39,1
1358,0,0,18,0.3673469387755102,0,0,24,0.4897959183673469,1,1.4826,25,0.5102040816326531,0,0,3,0.061224489795918366,16,14.825999999999999,49,1
1359,0,0,4,0.16666666666666666,19.5,28.9107,13,0.5416666666666666,0,0,3,0.125,0,0,2,0.08333333333333333,9,9.636899999999999,24,1
1360,10,14.825999999999999,35,0.5737704918032787,0,0,29,0.47540983606557374,3,4.4478,34,0.5573770491803278,0,0,19,0.3114754098360656,30,22.238999999999997,61,1
1361,0,0,13,0.38235294117647056,21,31.1346,19,0.5588235294117647,0,0,12,0.35294117647058826,0,0,4,0.11764705882352941,13.5,12.6021,34,1
1362,0,0,7,0.21875,27.5,40.771499999999996,20,0.625,0,0,7,0.21875,0,0,9,0.28125,9.5,9.636899999999999,32,1
1363,0,0,1,0.058823529411764705,33,48.925799999999995,10,0.5882352941176471,0,0,5,0.29411764705882354,0,0,1,0.058823529411764705,11,8.8956,16,0.9411764705882353
1364,0,0,18,0.4,1,1.4826,24,0.5333333333333333,1,1.4826,23,0.5111111111111111,1,1.4826,26,0.5777777777777777,37,29.651999999999997,45,1
1365,0,0,12,0.32432432432432434,0,0,18,0.4864864864864865,0,0,9,0.24324324324324326,0,0,11,0.2972972972972973,12,10.3782,37,1
1366,0,0,6,0.2222222222222222,0,0,13,0.48148148148148145,0,0,5,0.18518518518518517,0,0,2,0.07407407407407407,9,10.3782,27,1
1367,0,0,4,0.23529411764705882,59,60.7866,14,0.8235294117647058,0,0,0,0,0,0,1,0.058823529411764705,4,4.4478,17,1
1368,0,0,11,0.275,1.5,2.2239,22,0.55,0,0,12,0.3,0,0,2,0.05,17.5,15.5673,39,0.975
1369,0,0,14,0.35,0.5,0.7413,20,0.5,0,0,11,0.275,0,0,17,0.425,10,7.412999999999999,40,1
1370,0,0,12,0.3076923076923077,0,0,18,0.46153846153846156,0,0,15,0.38461538461538464,0,0,12,0.3076923076923077,6,4.4478,39,1
1375,6.5,9.636899999999999,22,0.55,32.5,48.1845,27,0.675,0,0,17,0.425,0,0,4,0.1,21,12.6021,40,1
1376,0,0,5,0.21739130434782608,40,59.303999999999995,15,0.6521739130434783,0,0,4,0.17391304347826086,0,0,2,0.08695652173913043,8,5.9304,23,1
1377,0,0,16,0.36363636363636365,0.5,0.7413,22,0.5,0,0,19,0.4318181818181818,0,0,15,0.3409090909090909,9,8.8956,43,0.9772727272727273
1378,0,0,13,0.28888888888888886,3,4.4478,30,0.6666666666666666,0,0,17,0.37777777777777777,1,1.4826,23,0.5111111111111111,14,14.825999999999999,45,1
1379,0,0,11,0.275,0.5,0.7413,20,0.5,0,0,8,0.2,0,0,5,0.125,10.5,14.0847,40,1
1380,0,0,13,0.3023255813953488,0,0,19,0.4418604651162791,0,0,8,0.18604651162790697,0,0,2,0.046511627906976744,12,10.3782,43,1
1381,0,0,16,0.37209302325581395,3,4.4478,23,0.5348837209302325,0,0,15,0.3488372093023256,0,0,17,0.3953488372093023,28,25.2042,43,1
1382,0,0,18,0.46153846153846156,2,2.9652,20,0.5128205128205128,0,0,13,0.3333333333333333,0,0,5,0.1282051282051282,13,13.343399999999999,38,0.9743589743589743
1385,0,0,18,0.3673469387755102,0,0,21,0.42857142857142855,0,0,14,0.2857142857142857,0,0,8,0.16326530612244897,14,11.8608,47,0.9591836734693877
1386,0,0,8,0.23529411764705882,0,0,12,0.35294117647058826,0,0,3,0.08823529411764706,0,0,2,0.058823529411764705,5,4.4478,34,1
1390,32.5,48.1845,12,0.5454545454545454,0,0,10,0.45454545454545453,0,0,9,0.4090909090909091,0,0,10,0.45454545454545453,11,5.9304,21,0.9545454545454546
1392,0,0,11,0.2894736842105263,0,0,18,0.47368421052631576,0,0,12,0.3157894736842105,0,0,12,0.3157894736842105,15,14.825999999999999,38,1
1393,0,0,7,0.2,0,0,13,0.37142857142857144,0,0,3,0.08571428571428572,0,0,5,0.14285714285714285,9,7.412999999999999,35,1
1394,0,0,0,0,94.5,65.9757,10,0.8333333333333334,0,0,0,0,0,0,0,0,3,2.9652,11,0.9166666666666666
1395,0,0,0,0,49,44.477999999999994,17,0.85,0,0,1,0.05,0,0,2,0.1,4,4.4478,20,1
1396,0,0,14,0.35,15.5,22.9803,23,0.575,0,0,12,0.3,0,0,16,0.4,29.5,29.651999999999997,40,1
1397,0,0,20,0.425531914893617,39,57.8214,36,0.7659574468085106,0,0,22,0.46808510638297873,0,0,6,0.1276595744680851,13,16.3086,47,1
1398,0,0,7,0.3888888888888889,20,29.651999999999997,12,0.6666666666666666,0,0,1,0.05555555555555555,0,0,2,0.1111111111111111,8,7.412999999999999,18,1
1400,0,0,10,0.2222222222222222,0,0,18,0.4,0,0,11,0.24444444444444444,0,0,3,0.06666666666666667,13,13.343399999999999,45,1
1401,0,0,6,0.2608695652173913,55,38.547599999999996,19,0.8260869565217391,0,0,3,0.13043478260869565,0,0,5,0.21739130434782608,13,14.825999999999999,23,1
1402,0,0,5,0.14705882352941177,42.5,63.01049999999999,20,0.5882352941176471,0,0,6,0.17647058823529413,0,0,1,0.029411764705882353,6.5,6.6716999999999995,34,1
1403,0,0,1,0.09090909090909091,0,0,4,0.36363636363636365,0,0,2,0.18181818181818182,0,0,1,0.09090909090909091,28,29.651999999999997,11,1
1404,0,0,13,0.35135135135135137,1,1.4826,20,0.5405405405405406,0,0,9,0.24324324324324326,0,0,7,0.1891891891891892,11,13.343399999999999,37,1
1405,0,0,8,0.34782608695652173,45,50.4084,16,0.6956521739130435,0,0,7,0.30434782608695654,0,0,4,0.17391304347826086,16,20.7564,23,1
1406,0,0,0,0,49,69.6822,11,0.6470588235294118,0,0,1,0.058823529411764705,0,0,3,0.17647058823529413,5,4.4478,17,1
1408,0,0,0,0,35,51.891,15,0.5555555555555556,0,0,2,0.07407407407407407,0,0,3,0.1111111111111111,5,5.9304,26,0.9629629629629629
1409,0,0,6,0.24,27,40.0302,16,0.64,0,0,7,0.28,0,0,2,0.08,10,8.8956,25,1
1410,0,0,10,0.45454545454545453,47.5,70.42349999999999,14,0.6363636363636364,0,0,6,0.2727272727272727,0,0,7,0.3181818181818182,15,14.825999999999999,22,1
1411,0,0,2,0.1,23,34.099799999999995,13,0.65,0,0,1,0.05,0,0,3,0.15,6,5.1891,20,1
1418,1,1.4826,21,0.5121951219512195,3,4.4478,24,0.5853658536585366,0,0,19,0.4634146341463415,0,0,5,0.12195121951219512,19,16.3086,41,1
1420,0,0,5,0.2,33,48.925799999999995,17,0.68,0,0,6,0.24,0,0,7,0.28,9,7.412999999999999,25,1
1422,0,0,5,0.18518518518518517,2,2.9652,17,0.6296296296296297,0,0,1,0.037037037037037035,0,0,6,0.2222222222222222,17,16.3086,27,1
1423,0,0,6,0.24,3,4.4478,15,0.6,0,0,2,0.08,0,0,4,0.16,16,13.343399999999999,25,1
1425,0,0,0,0,0,0,0,0,0,0,0,0,0,0,0,0,4,0,1,1
1426,0,0,2,0.08695652173913043,0,0,3,0.13043478260869565,0,0,2,0.08695652173913043,0,0,6,0.2608695652173913,13,7.412999999999999,23,1
1427,0,0,1,0.08333333333333333,0,0,5,0.4166666666666667,0,0,2,0.16666666666666666,0,0,1,0.08333333333333333,4.5,4.4478,12,1
1430,0,0,7,0.175,0,0,19,0.475,0,0,9,0.225,0,0,5,0.125,10,8.8956,39,0.975
1445,0,0,7,0.3684210526315789,0,0,9,0.47368421052631576,0,0,9,0.47368421052631576,0,0,1,0.05263157894736842,14,10.3782,19,1
1446,0,0,9,0.36,35,51.891,16,0.64,0,0,4,0.16,0,0,8,0.32,11,8.8956,25,1
1447,0,0,2,0.08,54,74.13,17,0.68,0,0,1,0.04,0,0,2,0.08,6,7.412999999999999,24,0.96
