user_id,tot_ontopic_cnt,median_ontopic_cnt,mad_ontopic_cnt,ontopic_days,ontopic_prop,tot_revisit_cnt,median_revisit_cnt,mad_revisit_cnt,revisit_days,revisit_prop,tot_metacog_cnt,median_metacog_cnt,mad_metacog_cnt,metacog_days,metacog_prop,tot_orient_cnt,median_orient_cnt,mad_orient_cnt,orinet_days,orient_prop,tot_prj_cnt,median_prj_cnt,mad_prj_cnt,prj_days,prj_prop
679,1309,11,16.3086,26,0.6046511627906976,320,0,0,16,0.37209302325581395,194,3,2.9652,40,0.9302325581395349,270,6,4.4478,43,1,40,0,0,9,0.20930232558139536
680,1054,11,16.3086,30,0.6976744186046512,435,0,0,20,0.46511627906976744,459,10,7.412999999999999,39,0.9069767441860465,433,9,7.412999999999999,42,0.9767441860465116,71,0,0,14,0.32558139534883723
681,441,1,1.4826,16,0.5333333333333333,153,0,0,11,0.36666666666666664,168,4.5,3.7064999999999997,27,0.9,155,3.5,3.7064999999999997,28,0.9333333333333333,34,0,0,9,0.3
682,437,21,31.1346,12,0.631578947368421,197,2,2.9652,12,0.631578947368421,165,5,5.9304,19,1,129,3,2.9652,19,1,32,0,0,5,0.2631578947368421
683,807,20,29.651999999999997,14,0.56,54,0,0,8,0.32,145,3,2.9652,24,0.96,144,4,1.4826,25,1,50,0,0,9,0.36
688,130,2,2.9652,7,0.6363636363636364,28,0,0,4,0.36363636363636365,73,7,4.4478,11,1,93,8,1.4826,11,1,37,0,0,4,0.36363636363636365
689,173,0,0,6,0.35294117647058826,17,0,0,2,0.11764705882352941,68,3,1.4826,17,1,94,3,2.9652,17,1,31,0,0,4,0.23529411764705882
691,812,4,5.9304,20,0.5405405405405406,78,0,0,2,0.05405405405405406,99,2,1.4826,35,0.9459459459459459,157,2,1.4826,36,0.972972972972973,35,0,0,8,0.21621621621621623
693,575,2,2.9652,13,0.5,212,1,1.4826,14,0.5384615384615384,118,3,2.2239,25,0.9615384615384616,107,2,1.4826,25,0.9615384615384616,28,0,0,5,0.19230769230769232
694,733,0,0,11,0.3548387096774194,418,0,0,14,0.45161290322580644,300,8,5.9304,30,0.967741935483871,317,8,7.412999999999999,31,1,107,0,0,10,0.3225806451612903
695,937,0,0,14,0.4117647058823529,214,0,0,10,0.29411764705882354,124,2.5,2.2239,33,0.9705882352941176,141,3,1.4826,33,0.9705882352941176,69,0,0,12,0.35294117647058826
699,180,0.5,0.7413,8,0.5,49,1.5,2.2239,9,0.5625,91,4,4.4478,15,0.9375,55,2.5,2.2239,15,0.9375,10,0,0,2,0.125
700,884,0,0,12,0.3870967741935484,207,0,0,11,0.3548387096774194,161,3,2.9652,30,0.967741935483871,208,4,2.9652,31,1,52,0,0,6,0.1935483870967742
701,867,7,10.3782,39,0.65,186,0,0,11,0.18333333333333332,440,5.5,5.1891,57,0.95,375,5,2.9652,59,0.9833333333333333,109,0,0,18,0.3
702,548,0,0,12,0.4,674,2,2.9652,17,0.5666666666666667,135,3,3.7064999999999997,26,0.8666666666666667,153,3.5,2.2239,29,0.9666666666666667,24,0,0,6,0.2
703,215,0,0,6,0.3333333333333333,0,0,0,0,0,98,5,2.9652,18,1,112,5.5,2.2239,18,1,41,0,0,7,0.3888888888888889
705,457,0,0,11,0.34375,346,0,0,12,0.375,94,2,1.4826,30,0.9375,107,2,1.4826,30,0.9375,19,0,0,4,0.125
706,969,0,0,14,0.4827586206896552,119,0,0,5,0.1724137931034483,256,5,2.9652,29,1,257,5,5.9304,28,0.9655172413793104,161,0,0,9,0.3103448275862069
707,1,0,0,1,0.03125,1103,3,4.4478,16,0.5,299,6,5.9304,31,0.96875,293,6,5.1891,32,1,71,0,0,11,0.34375
708,1546,19,28.1694,23,0.696969696969697,196,0,0,10,0.30303030303030304,190,4,2.9652,32,0.9696969696969697,227,5,2.9652,32,0.9696969696969697,27,0,0,6,0.18181818181818182
709,310,5,7.412999999999999,12,0.5714285714285714,9,0,0,2,0.09523809523809523,162,4,2.9652,21,1,137,5,4.4478,21,1,52,0,0,9,0.42857142857142855
710,1160,0,0,16,0.45714285714285713,1442,9,13.343399999999999,27,0.7714285714285715,242,4,4.4478,34,0.9714285714285714,220,4,4.4478,34,0.9714285714285714,43,0,0,7,0.2
712,566,31,45.9606,11,0.5789473684210527,159,0,0,6,0.3157894736842105,129,5,2.9652,19,1,112,3,2.9652,19,1,17,0,0,3,0.15789473684210525
713,688,1,1.4826,17,0.5151515151515151,294,0,0,15,0.45454545454545453,262,6,5.9304,33,1,221,5,4.4478,33,1,59,0,0,7,0.21212121212121213
714,567,1,1.4826,14,0.56,627,4,5.9304,15,0.6,182,5,4.4478,25,1,161,5,4.4478,25,1,31,0,0,5,0.2
717,650,31,45.9606,11,0.5789473684210527,373,1,1.4826,10,0.5263157894736842,162,7,4.4478,19,1,132,3,2.9652,19,1,39,0,0,3,0.15789473684210525
718,504,0,0,12,0.4444444444444444,298,0,0,9,0.3333333333333333,310,7,8.8956,26,0.9629629629629629,352,8,8.8956,27,1,104,0,0,12,0.4444444444444444
720,701,1,1.4826,19,0.5428571428571428,429,0,0,17,0.4857142857142857,294,4,4.4478,34,0.9714285714285714,267,4,4.4478,34,0.9714285714285714,57,0,0,12,0.34285714285714286
721,1744,5,7.412999999999999,32,0.5925925925925926,57,0,0,8,0.14814814814814814,207,2,2.2239,48,0.8888888888888888,205,2,1.4826,49,0.9074074074074074,79,0,0,14,0.25925925925925924
722,1019,0,0,15,0.4166666666666667,591,0,0,16,0.4444444444444444,325,5.5,5.1891,36,1,358,8,8.8956,36,1,60,0,0,8,0.2222222222222222
723,499,1.5,2.2239,13,0.5416666666666666,300,6.5,9.636899999999999,15,0.625,460,11.5,8.1543,24,1,241,7.5,5.1891,24,1,67,0,0,4,0.16666666666666666
724,1032,13,19.273799999999998,20,0.6060606060606061,378,0,0,12,0.36363636363636365,334,7,5.9304,33,1,451,8,5.9304,33,1,77,0,0,12,0.36363636363636365
727,780,0,0,15,0.375,402,0,0,16,0.4,182,3,2.9652,38,0.95,251,4,2.9652,40,1,59,0,0,8,0.2
728,1873,21.5,31.875899999999998,28,0.7777777777777778,61,0,0,8,0.2222222222222222,179,3,3.7064999999999997,31,0.8611111111111112,209,4,2.9652,33,0.9166666666666666,27,0,0,6,0.16666666666666666
729,525,0.5,0.7413,13,0.5,506,2.5,3.7064999999999997,14,0.5384615384615384,231,8,7.412999999999999,26,1,211,7,7.412999999999999,26,1,48,0,0,8,0.3076923076923077
730,447,7,10.3782,12,0.5714285714285714,178,0,0,10,0.47619047619047616,135,4,4.4478,21,1,133,5,4.4478,21,1,8,0,0,2,0.09523809523809523
731,335,1,1.4826,11,0.5238095238095238,406,1,1.4826,11,0.5238095238095238,172,7,7.412999999999999,21,1,166,7,7.412999999999999,21,1,27,0,0,6,0.2857142857142857
732,373,2,2.9652,22,0.5238095238095238,44,0,0,2,0.047619047619047616,172,3,2.9652,40,0.9523809523809523,170,2.5,2.2239,42,1,52,0,0,7,0.16666666666666666
733,421,1.5,2.2239,14,0.5384615384615384,331,0,0,7,0.2692307692307692,152,5.5,5.1891,26,1,168,4.5,5.1891,26,1,27,0,0,4,0.15384615384615385
734,451,0,0,11,0.44,337,0,0,9,0.36,202,8,5.9304,25,1,163,5,5.9304,25,1,30,0,0,8,0.32
735,642,18,26.686799999999998,14,0.6666666666666666,15,0,0,3,0.14285714285714285,114,3,2.9652,21,1,76,2,1.4826,21,1,17,0,0,3,0.14285714285714285
736,984,2,2.9652,21,0.5384615384615384,777,1,1.4826,21,0.5384615384615384,402,9,7.412999999999999,39,1,441,9,7.412999999999999,39,1,63,0,0,9,0.23076923076923078
737,0,0,0,0,0,109,0,0,2,0.2,62,1.5,0.7413,10,1,58,3.5,2.2239,10,1,27,0,0,4,0.4
738,1481,10,14.825999999999999,28,0.6511627906976745,124,0,0,8,0.18604651162790697,213,3,2.9652,42,0.9767441860465116,176,3,2.9652,43,1,51,0,0,7,0.16279069767441862
739,464,34,34.099799999999995,10,0.6666666666666666,120,0,0,5,0.3333333333333333,103,6,2.9652,15,1,120,8,1.4826,15,1,0,0,0,0,0
740,203,4,5.9304,6,0.5454545454545454,51,0,0,3,0.2727272727272727,79,6,4.4478,11,1,72,4,4.4478,11,1,0,0,0,0,0
741,900,8,11.8608,17,0.5666666666666667,193,0,0,13,0.43333333333333335,242,6,4.4478,30,1,217,5,4.4478,30,1,92,0,0,11,0.36666666666666664
743,666,11.5,17.049899999999997,15,0.5769230769230769,434,0,0,12,0.46153846153846156,221,5.5,5.9304,26,1,221,7.5,5.1891,26,1,43,0,0,8,0.3076923076923077
744,579,16.5,24.462899999999998,23,0.6764705882352942,139,0,0,7,0.20588235294117646,241,3,2.9652,32,0.9411764705882353,267,3,1.4826,34,1,56,0,0,8,0.23529411764705882
745,316,0,0,6,0.20689655172413793,265,1,1.4826,15,0.5172413793103449,170,5,5.9304,25,0.8620689655172413,185,6,5.9304,28,0.9655172413793104,40,0,0,7,0.2413793103448276
746,742,22,26.686799999999998,22,0.88,15,0,0,3,0.12,59,2,1.4826,25,1,103,3,1.4826,25,1,0,0,0,0,0
747,581,6,8.8956,11,0.5789473684210527,223,0,0,8,0.42105263157894735,85,1,0,19,1,78,1,0,19,1,0,0,0,0,0
748,775,18,26.686799999999998,14,0.6666666666666666,496,3,4.4478,11,0.5238095238095238,416,14,11.8608,21,1,357,12,10.3782,21,1,51,0,0,9,0.42857142857142855
749,343,1,1.4826,13,0.6842105263157895,212,4,5.9304,12,0.631578947368421,535,24,28.1694,19,1,768,35,19.273799999999998,19,1,182,0,0,7,0.3684210526315789
750,450,10,14.825999999999999,14,0.7,164,0,0,7,0.35,62,2.5,2.2239,18,0.9,47,2,1.4826,20,1,20,0,0,5,0.25
751,755,5,7.412999999999999,14,0.5833333333333334,260,0,0,11,0.4583333333333333,113,3,2.9652,21,0.875,83,3,2.9652,21,0.875,28,0,0,4,0.16666666666666666
753,543,0,0,11,0.4074074074074074,1274,4,5.9304,18,0.6666666666666666,409,9,8.8956,27,1,369,10,7.412999999999999,27,1,107,0,0,10,0.37037037037037035
754,561,16,23.7216,13,0.6190476190476191,263,0,0,10,0.47619047619047616,140,2,1.4826,21,1,120,2,1.4826,21,1,21,0,0,2,0.09523809523809523
755,806,0,0,16,0.4444444444444444,1523,0,0,12,0.3333333333333333,285,4,4.4478,34,0.9444444444444444,254,4.5,3.7064999999999997,35,0.9722222222222222,31,0,0,6,0.16666666666666666
756,34,0,0,1,0.125,1017,106,103.0407,7,0.875,57,5,3.7064999999999997,8,1,35,3,2.2239,8,1,1,0,0,1,0.125
757,559,0,0,12,0.4444444444444444,828,1,1.4826,16,0.5925925925925926,125,2,1.4826,27,1,185,4,2.9652,27,1,25,0,0,5,0.18518518518518517
758,405,0,0,12,0.3870967741935484,184,0,0,9,0.2903225806451613,139,3,2.9652,31,1,116,2,1.4826,31,1,22,0,0,4,0.12903225806451613
759,231,0,0,6,0.3333333333333333,135,1,1.4826,11,0.6111111111111112,60,3,2.9652,18,1,100,3.5,2.2239,18,1,7,0,0,3,0.16666666666666666
760,508,0,0,11,0.4782608695652174,183,0,0,8,0.34782608695652173,132,3,2.9652,23,1,162,3,2.9652,23,1,23,0,0,5,0.21739130434782608
761,633,0.5,0.7413,14,0.5,296,0,0,12,0.42857142857142855,286,10,8.1543,28,1,241,5.5,3.7064999999999997,28,1,36,0,0,7,0.25
762,458,0.5,0.7413,14,0.5,547,0.5,0.7413,14,0.5,162,3.5,3.7064999999999997,27,0.9642857142857143,160,4,2.9652,26,0.9285714285714286,39,0,0,5,0.17857142857142858
763,247,11,11.8608,13,0.7647058823529411,50,0,0,5,0.29411764705882354,177,7,4.4478,17,1,129,5,2.9652,17,1,4,0,0,1,0.058823529411764705
764,320,0,0,10,0.43478260869565216,1022,0,0,7,0.30434782608695654,330,13,8.8956,23,1,408,14,13.343399999999999,23,1,33,0,0,5,0.21739130434782608
765,475,16,22.238999999999997,21,0.84,43,0,0,3,0.12,124,3,2.9652,24,0.96,169,4,2.9652,25,1,2,0,0,1,0.04
767,1195,5,7.412999999999999,25,0.625,226,0,0,6,0.15,310,6,4.4478,40,1,438,7,3.7064999999999997,40,1,35,0,0,6,0.15
768,886,21,31.1346,19,0.5757575757575758,686,0,0,7,0.21212121212121213,104,2,1.4826,32,0.9696969696969697,117,3,1.4826,31,0.9393939393939394,33,0,0,5,0.15151515151515152
769,432,18,26.686799999999998,10,0.5555555555555556,193,0,0,8,0.4444444444444444,167,6.5,5.1891,17,0.9444444444444444,139,4.5,3.7064999999999997,18,1,23,0,0,5,0.2777777777777778
770,614,1.5,2.2239,21,0.5526315789473685,730,0.5,0.7413,19,0.5,282,6,4.4478,37,0.9736842105263158,355,8,5.9304,38,1,82,0,0,5,0.13157894736842105
771,1160,5,7.412999999999999,21,0.5384615384615384,437,0,0,8,0.20512820512820512,150,2,1.4826,38,0.9743589743589743,188,3,1.4826,38,0.9743589743589743,40,0,0,8,0.20512820512820512
772,397,0,0,13,0.4482758620689655,123,0,0,10,0.3448275862068966,143,3,2.9652,29,1,144,3,2.9652,29,1,39,0,0,8,0.27586206896551724
773,383,0,0,9,0.391304347826087,267,0,0,11,0.4782608695652174,84,2,1.4826,22,0.9565217391304348,56,1,0,23,1,10,0,0,2,0.08695652173913043
774,47,23.5,33.3585,2,1,12,6,8.8956,1,0.5,5,2.5,2.2239,2,1,7,3.5,2.2239,2,1,0,0,0,0,0
775,660,7,10.3782,18,0.6666666666666666,471,10,14.825999999999999,15,0.5555555555555556,159,4,4.4478,25,0.9259259259259259,148,3,2.9652,24,0.8888888888888888,42,0,0,5,0.18518518518518517
777,632,1,1.4826,15,0.5357142857142857,689,5,7.412999999999999,17,0.6071428571428571,117,3,2.9652,27,0.9642857142857143,91,2,1.4826,27,0.9642857142857143,17,0,0,4,0.14285714285714285
778,763,17,25.2042,20,0.7142857142857143,52,0,0,5,0.17857142857142858,233,6,7.412999999999999,26,0.9285714285714286,253,7,5.1891,28,1,61,0,0,10,0.35714285714285715
779,891,0,0,14,0.4827586206896552,251,0,0,13,0.4482758620689655,341,7,5.9304,29,1,244,5,4.4478,28,0.9655172413793104,81,0,0,11,0.3793103448275862
780,317,0,0,9,0.4090909090909091,134,0,0,8,0.36363636363636365,250,9.5,8.8956,21,0.9545454545454546,268,9.5,8.8956,22,1,75,0,0,6,0.2727272727272727
781,399,0,0,9,0.4090909090909091,239,2.5,3.7064999999999997,14,0.6363636363636364,121,4,4.4478,18,0.8181818181818182,118,3,4.4478,18,0.8181818181818182,38,0,0,7,0.3181818181818182
782,236,0,0,7,0.4666666666666667,140,0,0,7,0.4666666666666667,131,9,5.9304,15,1,93,5,2.9652,15,1,16,0,0,3,0.2
784,337,3,4.4478,11,0.55,377,0,0,7,0.35,200,8,7.412999999999999,20,1,125,5,5.9304,20,1,31,0,0,6,0.3
786,1166,27,40.0302,18,0.6206896551724138,1129,0,0,9,0.3103448275862069,154,3,2.9652,29,1,133,2,1.4826,29,1,11,0,0,3,0.10344827586206896
787,761,5,7.412999999999999,25,0.6410256410256411,86,0,0,12,0.3076923076923077,213,5,4.4478,38,0.9743589743589743,221,5,4.4478,38,0.9743589743589743,47,0,0,10,0.2564102564102564
788,550,6,8.8956,13,0.5416666666666666,234,0,0,7,0.2916666666666667,194,5.5,5.1891,23,0.9583333333333334,199,6,4.4478,24,1,53,0,0,7,0.2916666666666667
789,478,0,0,11,0.4583333333333333,192,1,1.4826,13,0.5416666666666666,203,5.5,5.1891,24,1,231,8,4.4478,24,1,32,0,0,8,0.3333333333333333
790,646,0,0,18,0.4864864864864865,490,0,0,10,0.2702702702702703,350,6,2.9652,36,0.972972972972973,511,10,5.9304,37,1,39,0,0,9,0.24324324324324326
791,886,15.5,22.9803,17,0.53125,349,0,0,15,0.46875,274,6,7.412999999999999,30,0.9375,301,6,5.9304,32,1,45,0,0,6,0.1875
792,819,20,29.651999999999997,20,0.6451612903225806,91,0,0,12,0.3870967741935484,151,3,2.9652,27,0.8709677419354839,165,5,4.4478,30,0.967741935483871,22,0,0,4,0.12903225806451613
793,474,0.5,0.7413,17,0.5,375,0,0,11,0.3235294117647059,171,4,4.4478,34,1,192,4,2.9652,34,1,38,0,0,10,0.29411764705882354
794,1577,3.5,5.1891,18,0.5625,904,12,17.7912,19,0.59375,208,5,4.4478,31,0.96875,224,5,5.9304,29,0.90625,58,0,0,9,0.28125
795,2188,11.5,17.049899999999997,42,0.7777777777777778,331,0,0,23,0.42592592592592593,663,10.5,9.636899999999999,53,0.9814814814814815,748,11,7.412999999999999,53,0.9814814814814815,136,0,0,14,0.25925925925925924
797,345,18,26.686799999999998,8,0.6153846153846154,113,0,0,5,0.38461538461538464,68,4,0,13,1,44,2,1.4826,13,1,2,0,0,1,0.07692307692307693
798,464,0,0,9,0.4090909090909091,237,0,0,9,0.4090909090909091,268,6.5,5.1891,22,1,202,5,4.4478,22,1,78,0,0,6,0.2727272727272727
799,567,3,4.4478,15,0.5357142857142857,151,0,0,11,0.39285714285714285,115,2.5,2.2239,25,0.8928571428571429,126,2,1.4826,27,0.9642857142857143,28,0,0,7,0.25
800,416,0,0,12,0.375,351,1.5,2.2239,17,0.53125,401,8.5,8.1543,32,1,350,7.5,8.1543,32,1,171,0,0,10,0.3125
801,790,0.5,0.7413,14,0.5,183,0,0,10,0.35714285714285715,155,4,2.9652,28,1,185,5,2.9652,28,1,62,0,0,9,0.32142857142857145
803,472,0,0,12,0.48,865,2,2.9652,13,0.52,122,4,2.9652,25,1,163,5,2.9652,25,1,20,0,0,6,0.24
804,327,10,14.825999999999999,19,0.6785714285714286,77,0,0,11,0.39285714285714285,113,2,2.2239,25,0.8928571428571429,145,4,2.9652,27,0.9642857142857143,67,0,0,5,0.17857142857142858
806,710,3,4.4478,20,0.5714285714285714,241,0,0,11,0.3142857142857143,255,5,5.9304,33,0.9428571428571428,298,7,7.412999999999999,33,0.9428571428571428,51,0,0,8,0.22857142857142856
807,857,30,40.0302,21,0.7777777777777778,0,0,0,0,0,115,3,2.9652,25,0.9259259259259259,110,2,1.4826,25,0.9259259259259259,61,0,0,5,0.18518518518518517
808,681,0,0,18,0.42857142857142855,509,0,0,19,0.4523809523809524,552,9.5,8.1543,41,0.9761904761904762,571,10,8.1543,41,0.9761904761904762,159,0,0,10,0.23809523809523808
810,1639,21,31.1346,20,0.6451612903225806,964,0,0,12,0.3870967741935484,307,7,5.9304,31,1,244,5,4.4478,31,1,44,0,0,8,0.25806451612903225
811,810,0,0,8,0.2857142857142857,1445,17.5,17.049899999999997,26,0.9285714285714286,159,4,5.1891,23,0.8214285714285714,165,5,4.4478,27,0.9642857142857143,29,0,0,6,0.21428571428571427
813,351,0,0,11,0.4782608695652174,38,0,0,7,0.30434782608695654,115,4,2.9652,21,0.9130434782608695,82,3,1.4826,23,1,20,0,0,5,0.21739130434782608
814,676,12,17.7912,22,0.6875,90,0,0,2,0.0625,173,4,2.9652,31,0.96875,198,5,4.4478,31,0.96875,33,0,0,7,0.21875
816,798,22,32.6172,21,0.65625,298,0,0,11,0.34375,222,5,4.4478,31,0.96875,207,5.5,5.1891,31,0.96875,20,0,0,5,0.15625
818,1241,5,7.412999999999999,25,0.6097560975609756,0,0,0,0,0,261,5,2.9652,40,0.975609756097561,292,5,2.9652,39,0.9512195121951219,80,0,0,10,0.24390243902439024
820,313,0,0,15,0.4838709677419355,131,0,0,10,0.3225806451612903,181,4,2.9652,31,1,153,2,1.4826,31,1,79,0,0,8,0.25806451612903225
821,2515,11,16.3086,27,0.6428571428571429,61,0,0,4,0.09523809523809523,241,2.5,2.2239,42,1,180,3,1.4826,42,1,52,0,0,8,0.19047619047619047
822,358,3.5,5.1891,11,0.5,213,0,0,8,0.36363636363636365,269,7.5,6.6716999999999995,22,1,255,6.5,6.6716999999999995,22,1,98,0,0,5,0.22727272727272727
823,667,0.5,0.7413,20,0.5,285,0,0,11,0.275,335,5.5,6.6716999999999995,39,0.975,346,4.5,5.1891,39,0.975,116,0,0,12,0.3
825,458,3.5,5.1891,13,0.5,620,9.5,14.0847,14,0.5384615384615384,262,6.5,6.6716999999999995,26,1,219,5.5,5.1891,26,1,26,0,0,4,0.15384615384615385
826,730,3,4.4478,21,0.5675675675675675,26,0,0,3,0.08108108108108109,293,4,4.4478,37,1,289,5,5.9304,37,1,88,0,0,13,0.35135135135135137
827,558,1,1.4826,16,0.5,421,0,0,15,0.46875,308,8,7.412999999999999,30,0.9375,317,7.5,9.636899999999999,31,0.96875,74,0,0,9,0.28125
828,786,12,17.7912,20,0.6666666666666666,471,0,0,11,0.36666666666666664,298,9.5,6.6716999999999995,30,1,260,7,5.9304,30,1,35,0,0,8,0.26666666666666666
830,431,0,0,9,0.32142857142857145,249,2.5,3.7064999999999997,14,0.5,203,5.5,5.9304,28,1,265,6,5.1891,28,1,24,0,0,5,0.17857142857142858
832,478,0,0,13,0.4482758620689655,996,0,0,9,0.3103448275862069,412,15,10.3782,29,1,352,14,11.8608,29,1,107,0,0,5,0.1724137931034483
833,652,0,0,12,0.42857142857142855,217,0,0,11,0.39285714285714285,101,2,1.4826,27,0.9642857142857143,121,2,1.4826,27,0.9642857142857143,38,0,0,7,0.25
834,149,0,0,6,0.23076923076923078,404,2,2.9652,14,0.5384615384615384,245,6,5.9304,26,1,268,6,5.9304,26,1,58,0,0,6,0.23076923076923078
835,381,0,0,10,0.45454545454545453,303,2.5,3.7064999999999997,12,0.5454545454545454,224,8,8.1543,21,0.9545454545454546,204,7,5.9304,22,1,55,0,0,8,0.36363636363636365
837,777,0,0,16,0.38095238095238093,557,0,0,20,0.47619047619047616,414,7.5,6.6716999999999995,42,1,369,6,5.9304,42,1,91,0,0,7,0.16666666666666666
839,1101,4,5.9304,28,0.717948717948718,11,0,0,4,0.10256410256410256,190,3,2.9652,39,1,176,3,2.9652,38,0.9743589743589743,27,0,0,8,0.20512820512820512
840,742,6,8.8956,16,0.5517241379310345,474,0,0,14,0.4827586206896552,287,5,5.9304,27,0.9310344827586207,327,8,7.412999999999999,28,0.9655172413793104,36,0,0,6,0.20689655172413793
841,974,5,7.412999999999999,15,0.5,681,1.5,2.2239,16,0.5333333333333333,240,5,4.4478,30,1,194,4,2.9652,30,1,48,0,0,6,0.2
843,734,1,1.4826,18,0.5142857142857142,201,0,0,15,0.42857142857142855,156,4,4.4478,29,0.8285714285714286,191,5,4.4478,32,0.9142857142857143,13,0,0,3,0.08571428571428572
844,546,2,2.9652,26,0.5777777777777777,176,0,0,15,0.3333333333333333,172,3,2.9652,41,0.9111111111111111,193,3,2.9652,42,0.9333333333333333,79,0,0,11,0.24444444444444444
845,716,19.5,23.7216,21,0.8076923076923077,120,0,0,8,0.3076923076923077,193,5,4.4478,26,1,194,5,3.7064999999999997,26,1,51,0,0,5,0.19230769230769232
847,721,0,0,13,0.4642857142857143,167,0,0,11,0.39285714285714285,342,6.5,6.6716999999999995,28,1,341,6,5.9304,28,1,82,0,0,7,0.25
848,883,10,14.825999999999999,26,0.6341463414634146,59,0,0,5,0.12195121951219512,187,3,2.9652,38,0.926829268292683,239,4,2.9652,40,0.975609756097561,54,0,0,7,0.17073170731707318
849,1083,9,13.343399999999999,25,0.6410256410256411,277,0,0,12,0.3076923076923077,281,5,4.4478,38,0.9743589743589743,271,5,4.4478,39,1,22,0,0,5,0.1282051282051282
850,956,21,31.1346,22,0.7586206896551724,39,0,0,4,0.13793103448275862,314,6,7.412999999999999,29,1,277,3,2.9652,29,1,71,0,0,4,0.13793103448275862
851,463,0,0,14,0.4375,210,0,0,14,0.4375,204,4,2.9652,32,1,146,3,2.2239,32,1,0,0,0,0,0
852,1263,0,0,17,0.4358974358974359,51,0,0,9,0.23076923076923078,434,9,7.412999999999999,39,1,338,6,5.9304,38,0.9743589743589743,65,0,0,9,0.23076923076923078
853,427,0,0,20,0.47619047619047616,186,0,0,15,0.35714285714285715,327,4,2.9652,42,1,317,4,2.9652,42,1,24,0,0,7,0.16666666666666666
854,1335,3.5,5.1891,22,0.5238095238095238,1800,1.5,2.2239,23,0.5476190476190477,546,9,8.1543,40,0.9523809523809523,456,7.5,6.6716999999999995,41,0.9761904761904762,70,0,0,7,0.16666666666666666
855,473,6,8.8956,13,0.52,144,0,0,9,0.36,221,3,2.9652,24,0.96,202,3,2.9652,24,0.96,21,0,0,3,0.12
856,1036,12,17.7912,23,0.7419354838709677,387,0,0,11,0.3548387096774194,350,8,8.8956,31,1,299,8,5.9304,31,1,29,0,0,5,0.16129032258064516
857,1380,8,11.8608,25,0.625,51,0,0,11,0.275,297,4,4.4478,38,0.95,216,3,2.9652,38,0.95,78,0,0,8,0.2
858,1704,1,1.4826,17,0.5151515151515151,277,1,1.4826,17,0.5151515151515151,314,6,5.9304,33,1,359,6,4.4478,33,1,47,0,0,8,0.24242424242424243
859,4527,50.5,74.87129999999999,27,0.75,668,0,0,11,0.3055555555555556,548,13.5,14.0847,35,0.9722222222222222,563,14.5,13.343399999999999,35,0.9722222222222222,69,0,0,6,0.16666666666666666
860,1285,20,29.651999999999997,19,0.6551724137931034,271,0,0,7,0.2413793103448276,359,9,11.8608,28,0.9655172413793104,342,7,7.412999999999999,29,1,23,0,0,5,0.1724137931034483
861,349,2,2.9652,13,0.6190476190476191,95,0,0,6,0.2857142857142857,212,5,4.4478,20,0.9523809523809523,208,4,2.9652,21,1,26,0,0,5,0.23809523809523808
862,215,0,0,7,0.3888888888888889,254,8,11.8608,10,0.5555555555555556,145,5.5,6.6716999999999995,17,0.9444444444444444,140,5.5,5.9304,18,1,53,0,0,4,0.2222222222222222
863,268,0,0,6,0.46153846153846156,328,3,4.4478,8,0.6153846153846154,254,12,11.8608,13,1,202,16,7.412999999999999,13,1,48,0,0,2,0.15384615384615385
864,1032,3,4.4478,21,0.5526315789473685,476,0,0,11,0.2894736842105263,239,4.5,2.9652,38,1,232,4.5,3.7064999999999997,38,1,37,0,0,5,0.13157894736842105
865,756,1,1.4826,18,0.5,420,1.5,2.2239,20,0.5555555555555556,439,8,8.8956,34,0.9444444444444444,389,6,7.412999999999999,35,0.9722222222222222,111,0,0,7,0.19444444444444445
866,394,0.5,0.7413,11,0.5,234,0.5,0.7413,11,0.5,148,3.5,2.2239,22,1,197,4,2.9652,22,1,40,0,0,6,0.2727272727272727
867,1801,1.5,2.2239,26,0.5652173913043478,2056,11.5,17.049899999999997,35,0.7608695652173914,510,8,7.412999999999999,42,0.9130434782608695,406,7,5.9304,45,0.9782608695652174,48,0,0,14,0.30434782608695654
868,694,0,0,17,0.4358974358974359,549,0,0,19,0.48717948717948717,258,4,4.4478,38,0.9743589743589743,288,5,4.4478,39,1,35,0,0,8,0.20512820512820512
869,736,10,14.825999999999999,27,0.7105263157894737,279,0,0,14,0.3684210526315789,554,9.5,11.119499999999999,38,1,444,5.5,5.1891,38,1,159,0,0,10,0.2631578947368421
870,1263,22,32.6172,11,0.5238095238095238,317,7,10.3782,13,0.6190476190476191,177,4,2.9652,19,0.9047619047619048,164,4,2.9652,20,0.9523809523809523,12,0,0,4,0.19047619047619047
871,1038,0.5,0.7413,16,0.5,411,0,0,14,0.4375,442,8,7.412999999999999,32,1,461,9,8.8956,32,1,107,0,0,8,0.25
872,850,1,1.4826,22,0.5238095238095238,449,0,0,14,0.3333333333333333,235,4,2.9652,40,0.9523809523809523,332,5.5,4.4478,40,0.9523809523809523,30,0,0,9,0.21428571428571427
873,1697,2,2.9652,18,0.5454545454545454,448,1,1.4826,17,0.5151515151515151,367,7,8.8956,33,1,424,9,8.8956,33,1,86,0,0,9,0.2727272727272727
874,614,0,0,14,0.45161290322580644,543,4,5.9304,18,0.5806451612903226,408,9,7.412999999999999,31,1,347,9,8.8956,31,1,103,0,0,8,0.25806451612903225
875,899,7.5,11.119499999999999,23,0.6388888888888888,186,0,0,8,0.2222222222222222,241,4.5,5.1891,35,0.9722222222222222,290,6.5,5.9304,36,1,31,0,0,6,0.16666666666666666
876,29,0.5,0.7413,3,0.5,176,11.5,11.119499999999999,5,0.8333333333333334,85,13,5.9304,6,1,82,14,6.6716999999999995,6,1,9,0,0,2,0.3333333333333333
877,1154,0,0,19,0.41304347826086957,508,0,0,20,0.43478260869565216,316,5,5.9304,44,0.9565217391304348,326,4,4.4478,45,0.9782608695652174,74,0,0,8,0.17391304347826086
878,24,24,0,1,1,0,0,0,0,0,3,3,0,1,1,2,2,0,1,1,0,0,0,0,0
879,1274,0,0,18,0.42857142857142855,319,0,0,16,0.38095238095238093,545,10,8.1543,42,1,477,9,5.9304,42,1,74,0,0,8,0.19047619047619047
880,1021,1,1.4826,17,0.5151515151515151,430,0,0,16,0.48484848484848486,251,6,5.9304,33,1,213,4,4.4478,33,1,62,0,0,6,0.18181818181818182
881,362,0,0,7,0.25925925925925924,184,0,0,13,0.48148148148148145,150,4,4.4478,27,1,161,3,1.4826,27,1,17,0,0,3,0.1111111111111111
882,814,0,0,17,0.425,255,0,0,19,0.475,337,5.5,5.1891,40,1,392,5.5,5.1891,40,1,87,0,0,6,0.15
884,2032,2,2.9652,25,0.5434782608695652,173,0,0,19,0.41304347826086957,470,6.5,6.6716999999999995,44,0.9565217391304348,567,7.5,7.412999999999999,46,1,101,0,0,14,0.30434782608695654
885,1363,21,31.1346,32,0.6956521739130435,818,0,0,14,0.30434782608695654,305,6,4.4478,44,0.9565217391304348,282,5,4.4478,45,0.9782608695652174,29,0,0,7,0.15217391304347827
886,1556,19.5,28.9107,45,0.75,1093,2.5,3.7064999999999997,39,0.65,603,8,7.412999999999999,57,0.95,807,13,8.8956,58,0.9666666666666667,122,0,0,17,0.2833333333333333
887,912,13.5,20.0151,12,0.6,348,0,0,9,0.45,204,9.5,5.9304,20,1,180,7.5,6.6716999999999995,20,1,14,0,0,2,0.1
888,890,4,5.9304,28,0.6222222222222222,277,0,0,14,0.3111111111111111,557,11,7.412999999999999,45,1,486,8,7.412999999999999,45,1,69,0,0,9,0.2
889,657,3,4.4478,30,0.6,384,0,0,16,0.32,597,11,10.3782,47,0.94,657,11,10.3782,48,0.96,93,0,0,13,0.26
890,279,5.5,8.1543,6,0.5,226,0,0,4,0.3333333333333333,136,7,6.6716999999999995,12,1,97,5,3.7064999999999997,12,1,36,0.5,0.7413,6,0.5
891,667,0,0,12,0.48,526,0,0,10,0.4,163,4,2.9652,25,1,145,5,4.4478,25,1,29,0,0,4,0.16
892,549,3.5,5.1891,29,0.6904761904761905,55,0,0,10,0.23809523809523808,367,5,5.9304,38,0.9047619047619048,412,6,4.4478,42,1,69,0,0,6,0.14285714285714285
893,602,0,0,13,0.4482758620689655,427,3,4.4478,17,0.5862068965517241,246,6,5.9304,29,1,194,6,7.412999999999999,29,1,38,0,0,6,0.20689655172413793
894,391,1.5,2.2239,11,0.55,248,1,1.4826,11,0.55,202,7.5,8.1543,20,1,180,5.5,5.9304,20,1,28,0,0,4,0.2
895,1068,5,7.412999999999999,24,0.6857142857142857,189,1,1.4826,20,0.5714285714285714,188,4,4.4478,34,0.9714285714285714,179,4,4.4478,33,0.9428571428571428,67,0,0,8,0.22857142857142856
896,1558,12.5,18.5325,31,0.6458333333333334,560,0,0,10,0.20833333333333334,541,8.5,8.8956,47,0.9791666666666666,650,10.5,10.3782,48,1,158,0,0,16,0.3333333333333333
897,937,21,31.1346,19,0.5757575757575758,254,0,0,10,0.30303030303030304,303,5,4.4478,32,0.9696969696969697,219,5,4.4478,33,1,47,0,0,3,0.09090909090909091
898,468,10,14.825999999999999,10,0.5,175,0,0,7,0.35,125,3,2.9652,20,1,113,3,2.9652,20,1,38,0,0,2,0.1
899,377,0,0,12,0.4444444444444444,155,0,0,11,0.4074074074074074,260,5,4.4478,26,0.9629629629629629,319,7,7.412999999999999,27,1,111,0,0,6,0.2222222222222222
900,451,4,5.9304,23,0.6216216216216216,258,1,1.4826,19,0.5135135135135135,407,8,7.412999999999999,36,0.972972972972973,404,8,5.9304,36,0.972972972972973,48,0,0,6,0.16216216216216217
901,522,19,26.686799999999998,17,0.7391304347826086,29,0,0,3,0.13043478260869565,88,2,1.4826,23,1,73,2,1.4826,23,1,3,0,0,2,0.08695652173913043
902,645,7,10.3782,17,0.5862068965517241,273,0,0,8,0.27586206896551724,200,4,4.4478,29,1,182,5,5.9304,29,1,16,0,0,3,0.10344827586206896
905,692,0,0,17,0.4857142857142857,422,0,0,15,0.42857142857142855,293,7,5.9304,34,0.9714285714285714,289,7,5.9304,35,1,71,0,0,9,0.2571428571428571
907,1848,9.5,14.0847,29,0.7631578947368421,96,0,0,6,0.15789473684210525,244,3,2.9652,34,0.8947368421052632,226,3,1.4826,34,0.8947368421052632,61,0,0,5,0.13157894736842105
908,325,0,0,7,0.3181818181818182,136,0,0,9,0.4090909090909091,135,4.5,3.7064999999999997,22,1,107,4,2.9652,21,0.9545454545454546,14,0,0,4,0.18181818181818182
909,1055,23.5,34.8411,19,0.6333333333333333,608,0,0,6,0.2,263,7.5,6.6716999999999995,29,0.9666666666666667,237,6,5.9304,30,1,26,0,0,7,0.23333333333333334
910,542,36,37.065,12,0.631578947368421,214,2,2.9652,10,0.5263157894736842,50,1,0,19,1,34,1,0,19,1,0,0,0,0,0
911,421,1,1.4826,17,0.5862068965517241,155,0,0,12,0.41379310344827586,136,3,2.9652,26,0.896551724137931,157,2,1.4826,29,1,37,0,0,6,0.20689655172413793
912,1825,3,4.4478,22,0.5365853658536586,747,0,0,19,0.4634146341463415,524,9,8.8956,40,0.975609756097561,619,12,10.3782,40,0.975609756097561,113,0,0,11,0.2682926829268293
913,401,12.5,18.5325,12,0.6666666666666666,219,0.5,0.7413,9,0.5,267,11.5,11.119499999999999,17,0.9444444444444444,217,9,8.8956,18,1,2,0,0,1,0.05555555555555555
914,824,3,4.4478,23,0.6216216216216216,149,0,0,9,0.24324324324324326,219,4,4.4478,36,0.972972972972973,274,5,4.4478,36,0.972972972972973,58,0,0,7,0.1891891891891892
916,395,0,0,10,0.4166666666666667,267,0,0,10,0.4166666666666667,112,1.5,0.7413,24,1,97,1.5,0.7413,24,1,21,0,0,4,0.16666666666666666
917,756,2,2.9652,19,0.59375,139,0,0,10,0.3125,354,8.5,8.1543,29,0.90625,493,12,11.119499999999999,31,0.96875,66,0,0,4,0.125
918,331,0,0,13,0.38235294117647056,182,0,0,14,0.4117647058823529,433,6,6.6716999999999995,34,1,373,6.5,5.1891,34,1,85,0,0,6,0.17647058823529413
919,914,0,0,16,0.4,1928,1.5,2.2239,25,0.625,173,3.5,2.9652,38,0.95,161,3,2.9652,38,0.95,13,0,0,6,0.15
920,1748,3,4.4478,20,0.5555555555555556,1202,5.5,8.1543,22,0.6111111111111112,446,10.5,8.1543,34,0.9444444444444444,428,9,8.8956,34,0.9444444444444444,121,0,0,11,0.3055555555555556
921,512,0,0,9,0.36,308,0,0,10,0.4,298,8,7.412999999999999,25,1,241,9,7.412999999999999,25,1,61,0,0,8,0.32
922,776,10,14.825999999999999,11,0.5238095238095238,419,0,0,8,0.38095238095238093,608,18,25.2042,21,1,511,10,11.8608,21,1,214,0,0,6,0.2857142857142857
923,865,2,2.9652,21,0.5384615384615384,336,0,0,18,0.46153846153846156,322,6,5.9304,39,1,306,6,5.9304,39,1,44,0,0,5,0.1282051282051282
924,1287,23,34.099799999999995,26,0.6842105263157895,287,0,0,7,0.18421052631578946,321,6,4.4478,38,1,360,6,5.9304,38,1,94,0,0,8,0.21052631578947367
925,1094,20.5,30.3933,22,0.6470588235294118,448,0,0,11,0.3235294117647059,413,6,7.412999999999999,34,1,348,6,5.9304,34,1,76,0,0,9,0.2647058823529412
926,974,10,14.825999999999999,31,0.6595744680851063,229,0,0,16,0.3404255319148936,451,3,2.9652,47,1,501,3,2.9652,47,1,188,0,0,10,0.2127659574468085
927,209,0,0,9,0.391304347826087,130,0,0,6,0.2608695652173913,104,2,1.4826,21,0.9130434782608695,117,2,2.9652,21,0.9130434782608695,67,0,0,9,0.391304347826087
928,869,1,1.4826,19,0.5277777777777778,1042,7,10.3782,22,0.6111111111111112,345,9,5.1891,35,0.9722222222222222,394,9.5,5.1891,35,0.9722222222222222,79,0,0,10,0.2777777777777778
929,1091,12,17.7912,35,0.7,172,0,0,14,0.28,632,8,8.1543,49,0.98,735,10,8.8956,50,1,122,0,0,17,0.34
930,1357,17,25.2042,24,0.7058823529411765,934,0,0,14,0.4117647058823529,431,10,11.119499999999999,34,1,444,10.5,9.636899999999999,34,1,57,0,0,9,0.2647058823529412
932,585,13,17.7912,22,0.7857142857142857,90,0,0,7,0.25,129,3,2.9652,27,0.9642857142857143,149,3,2.9652,27,0.9642857142857143,30,0,0,6,0.21428571428571427
933,747,6,8.8956,22,0.6285714285714286,215,0,0,16,0.45714285714285713,555,13,11.8608,32,0.9142857142857143,379,8,8.8956,34,0.9714285714285714,92,0,0,9,0.2571428571428571
934,323,6,8.8956,18,0.6,117,0,0,12,0.4,115,3,2.9652,26,0.8666666666666667,145,4,2.9652,29,0.9666666666666667,26,0,0,5,0.16666666666666666
935,585,0,0,20,0.46511627906976744,378,0,0,13,0.3023255813953488,327,5,5.9304,40,0.9302325581395349,432,8,5.9304,41,0.9534883720930233,105,0,0,15,0.3488372093023256
936,2067,0,0,18,0.47368421052631576,757,1,1.4826,20,0.5263157894736842,336,5,4.4478,36,0.9473684210526315,327,5.5,4.4478,38,1,53,0,0,8,0.21052631578947367
937,733,20.5,30.3933,19,0.6785714285714286,161,0,0,6,0.21428571428571427,108,3,2.9652,28,1,132,2,1.4826,28,1,45,0,0,5,0.17857142857142858
938,467,21,31.1346,11,0.55,74,0,0,8,0.4,69,4,2.2239,19,0.95,82,4.5,2.2239,20,1,33,0,0,4,0.2
940,1065,0,0,17,0.4358974358974359,1283,0,0,15,0.38461538461538464,289,6,5.9304,39,1,238,5,4.4478,39,1,37,0,0,5,0.1282051282051282
941,1393,22,26.686799999999998,41,0.8723404255319149,735,0,0,17,0.3617021276595745,326,5,4.4478,45,0.9574468085106383,451,6,4.4478,47,1,51,0,0,8,0.1702127659574468
942,734,7,10.3782,17,0.6296296296296297,294,0,0,13,0.48148148148148145,153,4,2.9652,25,0.9259259259259259,187,7,4.4478,25,0.9259259259259259,35,0,0,6,0.2222222222222222
943,592,0,0,13,0.4482758620689655,356,7,10.3782,20,0.6896551724137931,173,4,4.4478,29,1,192,4,4.4478,29,1,106,0,0,14,0.4827586206896552
944,380,0,0,17,0.425,149,0,0,19,0.475,171,3,2.9652,37,0.925,196,4,2.9652,40,1,30,0,0,4,0.1
945,1342,13,19.273799999999998,32,0.7111111111111111,136,0,0,6,0.13333333333333333,280,4,4.4478,44,0.9777777777777777,327,6,4.4478,43,0.9555555555555556,32,0,0,2,0.044444444444444446
946,430,1,1.4826,21,0.5121951219512195,13,0,0,2,0.04878048780487805,521,13,7.412999999999999,40,0.975609756097561,549,12,7.412999999999999,41,1,99,0,0,16,0.3902439024390244
947,748,0,0,14,0.4117647058823529,372,0,0,16,0.47058823529411764,157,3.5,3.7064999999999997,31,0.9117647058823529,197,4.5,3.7064999999999997,33,0.9705882352941176,79,0,0,10,0.29411764705882354
948,962,4,5.9304,29,0.6744186046511628,461,3,4.4478,27,0.627906976744186,191,3,2.9652,36,0.8372093023255814,180,4,4.4478,39,0.9069767441860465,60,0,0,8,0.18604651162790697
949,1086,17,25.2042,24,0.6666666666666666,225,0,0,11,0.3055555555555556,270,5.5,5.1891,35,0.9722222222222222,351,7,7.412999999999999,35,0.9722222222222222,49,0,0,9,0.25
950,939,3.5,5.1891,29,0.6041666666666666,525,1,1.4826,26,0.5416666666666666,296,4.5,4.4478,42,0.875,322,5.5,3.7064999999999997,47,0.9791666666666666,99,0,0,16,0.3333333333333333
951,701,3.5,5.1891,31,0.6458333333333334,354,0,0,19,0.3958333333333333,402,2,1.4826,43,0.8958333333333334,489,5,4.4478,47,0.9791666666666666,64,0,0,9,0.1875
953,372,5,7.412999999999999,15,0.6,169,0,0,12,0.48,106,4,2.9652,25,1,90,4,2.9652,25,1,2,0,0,1,0.04
954,1049,8,11.8608,25,0.5952380952380952,78,0,0,7,0.16666666666666666,360,7,3.7064999999999997,41,0.9761904761904762,261,5,2.9652,41,0.9761904761904762,69,0,0,8,0.19047619047619047
955,2020,11.5,17.049899999999997,33,0.6875,284,0,0,14,0.2916666666666667,316,5,4.4478,46,0.9583333333333334,337,5.5,4.4478,45,0.9375,85,0,0,8,0.16666666666666666
956,970,20,29.651999999999997,24,0.7741935483870968,105,0,0,3,0.0967741935483871,148,3,2.9652,28,0.9032258064516129,142,3,1.4826,29,0.9354838709677419,26,0,0,7,0.22580645161290322
957,474,0,0,11,0.4074074074074074,281,0,0,12,0.4444444444444444,113,3,2.9652,26,0.9629629629629629,117,3,2.9652,27,1,71,0,0,7,0.25925925925925924
958,864,17.5,25.9455,26,0.6842105263157895,960,0,0,14,0.3684210526315789,225,4,4.4478,38,1,251,5,4.4478,38,1,22,0,0,5,0.13157894736842105
959,347,9.5,14.0847,8,0.5,45,0,0,3,0.1875,123,4,3.7064999999999997,16,1,126,3,2.9652,16,1,23,0,0,3,0.1875
960,585,11,16.3086,16,0.5925925925925926,122,0,0,4,0.14814814814814814,183,3,2.9652,27,1,179,3,2.9652,27,1,79,0,0,6,0.2222222222222222
961,643,0,0,11,0.3548387096774194,231,0,0,10,0.3225806451612903,225,3,2.9652,31,1,226,3,2.9652,31,1,75,0,0,7,0.22580645161290322
962,676,12,17.7912,23,0.6052631578947368,519,0,0,12,0.3157894736842105,236,5,2.9652,38,1,306,5.5,2.2239,38,1,54,0,0,6,0.15789473684210525
963,1273,4,5.9304,26,0.5531914893617021,93,0,0,2,0.0425531914893617,194,3,1.4826,44,0.9361702127659575,220,3,1.4826,47,1,99,0,0,15,0.3191489361702128
964,0,0,0,0,0,0,0,0,0,0,13,13,0,1,1,26,26,0,1,1,0,0,0,0,0
965,1237,0,0,19,0.4634146341463415,715,2,2.9652,22,0.5365853658536586,455,10,8.8956,40,0.975609756097561,484,10,8.8956,40,0.975609756097561,134,0,0,8,0.1951219512195122
966,1635,6,8.8956,32,0.64,224,0,0,19,0.38,489,9,5.9304,48,0.96,536,9.5,8.8956,49,0.98,119,0,0,10,0.2
967,821,0,0,13,0.4482758620689655,461,4,5.9304,18,0.6206896551724138,148,3,2.9652,28,0.9655172413793104,126,3,2.9652,28,0.9655172413793104,29,0,0,4,0.13793103448275862
968,939,6,8.8956,18,0.5294117647058824,419,0,0,12,0.35294117647058826,255,4,4.4478,33,0.9705882352941176,264,4,2.9652,34,1,69,0,0,9,0.2647058823529412
969,119,0,0,6,0.3,174,2,2.9652,13,0.65,119,5,4.4478,20,1,139,5.5,4.4478,20,1,78,0,0,8,0.4
970,1664,22,32.6172,20,0.6666666666666666,192,0,0,7,0.23333333333333334,179,5.5,5.1891,30,1,267,6,4.4478,30,1,22,0,0,3,0.1
971,1228,8,11.8608,22,0.5789473684210527,385,0,0,12,0.3157894736842105,214,4,4.4478,35,0.9210526315789473,264,6,5.1891,36,0.9473684210526315,45,0,0,11,0.2894736842105263
972,999,8,11.8608,28,0.6511627906976745,616,0,0,9,0.20930232558139536,465,8,8.8956,41,0.9534883720930233,409,8,5.9304,42,0.9767441860465116,92,0,0,9,0.20930232558139536
973,436,0,0,11,0.3793103448275862,209,0,0,11,0.3793103448275862,195,7,5.9304,27,0.9310344827586207,229,7,5.9304,29,1,10,0,0,3,0.10344827586206896
974,863,0,0,15,0.4838709677419355,398,0,0,12,0.3870967741935484,264,7,7.412999999999999,30,0.967741935483871,276,6,5.9304,30,0.967741935483871,84,0,0,10,0.3225806451612903
975,106,0,0,7,0.3333333333333333,231,0,0,7,0.3333333333333333,115,4,2.9652,19,0.9047619047619048,107,4,4.4478,21,1,26,0,0,5,0.23809523809523808
976,300,0,0,7,0.3888888888888889,321,9,13.343399999999999,11,0.6111111111111112,80,2.5,2.2239,17,0.9444444444444444,66,1,0.7413,17,0.9444444444444444,23,0,0,5,0.2777777777777778
977,2131,25.5,37.8063,20,0.5882352941176471,163,0,0,5,0.14705882352941177,264,7,5.9304,34,1,296,7,7.412999999999999,34,1,80,0,0,12,0.35294117647058826
978,251,0,0,7,0.4117647058823529,57,0,0,4,0.23529411764705882,92,5,4.4478,17,1,71,3,2.9652,17,1,15,0,0,5,0.29411764705882354
979,536,0,0,15,0.4838709677419355,250,0,0,12,0.3870967741935484,355,10,10.3782,31,1,343,10,10.3782,31,1,75,0,0,8,0.25806451612903225
980,655,0,0,8,0.38095238095238093,447,0,0,7,0.3333333333333333,239,8,8.8956,21,1,256,7,5.9304,21,1,97,0,0,6,0.2857142857142857
983,1201,3,4.4478,22,0.5641025641025641,1765,2,2.9652,21,0.5384615384615384,440,6,7.412999999999999,39,1,390,6,7.412999999999999,39,1,110,0,0,8,0.20512820512820512
984,64,0,0,1,0.2,34,4,4.4478,4,0.8,21,2,1.4826,5,1,18,3,2.9652,5,1,0,0,0,0,0
985,748,1,1.4826,20,0.5405405405405406,332,2,2.9652,24,0.6486486486486487,551,9,8.8956,37,1,476,9,10.3782,37,1,134,0,0,11,0.2972972972972973
987,761,9,13.343399999999999,17,0.7391304347826086,788,14,20.7564,15,0.6521739130434783,401,15,14.825999999999999,23,1,422,13,14.825999999999999,23,1,58,0,0,6,0.2608695652173913
988,320,28,31.1346,10,0.7692307692307693,105,0,0,5,0.38461538461538464,89,5,4.4478,13,1,115,7,5.9304,13,1,6,0,0,1,0.07692307692307693
989,273,27,35.5824,9,0.8181818181818182,297,16,23.7216,6,0.5454545454545454,138,13,13.343399999999999,11,1,127,11,13.343399999999999,11,1,3,0,0,1,0.09090909090909091
990,1389,0,0,21,0.4375,1074,4.5,6.6716999999999995,30,0.625,491,7,7.412999999999999,48,1,606,9.5,8.8956,48,1,71,0,0,12,0.25
991,1126,18.5,27.428099999999997,24,0.6666666666666666,395,0,0,9,0.25,507,5.5,5.1891,36,1,505,6.5,6.6716999999999995,36,1,119,0,0,9,0.25
992,519,1,1.4826,18,0.5142857142857142,505,0,0,17,0.4857142857142857,371,7,5.9304,35,1,399,8,7.412999999999999,35,1,56,0,0,8,0.22857142857142856
993,607,0,0,15,0.38461538461538464,890,1,1.4826,20,0.5128205128205128,295,6,4.4478,38,0.9743589743589743,235,4,4.4478,38,0.9743589743589743,21,0,0,6,0.15384615384615385
994,1,0,0,1,0.25,94,18,20.7564,4,1,38,10,5.1891,4,1,18,4,2.2239,4,1,0,0,0,0,0
996,3921,7,10.3782,27,0.6585365853658537,137,0,0,12,0.2926829268292683,341,7,7.412999999999999,39,0.9512195121951219,447,9,8.8956,40,0.975609756097561,72,0,0,8,0.1951219512195122
997,1210,2.5,3.7064999999999997,19,0.5,125,0,0,16,0.42105263157894735,383,6.5,6.6716999999999995,38,1,437,8.5,8.1543,38,1,53,0,0,11,0.2894736842105263
998,381,0.5,0.7413,16,0.5,454,1,1.4826,17,0.53125,297,6,5.1891,32,1,280,5.5,6.6716999999999995,31,0.96875,126,0,0,11,0.34375
999,1266,4,5.9304,27,0.574468085106383,114,0,0,16,0.3404255319148936,291,4,2.9652,46,0.9787234042553191,324,5,4.4478,47,1,121,0,0,19,0.40425531914893614
1e3,699,9,13.343399999999999,22,0.6666666666666666,3,0,0,3,0.09090909090909091,209,4,4.4478,32,0.9696969696969697,255,5,4.4478,32,0.9696969696969697,88,0,0,8,0.24242424242424243
1001,735,15.5,22.9803,23,0.71875,60,0,0,3,0.09375,131,2.5,2.2239,31,0.96875,196,4,2.9652,32,1,32,0,0,5,0.15625
1002,806,10.5,15.5673,25,0.5681818181818182,121,0,0,16,0.36363636363636365,321,6,4.4478,41,0.9318181818181818,348,6,3.7064999999999997,42,0.9545454545454546,66,0,0,13,0.29545454545454547
1003,133,0,0,7,0.25,90,0,0,8,0.2857142857142857,118,3,2.9652,27,0.9642857142857143,150,4.5,2.9652,28,1,58,0,0,8,0.2857142857142857
1004,1419,28.5,31.1346,22,0.8461538461538461,67,0,0,7,0.2692307692307692,282,11,5.9304,25,0.9615384615384616,277,9.5,8.1543,24,0.9230769230769231,55,0,0,5,0.19230769230769232
1005,1950,17,25.2042,27,0.6585365853658537,723,0,0,18,0.43902439024390244,167,2,1.4826,38,0.926829268292683,165,2,2.9652,37,0.9024390243902439,29,0,0,5,0.12195121951219512
1006,663,0,0,12,0.375,688,0,0,15,0.46875,325,5,3.7064999999999997,32,1,204,4,2.9652,32,1,25,0,0,5,0.15625
1007,306,0,0,8,0.4444444444444444,95,0,0,7,0.3888888888888889,71,3,2.9652,17,0.9444444444444444,34,1,0,16,0.8888888888888888,6,0,0,2,0.1111111111111111
1008,723,24,35.5824,20,0.6060606060606061,264,0,0,13,0.3939393939393939,301,7,5.9304,33,1,357,8,5.9304,33,1,83,0,0,8,0.24242424242424243
1009,1121,15.5,22.9803,23,0.6764705882352942,152,0,0,16,0.47058823529411764,122,2,1.4826,30,0.8823529411764706,185,3.5,2.9652,32,0.9411764705882353,22,0,0,8,0.23529411764705882
1010,559,5,7.412999999999999,13,0.6190476190476191,166,0,0,7,0.3333333333333333,106,2,1.4826,19,0.9047619047619048,128,3,2.9652,21,1,45,0,0,5,0.23809523809523808
1011,979,9,13.343399999999999,30,0.75,270,0,0,14,0.35,210,3,2.9652,37,0.925,276,4,2.9652,39,0.975,55,0,0,8,0.2
1012,790,0,0,12,0.41379310344827586,508,0,0,14,0.4827586206896552,208,5,2.9652,29,1,168,5,4.4478,29,1,71,0,0,14,0.4827586206896552
1013,316,0,0,12,0.35294117647058826,278,0,0,14,0.4117647058823529,238,4,4.4478,33,0.9705882352941176,299,5,4.4478,34,1,32,0,0,10,0.29411764705882354
1014,946,0,0,15,0.36585365853658536,248,0,0,20,0.4878048780487805,280,6,4.4478,41,1,181,4,2.9652,41,1,33,0,0,7,0.17073170731707318
1015,472,3,4.4478,15,0.5555555555555556,188,0,0,13,0.48148148148148145,112,2,1.4826,27,1,93,3,2.9652,27,1,5,0,0,2,0.07407407407407407
1017,479,8,11.8608,17,0.68,184,1,1.4826,13,0.52,99,3,2.9652,24,0.96,108,3,2.9652,23,0.92,13,0,0,2,0.08
1018,785,2,2.9652,20,0.5405405405405406,657,0,0,16,0.43243243243243246,289,6,5.9304,35,0.9459459459459459,243,4,2.9652,34,0.918918918918919,113,0,0,13,0.35135135135135137
1019,1292,0,0,15,0.45454545454545453,796,1,1.4826,17,0.5151515151515151,195,3,2.9652,33,1,169,4,4.4478,33,1,24,0,0,7,0.21212121212121213
1020,634,2.5,3.7064999999999997,16,0.5333333333333333,333,3,4.4478,18,0.6,396,12,7.412999999999999,30,1,405,12.5,6.6716999999999995,30,1,105,0,0,12,0.4
1021,610,0,0,14,0.42424242424242425,234,0,0,15,0.45454545454545453,141,4,2.9652,33,1,118,3,2.9652,33,1,23,0,0,5,0.15151515151515152
1022,623,0,0,8,0.4,227,0,0,9,0.45,97,4.5,2.9652,19,0.95,81,2.5,2.2239,19,0.95,47,0,0,4,0.2
1023,1205,10,14.825999999999999,27,0.627906976744186,372,1,1.4826,22,0.5116279069767442,424,7,5.9304,39,0.9069767441860465,423,7,5.9304,42,0.9767441860465116,31,0,0,5,0.11627906976744186
1024,297,0,0,6,0.42857142857142855,23,0,0,2,0.14285714285714285,72,3,1.4826,14,1,70,3,1.4826,14,1,16,0,0,2,0.14285714285714285
1026,702,0,0,15,0.46875,406,0.5,0.7413,16,0.5,308,7.5,6.6716999999999995,32,1,257,6.5,6.6716999999999995,32,1,31,0,0,9,0.28125
1027,424,2,2.9652,17,0.53125,114,0,0,13,0.40625,138,2.5,2.2239,29,0.90625,187,4,2.9652,30,0.9375,52,0,0,5,0.15625
1028,983,0,0,18,0.4864864864864865,463,2,2.9652,20,0.5405405405405406,146,2,1.4826,34,0.918918918918919,151,2,1.4826,35,0.9459459459459459,80,0,0,9,0.24324324324324326
1029,1565,0,0,18,0.42857142857142855,489,1.5,2.2239,23,0.5476190476190477,436,8,7.412999999999999,39,0.9285714285714286,345,7,4.4478,41,0.9761904761904762,38,0,0,9,0.21428571428571427
1030,1415,3,4.4478,18,0.5142857142857142,290,0,0,17,0.4857142857142857,274,6,5.9304,35,1,203,4,2.9652,34,0.9714285714285714,65,0,0,9,0.2571428571428571
1032,294,1,1.4826,16,0.5333333333333333,122,0,0,14,0.4666666666666667,108,2,1.4826,27,0.9,167,4,2.9652,27,0.9,46,0,0,6,0.2
1033,610,20,26.686799999999998,20,0.7692307692307693,231,0,0,4,0.15384615384615385,144,2,1.4826,26,1,109,2,1.4826,26,1,34,0,0,4,0.15384615384615385
1034,935,27,23.7216,19,0.7037037037037037,114,0,0,9,0.3333333333333333,185,4,4.4478,26,0.9629629629629629,174,5,2.9652,26,0.9629629629629629,13,0,0,4,0.14814814814814814
1035,282,0.5,0.7413,11,0.5,225,2.5,3.7064999999999997,13,0.5909090909090909,83,2.5,2.2239,22,1,65,1.5,0.7413,22,1,7,0,0,5,0.22727272727272727
1036,471,0,0,11,0.3235294117647059,235,0,0,14,0.4117647058823529,144,4,2.9652,31,0.9117647058823529,204,4,2.9652,33,0.9705882352941176,13,0,0,4,0.11764705882352941
1037,378,27,34.099799999999995,10,0.5882352941176471,118,0,0,5,0.29411764705882354,181,8,4.4478,17,1,165,5,2.9652,17,1,29,0,0,5,0.29411764705882354
1038,1242,0,0,16,0.45714285714285713,185,0,0,11,0.3142857142857143,245,5,4.4478,32,0.9142857142857143,183,4,4.4478,31,0.8857142857142857,62,0,0,8,0.22857142857142856
1039,299,0,0,10,0.38461538461538464,136,0,0,9,0.34615384615384615,81,2,1.4826,25,0.9615384615384616,111,4,2.9652,26,1,29,0,0,5,0.19230769230769232
1040,705,21,31.1346,17,0.6538461538461539,11,0,0,2,0.07692307692307693,188,5.5,5.1891,26,1,198,5,5.9304,26,1,66,0,0,6,0.23076923076923078
1041,674,0,0,14,0.4827586206896552,447,0,0,8,0.27586206896551724,137,4,2.9652,27,0.9310344827586207,144,4,4.4478,28,0.9655172413793104,90,0,0,9,0.3103448275862069
1042,848,2,2.9652,19,0.5277777777777778,427,0,0,11,0.3055555555555556,313,4,4.4478,35,0.9722222222222222,284,3,2.9652,36,1,106,0,0,13,0.3611111111111111
1044,166,0,0,9,0.3103448275862069,102,0,0,8,0.27586206896551724,112,3,2.9652,24,0.8275862068965517,151,4,2.9652,29,1,23,0,0,5,0.1724137931034483
1045,696,2,2.9652,28,0.56,755,0.5,0.7413,25,0.5,221,3,2.9652,43,0.86,318,4,4.4478,49,0.98,34,0,0,9,0.18
1046,597,7.5,11.119499999999999,29,0.7631578947368421,79,0,0,10,0.2631578947368421,159,2.5,3.7064999999999997,32,0.8421052631578947,208,3.5,3.7064999999999997,34,0.8947368421052632,80,0,0,8,0.21052631578947367
1047,424,18,19.273799999999998,18,0.8181818181818182,4,0,0,2,0.09090909090909091,81,3,2.9652,22,1,95,4,2.9652,22,1,35,0,0,4,0.18181818181818182
1048,40,0,0,4,0.23529411764705882,190,1,1.4826,9,0.5294117647058824,83,1,1.4826,16,0.9411764705882353,111,3,2.9652,17,1,14,0,0,5,0.29411764705882354
1050,1091,10,14.825999999999999,23,0.6571428571428571,103,0,0,8,0.22857142857142856,217,4,4.4478,34,0.9714285714285714,134,3,2.9652,35,1,5,0,0,4,0.11428571428571428
1051,458,0,0,10,0.4166666666666667,157,0,0,10,0.4166666666666667,157,6,5.1891,23,0.9583333333333334,212,7,5.9304,23,0.9583333333333334,49,0,0,7,0.2916666666666667
1052,650,7,10.3782,20,0.625,194,0,0,12,0.375,224,5,4.4478,32,1,187,3,2.2239,32,1,43,0,0,5,0.15625
1053,877,17.5,25.9455,23,0.7666666666666667,496,0,0,11,0.36666666666666664,233,5,5.9304,30,1,300,7.5,6.6716999999999995,30,1,59,0,0,7,0.23333333333333334
1054,579,6,8.8956,14,0.5185185185185185,148,0,0,9,0.3333333333333333,105,2,1.4826,26,0.9629629629629629,123,2,1.4826,25,0.9259259259259259,28,0,0,5,0.18518518518518517
1055,1566,13,19.273799999999998,25,0.6756756756756757,151,0,0,9,0.24324324324324326,219,3,2.9652,35,0.9459459459459459,268,4,2.9652,35,0.9459459459459459,39,0,0,7,0.1891891891891892
1056,629,11,16.3086,19,0.6551724137931034,58,0,0,10,0.3448275862068966,167,5,2.9652,29,1,154,5,2.9652,29,1,18,0,0,5,0.1724137931034483
1057,358,35,32.6172,10,0.9090909090909091,43,0,0,4,0.36363636363636365,46,4,2.9652,11,1,64,6,4.4478,11,1,5,0,0,3,0.2727272727272727
1058,527,5,7.412999999999999,18,0.6206896551724138,63,0,0,8,0.27586206896551724,222,3,2.9652,29,1,256,4,4.4478,29,1,113,0,0,10,0.3448275862068966
1059,767,15,22.238999999999997,25,0.78125,40,0,0,10,0.3125,150,3.5,3.7064999999999997,31,0.96875,115,3,2.9652,32,1,13,0,0,4,0.125
1060,651,12,17.7912,20,0.6896551724137931,244,0,0,12,0.41379310344827586,204,4,4.4478,29,1,252,5,4.4478,29,1,35,0,0,5,0.1724137931034483
1061,852,12,17.7912,31,0.7948717948717948,43,0,0,5,0.1282051282051282,212,5,2.9652,36,0.9230769230769231,165,3,2.9652,38,0.9743589743589743,37,0,0,11,0.28205128205128205
1062,271,0,0,6,0.42857142857142855,164,2,2.9652,8,0.5714285714285714,107,5,4.4478,14,1,116,6,4.4478,14,1,31,0,0,6,0.42857142857142855
1063,1207,0,0,18,0.46153846153846156,198,0,0,13,0.3333333333333333,313,6,5.9304,38,0.9743589743589743,368,7,7.412999999999999,37,0.9487179487179487,81,0,0,17,0.4358974358974359
1064,1097,11,16.3086,28,0.7,71,0,0,12,0.3,206,4,4.4478,36,0.9,249,4.5,3.7064999999999997,40,1,19,0,0,4,0.1
1065,1038,3,4.4478,15,0.5172413793103449,367,1,1.4826,15,0.5172413793103449,166,5,4.4478,26,0.896551724137931,178,5,4.4478,28,0.9655172413793104,55,0,0,6,0.20689655172413793
1066,491,0,0,15,0.42857142857142855,207,0,0,14,0.4,131,3,2.9652,31,0.8857142857142857,174,5,2.9652,32,0.9142857142857143,16,0,0,6,0.17142857142857143
1067,178,0,0,6,0.3157894736842105,187,3,4.4478,11,0.5789473684210527,249,6,7.412999999999999,19,1,247,7,7.412999999999999,19,1,121,0,0,8,0.42105263157894735
1068,10,10,0,1,1,0,0,0,0,0,28,28,0,1,1,26,26,0,1,1,0,0,0,0,0
1069,1134,7,10.3782,37,0.74,1090,4,5.9304,34,0.68,395,5,5.9304,43,0.86,538,7.5,6.6716999999999995,50,1,111,0,0,13,0.26
1070,1077,0,0,16,0.36363636363636365,674,0,0,17,0.38636363636363635,302,4,2.9652,44,1,227,3,2.9652,44,1,58,0,0,8,0.18181818181818182
1071,5,0,0,2,0.11764705882352941,64,2,2.9652,10,0.5882352941176471,60,3,2.9652,17,1,93,4,2.9652,17,1,21,0,0,4,0.23529411764705882
1072,920,1,1.4826,20,0.5405405405405406,953,5,7.412999999999999,23,0.6216216216216216,520,9,7.412999999999999,36,0.972972972972973,442,7,5.9304,36,0.972972972972973,80,0,0,7,0.1891891891891892
1073,358,4.5,6.6716999999999995,19,0.7307692307692307,5,0,0,2,0.07692307692307693,52,1.5,0.7413,24,0.9230769230769231,72,2,0,25,0.9615384615384616,18,0,0,4,0.15384615384615385
1074,458,9,13.343399999999999,14,0.5833333333333334,119,0,0,9,0.375,183,4,3.7064999999999997,22,0.9166666666666666,208,5,4.4478,23,0.9583333333333334,22,0,0,3,0.125
1075,587,0,0,14,0.4,265,0,0,13,0.37142857142857144,233,5,4.4478,35,1,267,6,4.4478,35,1,54,0,0,11,0.3142857142857143
1076,440,0,0,10,0.45454545454545453,195,1.5,2.2239,13,0.5909090909090909,152,5.5,5.1891,22,1,195,4.5,3.7064999999999997,22,1,34,0,0,4,0.18181818181818182
1077,764,1,1.4826,19,0.5135135135135135,384,0,0,17,0.4594594594594595,212,3,2.9652,35,0.9459459459459459,254,4,2.9652,36,0.972972972972973,16,0,0,3,0.08108108108108109
1079,260,0,0,7,0.35,194,0,0,9,0.45,110,5,4.4478,20,1,94,3,2.9652,20,1,24,0,0,4,0.2
1080,922,9,13.343399999999999,22,0.6666666666666666,184,1,1.4826,18,0.5454545454545454,338,7,7.412999999999999,32,0.9696969696969697,320,6,4.4478,32,0.9696969696969697,41,0,0,5,0.15151515151515152
1081,709,0,0,9,0.34615384615384615,329,0,0,12,0.46153846153846156,181,6,5.9304,26,1,180,7.5,5.1891,26,1,38,0,0,5,0.19230769230769232
1082,914,4,5.9304,29,0.6041666666666666,254,0,0,13,0.2708333333333333,208,2.5,2.2239,43,0.8958333333333334,235,3,2.9652,43,0.8958333333333334,57,0,0,9,0.1875
1083,1032,4.5,6.6716999999999995,20,0.5882352941176471,200,0,0,11,0.3235294117647059,135,3,2.9652,30,0.8823529411764706,155,4,2.9652,31,0.9117647058823529,15,0,0,3,0.08823529411764706
1084,1150,3.5,5.1891,19,0.59375,1355,5,7.412999999999999,20,0.625,209,6,4.4478,30,0.9375,231,6.5,3.7064999999999997,31,0.96875,33,0,0,4,0.125
1085,713,11.5,17.049899999999997,24,0.75,554,1,1.4826,17,0.53125,354,7,6.6716999999999995,32,1,321,5.5,6.6716999999999995,32,1,122,0,0,9,0.28125
1086,382,7,10.3782,17,0.6538461538461539,72,0,0,8,0.3076923076923077,103,3,2.9652,26,1,117,2,1.4826,26,1,68,0,0,9,0.34615384615384615
1087,856,11,16.3086,34,0.7391304347826086,196,0,0,18,0.391304347826087,286,5,4.4478,43,0.9347826086956522,285,5,4.4478,43,0.9347826086956522,44,0,0,8,0.17391304347826086
1088,776,5.5,8.1543,20,0.5555555555555556,242,1,1.4826,22,0.6111111111111112,275,6,7.412999999999999,32,0.8888888888888888,220,4,4.4478,32,0.8888888888888888,71,0,0,8,0.2222222222222222
1089,640,16.5,22.238999999999997,24,0.75,286,0,0,8,0.25,114,2.5,2.2239,29,0.90625,137,3,2.9652,30,0.9375,20,0,0,7,0.21875
1090,5,0,0,2,0.125,145,0,0,7,0.4375,97,5.5,3.7064999999999997,16,1,95,4,2.9652,16,1,18,0,0,5,0.3125
1091,366,0,0,12,0.35294117647058826,130,0.5,0.7413,17,0.5,195,5,4.4478,33,0.9705882352941176,228,5,3.7064999999999997,34,1,58,0,0,10,0.29411764705882354
1092,170,1,1.4826,9,0.5294117647058824,0,0,0,0,0,91,2,1.4826,16,0.9411764705882353,79,2,1.4826,16,0.9411764705882353,10,0,0,2,0.11764705882352941
1093,575,1,1.4826,18,0.5142857142857142,82,0,0,10,0.2857142857142857,173,4,4.4478,35,1,189,4,2.9652,35,1,28,0,0,6,0.17142857142857143
1094,61,0,0,2,0.2222222222222222,110,6,8.8956,6,0.6666666666666666,78,8,5.9304,9,1,97,11,7.412999999999999,9,1,35,1,1.4826,6,0.6666666666666666
1095,256,1,1.4826,12,0.5217391304347826,174,1,1.4826,12,0.5217391304347826,150,5,5.9304,23,1,164,4,4.4478,23,1,45,0,0,6,0.2608695652173913
1096,836,18,26.686799999999998,25,0.6756756756756757,40,0,0,4,0.10810810810810811,231,5,4.4478,34,0.918918918918919,243,5,4.4478,34,0.918918918918919,86,0,0,9,0.24324324324324326
1097,278,0,0,8,0.36363636363636365,181,0,0,7,0.3181818181818182,108,4.5,3.7064999999999997,22,1,111,4.5,3.7064999999999997,22,1,37,0,0,8,0.36363636363636365
1098,374,2,2.9652,20,0.5714285714285714,507,0,0,15,0.42857142857142855,161,3,2.9652,35,1,198,5,4.4478,35,1,32,0,0,7,0.2
1099,897,4,5.9304,14,0.5185185185185185,1708,2,2.9652,15,0.5555555555555556,202,4,4.4478,26,0.9629629629629629,300,5,4.4478,26,0.9629629629629629,36,0,0,4,0.14814814814814814
1100,306,0,0,6,0.2727272727272727,341,0,0,7,0.3181818181818182,116,3,2.2239,21,0.9545454545454546,123,3.5,2.2239,21,0.9545454545454546,20,0,0,6,0.2727272727272727
1101,239,0,0,5,0.38461538461538464,111,0,0,6,0.46153846153846156,52,3,1.4826,13,1,50,2,1.4826,13,1,5,0,0,1,0.07692307692307693
1102,541,2.5,3.7064999999999997,19,0.5277777777777778,142,0,0,15,0.4166666666666667,195,4,2.9652,36,1,229,5,4.4478,36,1,57,0,0,7,0.19444444444444445
1103,1100,17.5,25.9455,19,0.7307692307692307,155,0,0,7,0.2692307692307692,489,16,14.825999999999999,25,0.9615384615384616,478,13.5,11.8608,26,1,79,0,0,8,0.3076923076923077
1104,647,3.5,5.1891,26,0.6190476190476191,110,0,0,4,0.09523809523809523,223,3,2.9652,41,0.9761904761904762,273,4,2.9652,41,0.9761904761904762,63,0,0,11,0.2619047619047619
1105,616,14.5,21.4977,20,0.6666666666666666,259,0,0,9,0.3,147,3,2.9652,28,0.9333333333333333,198,4.5,3.7064999999999997,30,1,25,0,0,4,0.13333333333333333
1106,449,0,0,17,0.4857142857142857,416,1,1.4826,19,0.5428571428571428,178,5,4.4478,32,0.9142857142857143,187,5,1.4826,32,0.9142857142857143,36,0,0,8,0.22857142857142856
1107,815,24,23.7216,23,0.7419354838709677,35,0,0,3,0.0967741935483871,131,4,2.9652,29,0.9354838709677419,134,3,2.9652,28,0.9032258064516129,71,0,0,9,0.2903225806451613
1108,798,2,2.9652,26,0.5909090909090909,341,0,0,14,0.3181818181818182,297,3,2.9652,42,0.9545454545454546,317,4,2.9652,42,0.9545454545454546,53,0,0,11,0.25
1109,626,5.5,8.1543,21,0.5833333333333334,552,1.5,2.2239,19,0.5277777777777778,445,8,9.636899999999999,34,0.9444444444444444,435,8.5,9.636899999999999,35,0.9722222222222222,70,0,0,8,0.2222222222222222
1111,46,0,0,3,0.25,87,2,2.9652,6,0.5,30,2.5,0.7413,12,1,34,2,1.4826,12,1,38,0,0,3,0.25
1112,729,4,5.9304,15,0.5172413793103449,211,0,0,12,0.41379310344827586,227,6,7.412999999999999,29,1,249,6,7.412999999999999,29,1,76,0,0,7,0.2413793103448276
1113,632,1,1.4826,19,0.5277777777777778,223,0,0,12,0.3333333333333333,140,2,1.4826,36,1,134,2.5,2.2239,36,1,66,0,0,9,0.25
1114,4043,0,0,18,0.4864864864864865,1635,0,0,13,0.35135135135135137,341,9,7.412999999999999,36,0.972972972972973,268,6,5.9304,36,0.972972972972973,60,0,0,7,0.1891891891891892
1115,900,15,22.238999999999997,21,0.5675675675675675,35,0,0,4,0.10810810810810811,171,3,2.9652,35,0.9459459459459459,187,4,4.4478,36,0.972972972972973,63,0,0,10,0.2702702702702703
1116,591,0,0,12,0.4444444444444444,276,2,2.9652,14,0.5185185185185185,169,5,5.9304,27,1,169,5,5.9304,27,1,7,0,0,3,0.1111111111111111
1117,525,0,0,16,0.48484848484848486,490,5,7.412999999999999,21,0.6363636363636364,282,4,4.4478,31,0.9393939393939394,265,5,4.4478,32,0.9696969696969697,17,0,0,4,0.12121212121212122
1118,720,0,0,13,0.4642857142857143,228,0,0,12,0.42857142857142855,294,8.5,8.1543,28,1,242,6,5.1891,28,1,88,0,0,7,0.25
1119,1200,8.5,12.6021,28,0.6666666666666666,155,0,0,10,0.23809523809523808,445,7.5,8.1543,39,0.9285714285714286,476,8,8.1543,41,0.9761904761904762,102,0,0,11,0.2619047619047619
1120,563,0,0,11,0.4583333333333333,252,0,0,11,0.4583333333333333,160,4,2.9652,24,1,142,4,2.9652,24,1,36,0,0,5,0.20833333333333334
1121,1102,2,2.9652,20,0.5263157894736842,443,0,0,14,0.3684210526315789,263,6.5,5.9304,36,0.9473684210526315,228,4,4.4478,35,0.9210526315789473,49,0,0,8,0.21052631578947367
1122,983,0,0,13,0.48148148148148145,156,0,0,13,0.48148148148148145,143,5,2.9652,27,1,132,4,2.9652,27,1,16,0,0,2,0.07407407407407407
1123,1533,6.5,9.636899999999999,29,0.6590909090909091,519,2.5,3.7064999999999997,24,0.5454545454545454,686,14.5,9.636899999999999,44,1,613,10,7.412999999999999,44,1,163,0,0,15,0.3409090909090909
1124,983,24,33.3585,24,0.8571428571428571,126,0,0,8,0.2857142857142857,302,5.5,5.1891,28,1,316,5,5.9304,28,1,44,0,0,5,0.17857142857142858
1125,1556,0,0,16,0.42105263157894735,277,1.5,2.2239,20,0.5263157894736842,269,5.5,6.6716999999999995,33,0.868421052631579,352,6.5,5.1891,38,1,104,0,0,11,0.2894736842105263
1126,1562,4,5.9304,22,0.5789473684210527,153,0,0,16,0.42105263157894735,224,5,2.9652,36,0.9473684210526315,230,4.5,3.7064999999999997,37,0.9736842105263158,59,0,0,7,0.18421052631578946
1128,852,0,0,16,0.42105263157894735,305,0,0,15,0.39473684210526316,313,5,4.4478,38,1,257,4,2.9652,38,1,63,0,0,12,0.3157894736842105
1129,1432,7,10.3782,30,0.75,689,1,1.4826,21,0.525,722,14,13.343399999999999,40,1,670,10,8.1543,40,1,52,0,0,6,0.15
1131,1126,0,0,14,0.4666666666666667,1038,2,2.9652,17,0.5666666666666667,181,4.5,5.1891,30,1,213,6,5.9304,30,1,37,0,0,4,0.13333333333333333
1132,1157,4,5.9304,28,0.5714285714285714,68,0,0,8,0.16326530612244897,253,5,4.4478,47,0.9591836734693877,392,5,4.4478,49,1,74,0,0,13,0.2653061224489796
1133,626,0,0,15,0.4411764705882353,280,0,0,13,0.38235294117647056,165,3.5,3.7064999999999997,34,1,215,4.5,3.7064999999999997,34,1,86,0,0,9,0.2647058823529412
1134,1081,0,0,13,0.40625,1209,0.5,0.7413,16,0.5,297,6.5,4.4478,31,0.96875,262,5,4.4478,31,0.96875,81,0,0,8,0.25
1135,1517,6,8.8956,33,0.7021276595744681,439,1,1.4826,25,0.5319148936170213,569,10,10.3782,46,0.9787234042553191,534,10,5.9304,47,1,52,0,0,9,0.19148936170212766
1310,1012,3,4.4478,25,0.6410256410256411,187,0,0,13,0.3333333333333333,577,10,10.3782,38,0.9743589743589743,517,12,10.3782,38,0.9743589743589743,73,0,0,12,0.3076923076923077
1311,244,0,0,10,0.2857142857142857,553,3,4.4478,22,0.6285714285714286,219,3,2.9652,35,1,228,5,2.9652,35,1,36,0,0,9,0.2571428571428571
1312,618,0,0,12,0.36363636363636365,148,0,0,16,0.48484848484848486,201,4,4.4478,30,0.9090909090909091,239,6,4.4478,31,0.9393939393939394,43,0,0,8,0.24242424242424243
1313,987,19,28.1694,21,0.6363636363636364,110,0,0,11,0.3333333333333333,341,6,5.9304,32,0.9696969696969697,356,7,4.4478,33,1,58,0,0,8,0.24242424242424243
1314,546,0,0,9,0.375,90,0,0,9,0.375,142,4.5,5.1891,23,0.9583333333333334,160,6,6.6716999999999995,23,0.9583333333333334,63,0,0,7,0.2916666666666667
1315,624,2,2.9652,26,0.52,104,0,0,15,0.3,315,6,4.4478,49,0.98,424,7,4.4478,50,1,156,0,0,18,0.36
1317,394,0,0,15,0.45454545454545453,523,0,0,13,0.3939393939393939,227,5,4.4478,32,0.9696969696969697,218,6,4.4478,32,0.9696969696969697,36,0,0,9,0.2727272727272727
1318,789,6,8.8956,22,0.5945945945945946,177,0,0,14,0.3783783783783784,184,3,2.9652,34,0.918918918918919,192,3,2.9652,35,0.9459459459459459,35,0,0,9,0.24324324324324326
1321,657,8,11.8608,28,0.6666666666666666,58,0,0,5,0.11904761904761904,542,8.5,9.636899999999999,42,1,563,10,10.3782,41,0.9761904761904762,123,0,0,7,0.16666666666666666
1322,598,3,4.4478,20,0.6666666666666666,132,0,0,14,0.4666666666666667,614,12,14.0847,30,1,560,11,12.6021,30,1,106,0,0,8,0.26666666666666666
1323,750,2,2.9652,22,0.5789473684210527,402,1,1.4826,20,0.5263157894736842,431,8.5,6.6716999999999995,38,1,456,9,7.412999999999999,38,1,77,0,0,8,0.21052631578947367
1324,341,0,0,7,0.30434782608695654,102,0,0,10,0.43478260869565216,69,1,1.4826,20,0.8695652173913043,71,1,1.4826,22,0.9565217391304348,41,0,0,7,0.30434782608695654
1326,688,6,8.8956,22,0.6470588235294118,386,0,0,14,0.4117647058823529,336,5,4.4478,34,1,345,5,5.1891,34,1,116,0,0,11,0.3235294117647059
1327,197,0,0,6,0.2222222222222222,301,0,0,11,0.4074074074074074,178,3,2.9652,26,0.9629629629629629,154,2,1.4826,26,0.9629629629629629,75,0,0,7,0.25925925925925924
1330,1892,16,23.7216,29,0.6444444444444445,322,0,0,12,0.26666666666666666,693,11,7.412999999999999,44,0.9777777777777777,616,10,7.412999999999999,45,1,123,0,0,15,0.3333333333333333
1331,431,30,38.547599999999996,10,0.6666666666666666,133,0,0,6,0.4,122,6,5.9304,15,1,91,4,2.9652,15,1,4,0,0,2,0.13333333333333333
1332,1012,0,0,11,0.4074074074074074,750,0,0,13,0.48148148148148145,299,6,5.9304,26,0.9629629629629629,297,7,7.412999999999999,27,1,28,0,0,4,0.14814814814814814
1333,1332,0,0,20,0.39215686274509803,2378,4,5.9304,28,0.5490196078431373,751,10,11.8608,51,1,656,9,10.3782,51,1,113,0,0,14,0.27450980392156865
1334,511,7,10.3782,16,0.5714285714285714,726,0,0,12,0.42857142857142855,168,3.5,3.7064999999999997,25,0.8928571428571429,179,4,4.4478,25,0.8928571428571429,22,0,0,6,0.21428571428571427
1336,482,0,0,12,0.48,264,0,0,10,0.4,145,5,4.4478,21,0.84,150,4,4.4478,21,0.84,32,0,0,4,0.16
1337,1441,0.5,0.7413,14,0.5,565,1,1.4826,14,0.5,386,8,8.1543,28,1,324,8,6.6716999999999995,28,1,34,0,0,4,0.14285714285714285
1338,686,0,0,15,0.4166666666666667,654,0,0,12,0.3333333333333333,199,3,2.9652,36,1,237,5,3.7064999999999997,36,1,26,0,0,9,0.25
1339,1245,4,5.9304,28,0.5957446808510638,1179,4,5.9304,27,0.574468085106383,715,10,11.8608,44,0.9361702127659575,494,8,7.412999999999999,47,1,192,0,0,13,0.2765957446808511
1340,1083,0,0,14,0.4117647058823529,1005,0,0,16,0.47058823529411764,379,6.5,6.6716999999999995,33,0.9705882352941176,382,6,6.6716999999999995,33,0.9705882352941176,90,0,0,7,0.20588235294117646
1341,612,0.5,0.7413,19,0.5,1068,0,0,18,0.47368421052631576,1104,13,15.5673,37,0.9736842105263158,938,11.5,14.0847,38,1,228,0,0,10,0.2631578947368421
1342,1028,1.5,2.2239,18,0.6,749,5,7.412999999999999,23,0.7666666666666667,259,7,4.4478,30,1,276,7.5,5.9304,29,0.9666666666666667,27,0,0,7,0.23333333333333334
1343,1037,0,0,20,0.46511627906976744,182,0,0,16,0.37209302325581395,325,5,2.9652,43,1,423,6,4.4478,43,1,73,0,0,8,0.18604651162790697
1344,479,7,10.3782,11,0.5789473684210527,118,0,0,8,0.42105263157894735,146,4,4.4478,17,0.8947368421052632,170,5,4.4478,18,0.9473684210526315,52,0,0,5,0.2631578947368421
1345,1499,0,0,19,0.4418604651162791,513,0,0,18,0.4186046511627907,213,3,2.9652,38,0.8837209302325582,234,3,2.9652,39,0.9069767441860465,37,0,0,7,0.16279069767441862
1346,672,1.5,2.2239,17,0.5,200,0.5,0.7413,17,0.5,346,9,5.9304,33,0.9705882352941176,298,7,3.7064999999999997,34,1,49,0,0,7,0.20588235294117646
1347,684,0,0,17,0.4594594594594595,257,0,0,10,0.2702702702702703,282,5,5.9304,37,1,253,4,4.4478,37,1,47,0,0,7,0.1891891891891892
1354,548,47,16.3086,12,0.8,277,14,20.7564,11,0.7333333333333333,105,4,2.9652,15,1,85,4,4.4478,15,1,1,0,0,1,0.06666666666666667
1355,1826,17,25.2042,28,0.717948717948718,92,0,0,11,0.28205128205128205,170,3,2.9652,35,0.8974358974358975,234,5,4.4478,37,0.9487179487179487,30,0,0,4,0.10256410256410256
1357,1111,1,1.4826,21,0.5384615384615384,341,0,0,15,0.38461538461538464,458,7,8.8956,37,0.9487179487179487,418,8,8.8956,38,0.9743589743589743,109,0,0,11,0.28205128205128205
1358,1273,0,0,21,0.42857142857142855,1925,3,4.4478,30,0.6122448979591837,496,9,8.8956,48,0.9795918367346939,581,9,8.8956,49,1,103,0,0,10,0.20408163265306123
1359,365,0,0,9,0.375,281,0,0,10,0.4166666666666667,151,4,4.4478,24,1,134,4.5,4.4478,24,1,16,0,0,4,0.16666666666666666
1360,2769,38,54.856199999999994,48,0.7868852459016393,1045,0,0,24,0.39344262295081966,1088,18,11.8608,61,1,1116,16,8.8956,61,1,172,0,0,19,0.3114754098360656
1361,2607,1.5,2.2239,19,0.5588235294117647,448,2.5,3.7064999999999997,17,0.5,364,7,6.6716999999999995,34,1,335,7,6.6716999999999995,34,1,41,0,0,7,0.20588235294117646
1362,585,0,0,14,0.4375,416,0,0,11,0.34375,300,4,4.4478,32,1,287,5,4.4478,32,1,27,0,0,3,0.09375
1363,307,2,2.9652,10,0.5882352941176471,248,7,10.3782,12,0.7058823529411765,100,5,4.4478,13,0.7647058823529411,127,5,5.9304,16,0.9411764705882353,4,0,0,1,0.058823529411764705
1364,1714,21,31.1346,37,0.8222222222222222,654,0,0,22,0.4888888888888889,851,15,13.343399999999999,45,1,791,15,13.343399999999999,45,1,126,0,0,8,0.17777777777777778
1365,1254,0,0,18,0.4864864864864865,1656,0,0,13,0.35135135135135137,385,7,7.412999999999999,37,1,377,7,4.4478,37,1,83,0,0,9,0.24324324324324326
1366,425,0,0,9,0.3333333333333333,345,0,0,12,0.4444444444444444,211,5,4.4478,27,1,207,5,5.9304,27,1,47,0,0,5,0.18518518518518517
1367,505,10,14.825999999999999,10,0.5882352941176471,233,0,0,5,0.29411764705882354,95,3,2.9652,17,1,86,3,2.9652,17,1,14,0,0,2,0.11764705882352941
1368,1291,3,4.4478,24,0.6,169,0,0,12,0.3,368,9.5,8.1543,37,0.925,401,8,7.412999999999999,37,0.925,32,0,0,5,0.125
1369,689,2,2.9652,21,0.525,260,0,0,15,0.375,276,5,4.4478,36,0.9,265,5.5,5.1891,39,0.975,18,0,0,5,0.125
1370,464,0,0,14,0.358974358974359,836,1,1.4826,20,0.5128205128205128,245,5,2.9652,37,0.9487179487179487,175,3,1.4826,38,0.9743589743589743,55,0,0,12,0.3076923076923077
1375,1982,0.5,0.7413,20,0.5,1986,10.5,15.5673,26,0.65,521,11,8.1543,39,0.975,432,8.5,7.412999999999999,40,1,126,0,0,12,0.3
1376,467,5,7.412999999999999,13,0.5652173913043478,404,0,0,11,0.4782608695652174,185,4,4.4478,23,1,159,5,4.4478,23,1,8,0,0,2,0.08695652173913043
1377,1223,1,1.4826,23,0.5227272727272727,404,0,0,20,0.45454545454545453,315,5.5,5.1891,43,0.9772727272727273,246,4,4.4478,41,0.9318181818181818,53,0,0,10,0.22727272727272727
1378,1530,0,0,22,0.4888888888888889,1047,0,0,20,0.4444444444444444,543,8,8.8956,45,1,404,5,4.4478,44,0.9777777777777777,43,0,0,11,0.24444444444444444
1379,754,0,0,17,0.425,634,0,0,17,0.425,420,7.5,9.636899999999999,40,1,355,6,7.412999999999999,40,1,58,0,0,11,0.275
1380,411,1,1.4826,22,0.5116279069767442,472,8,11.8608,26,0.6046511627906976,384,6,5.9304,41,0.9534883720930233,374,7,5.9304,43,1,24,0,0,6,0.13953488372093023
1381,1646,4,5.9304,30,0.6976744186046512,356,1,1.4826,23,0.5348837209302325,621,11,10.3782,42,0.9767441860465116,615,11,10.3782,42,0.9767441860465116,74,0,0,9,0.20930232558139536
1382,1496,1,1.4826,21,0.5384615384615384,646,0,0,15,0.38461538461538464,299,5,4.4478,37,0.9487179487179487,307,6,5.9304,37,0.9487179487179487,103,0,0,8,0.20512820512820512
1385,816,0,0,22,0.4489795918367347,584,4,5.9304,32,0.6530612244897959,414,5,4.4478,44,0.8979591836734694,487,8,5.9304,47,0.9591836734693877,59,0,0,9,0.1836734693877551
1386,362,0,0,13,0.38235294117647056,272,0,0,12,0.35294117647058826,199,3.5,3.7064999999999997,34,1,207,4,2.9652,34,1,56,0,0,8,0.23529411764705882
1390,1486,6.5,9.636899999999999,13,0.5909090909090909,402,0.5,0.7413,11,0.5,205,6.5,4.4478,20,0.9090909090909091,176,6,3.7064999999999997,21,0.9545454545454546,62,0,0,5,0.22727272727272727
1392,398,0,0,14,0.3684210526315789,203,0,0,7,0.18421052631578946,391,7.5,7.412999999999999,37,0.9736842105263158,315,7,7.412999999999999,37,0.9736842105263158,81,0,0,10,0.2631578947368421
1393,190,0,0,10,0.2857142857142857,449,6,8.8956,29,0.8285714285714286,200,3,4.4478,26,0.7428571428571429,264,5,4.4478,35,1,63,0,0,9,0.2571428571428571
1394,421,35,18.5325,9,0.75,154,8.5,12.6021,7,0.5833333333333334,49,3,2.2239,11,0.9166666666666666,34,2,2.2239,11,0.9166666666666666,0,0,0,0,0
1395,431,17,25.2042,11,0.55,172,4.5,6.6716999999999995,14,0.7,122,4,4.4478,20,1,93,2.5,2.2239,20,1,20,0,0,2,0.1
1396,1417,0,0,12,0.3,515,0,0,17,0.425,592,16,12.6021,40,1,641,15,12.6021,40,1,135,0,0,10,0.25
1397,3159,22,32.6172,32,0.6808510638297872,1446,0,0,21,0.44680851063829785,593,8,8.8956,47,1,676,7,7.412999999999999,47,1,109,0,0,10,0.2127659574468085
1398,422,3.5,5.1891,9,0.5,188,0.5,0.7413,9,0.5,116,6,2.9652,17,0.9444444444444444,139,6,4.4478,18,1,6,0,0,4,0.2222222222222222
1400,1052,0,0,13,0.28888888888888886,821,0,0,19,0.4222222222222222,591,9,10.3782,45,1,466,6,5.9304,45,1,174,0,0,16,0.35555555555555557
1401,698,12,17.7912,13,0.5652173913043478,284,0,0,11,0.4782608695652174,221,8,4.4478,23,1,210,6,4.4478,23,1,69,0,0,6,0.2608695652173913
1402,731,0,0,13,0.38235294117647056,269,0,0,13,0.38235294117647056,203,5,4.4478,32,0.9411764705882353,243,3,2.9652,33,0.9705882352941176,45,0,0,6,0.17647058823529413
1403,0,0,0,0,0,266,0,0,5,0.45454545454545453,177,11,14.825999999999999,11,1,173,14,13.343399999999999,11,1,29,0,0,2,0.18181818181818182
1404,826,3,4.4478,21,0.5675675675675675,418,0,0,17,0.4594594594594595,447,8,7.412999999999999,37,1,442,9,8.8956,37,1,90,0,0,8,0.21621621621621623
1405,387,1,1.4826,12,0.5217391304347826,1463,14,20.7564,17,0.7391304347826086,347,14,17.7912,23,1,367,8,8.8956,23,1,65,0,0,6,0.2608695652173913
1406,249,0,0,8,0.47058823529411764,191,6,8.8956,9,0.5294117647058824,122,4,2.9652,17,1,100,2,1.4826,17,1,14,0,0,2,0.11764705882352941
1408,537,17,25.2042,15,0.5555555555555556,1,0,0,1,0.037037037037037035,106,2,1.4826,27,1,109,2,1.4826,26,0.9629629629629629,52,0,0,8,0.2962962962962963
1409,633,0,0,10,0.4,643,0,0,10,0.4,373,8,5.9304,25,1,382,8,7.412999999999999,25,1,136,0,0,8,0.32
1410,1118,19,28.1694,13,0.5909090909090909,1908,23.5,34.8411,15,0.6818181818181818,266,8,5.9304,22,1,224,8.5,5.9304,22,1,57,0,0,7,0.3181818181818182
1411,446,2,2.9652,10,0.5,204,1.5,2.2239,11,0.55,148,5,4.4478,20,1,135,4.5,4.4478,20,1,9,0,0,2,0.1
1418,1152,18,26.686799999999998,31,0.7560975609756098,85,0,0,7,0.17073170731707318,467,8,7.412999999999999,40,0.975609756097561,518,9,8.8956,41,1,177,0,0,10,0.24390243902439024
1420,576,0,0,11,0.44,171,0,0,8,0.32,157,4,2.9652,25,1,161,4,2.9652,25,1,67,0,0,5,0.2
1422,547,8,11.8608,15,0.5555555555555556,19,0,0,8,0.2962962962962963,473,11,7.412999999999999,27,1,309,9,7.412999999999999,27,1,133,0,0,7,0.25925925925925924
1423,415,0,0,8,0.32,1048,1,1.4826,13,0.52,165,5,4.4478,25,1,179,6,5.9304,25,1,23,0,0,3,0.12
1425,0,0,0,0,0,2,2,0,1,1,0,0,0,0,0,2,2,0,1,1,0,0,0,0,0
1426,94,0,0,3,0.13043478260869565,69,0,0,5,0.21739130434782608,183,7,5.9304,23,1,178,6,4.4478,23,1,57,0,0,9,0.391304347826087
1427,165,0,0,5,0.4166666666666667,74,0,0,4,0.3333333333333333,55,2,1.4826,11,0.9166666666666666,57,2,1.4826,12,1,14,0,0,3,0.25
1430,984,1,1.4826,22,0.55,260,0,0,17,0.425,389,6,5.9304,39,0.975,277,5,3.7064999999999997,39,0.975,100,0,0,8,0.2
1445,93,0,0,4,0.21052631578947367,785,15,22.238999999999997,13,0.6842105263157895,178,7,7.412999999999999,19,1,179,8,4.4478,19,1,16,0,0,2,0.10526315789473684
1446,924,1,1.4826,13,0.52,257,0,0,9,0.36,214,5,4.4478,24,0.96,207,6,5.9304,25,1,60,0,0,6,0.24
1447,612,2,2.9652,15,0.6,274,0,0,9,0.36,271,7,7.412999999999999,24,0.96,139,4,4.4478,24,0.96,162,1,1.4826,13,0.52
