user_id,org.events,dboard.events,week
183,4,0,2
152,1,0,2
18,2,13,2
382,3,0,2
228,1,29,2
305,7,4,2
333,20,21,2
80,3,0,2
306,15,3,2
17,17,13,2
52,1,0,2
122,1,1,2
301,11,16,2
20,44,17,2
6,21,29,2
287,2,2,2
210,14,18,2
172,19,5,2
157,1,0,2
11,9,30,2
89,5,4,2
311,2,0,2
239,3,0,2
189,2,3,2
38,16,0,2
242,13,0,2
285,2,1,2
74,20,0,2
177,1,1,2
383,14,19,2
41,4,0,2
192,10,4,2
275,15,8,2
248,10,0,2
352,0,1,2
346,1,0,2
65,18,0,2
49,5,10,2
191,1,0,2
207,5,3,2
302,28,0,2
111,0,1,2
197,1,13,2
310,5,3,2
304,22,2,2
29,17,3,2
263,8,5,2
342,10,7,2
170,1,0,2
78,6,0,2
199,0,4,2
5,71,9,2
137,11,6,2
119,5,2,2
167,13,0,2
296,1,3,2
125,10,0,2
205,5,0,2
166,7,0,2
182,3,17,2
219,1,0,2
213,3,5,2
312,1,0,2
136,34,4,2
68,0,3,2
360,1,8,2
174,14,0,2
384,11,17,2
200,5,0,2
176,3,0,2
107,0,10,2
366,2,0,2
234,0,1,2
217,4,9,2
43,7,0,2
220,2,3,2
266,0,1,2
252,4,0,2
188,11,0,2
87,4,0,2
222,8,0,2
340,8,1,2
208,2,6,2
229,0,2,2
10,32,2,2
314,1,0,2
401,40,8,2
345,4,8,2
323,9,0,2
247,8,7,2
236,0,6,2
130,9,0,2
4,17,0,2
134,3,1,2
390,7,0,2
282,7,0,2
13,1,0,2
195,1,30,2
338,9,5,2
347,11,0,2
76,0,1,2
185,10,0,2
159,0,1,2
193,10,21,2
289,15,0,2
362,0,4,2
274,4,3,2
148,0,7,2
114,7,0,2
240,0,18,2
392,21,0,2
12,0,5,2
291,0,21,2
201,0,11,2
94,2,7,2
151,3,0,2
244,1,0,2
90,22,0,2
332,2,0,2
57,3,0,2
351,0,3,2
337,0,19,2
147,3,15,2
211,38,11,2
241,3,0,2
257,2,0,2
227,16,3,2
374,8,0,2
180,0,6,2
380,1,4,2
334,0,10,2
142,3,0,2
139,0,10,2
399,0,2,2
24,0,4,2
290,0,1,2
63,2,8,2
387,0,10,2
303,2,0,2
319,1,0,2
33,0,5,2
379,2,0,2
95,0,20,2
36,0,3,2
158,0,1,2
162,0,3,2
66,0,1,2
226,1,0,2
331,0,4,2
194,3,25,2
196,3,22,2
232,2,0,2
198,0,28,2
34,2,0,2
39,1,0,2
135,0,7,2
223,0,2,2
106,3,0,2
381,2,3,2
272,0,2,2
300,0,19,2
288,0,3,2
343,0,12,2
186,0,5,2
67,1,4,2
209,0,2,2
249,0,2,2
187,0,2,2
96,0,3,2
144,0,4,2
313,0,3,2
378,0,3,2
128,0,5,2
133,0,0,2
86,0,0,2
329,0,0,2
21,0,0,2
261,0,0,2
51,0,0,2
132,0,0,2
83,0,0,2
206,0,0,2
268,0,0,2
53,0,0,2
398,0,0,2
154,0,0,2
155,0,0,2
70,0,0,2
394,0,0,2
237,0,0,2
104,0,0,2
117,0,0,2
50,0,0,2
216,0,0,2
79,0,0,2
184,0,0,2
320,0,0,2
299,0,0,2
388,0,0,2
175,0,0,2
407,0,0,2
370,0,0,2
256,0,0,2
283,0,0,2
46,0,0,2
123,0,0,2
409,0,0,2
181,0,0,2
410,0,0,2
141,0,0,2
269,0,0,2
16,0,0,2
243,0,0,2
85,0,0,2
149,0,0,2
406,0,0,2
42,0,0,2
102,0,0,2
99,0,0,2
146,0,0,2
100,0,0,2
109,0,0,2
259,0,0,2
97,0,0,2
344,0,0,2
30,0,0,2
81,0,0,2
45,0,0,2
396,0,0,2
350,0,0,2
202,0,0,2
316,0,0,2
160,0,0,2
295,0,0,2
403,0,0,2
92,0,0,2
190,0,0,2
372,0,0,2
178,0,0,2
165,0,0,2
258,0,0,2
64,0,0,2
218,0,0,2
60,0,0,2
105,0,0,2
47,0,0,2
62,0,0,2
108,0,0,2
298,0,0,2
371,0,0,2
127,0,0,2
260,0,0,2
267,0,0,2
138,0,0,2
118,0,0,2
204,0,0,2
358,0,0,2
215,0,0,2
40,0,0,2
164,0,0,2
58,0,0,2
61,0,0,2
150,0,0,2
339,0,0,2
77,0,0,2
292,0,0,2
328,0,0,2
262,0,0,2
169,0,0,2
235,0,0,2
224,0,0,2
325,0,0,2
324,0,0,2
32,0,0,2
72,0,0,2
161,0,0,2
230,0,0,2
373,0,0,2
322,0,0,2
183,0,6,3
152,0,0,3
18,0,22,3
382,3,3,3
228,0,26,3
305,16,29,3
333,11,33,3
80,0,3,3
306,0,18,3
17,0,7,3
52,0,4,3
122,0,6,3
301,0,2,3
20,7,50,3
6,15,4,3
287,0,4,3
210,0,28,3
172,0,24,3
157,11,4,3
11,5,40,3
89,3,1,3
311,0,0,3
239,0,3,3
189,0,7,3
38,3,0,3
242,15,5,3
285,0,0,3
74,3,0,3
177,0,2,3
383,0,34,3
41,6,1,3
192,2,0,3
275,0,9,3
248,0,11,3
352,0,1,3
346,0,0,3
65,0,0,3
49,0,18,3
191,0,0,3
207,5,12,3
302,3,0,3
111,0,9,3
197,0,7,3
310,6,11,3
304,6,1,3
29,2,0,3
263,20,0,3
342,0,19,3
170,0,0,3
78,15,10,3
199,0,3,3
5,0,16,3
137,0,39,3
119,1,14,3
167,0,0,3
296,0,1,3
125,0,0,3
205,0,1,3
166,0,0,3
182,0,28,3
219,0,0,3
213,0,5,3
312,0,13,3
136,6,7,3
68,6,7,3
360,0,0,3
174,0,0,3
384,0,19,3
200,0,0,3
176,0,0,3
107,10,40,3
366,0,0,3
234,0,0,3
217,2,12,3
43,6,0,3
220,0,10,3
266,19,4,3
252,10,0,3
188,1,0,3
87,0,0,3
222,5,0,3
340,0,0,3
208,1,14,3
229,0,0,3
10,5,0,3
314,4,0,3
401,7,27,3
345,0,17,3
323,0,0,3
247,9,10,3
236,0,0,3
130,0,0,3
4,0,0,3
134,12,28,3
390,0,0,3
282,1,15,3
13,0,0,3
195,0,43,3
338,0,1,3
347,0,9,3
76,0,0,3
185,0,20,3
159,0,3,3
193,5,7,3
289,9,0,3
362,6,15,3
274,0,6,3
148,0,3,3
114,4,0,3
240,0,21,3
392,2,0,3
12,0,6,3
291,0,46,3
201,0,38,3
94,0,12,3
151,4,0,3
244,0,1,3
90,0,0,3
332,0,0,3
57,6,9,3
351,0,7,3
337,0,4,3
147,0,20,3
211,6,4,3
241,0,21,3
257,1,0,3
227,0,11,3
374,2,0,3
180,6,19,3
380,0,11,3
334,0,0,3
142,0,0,3
139,0,22,3
399,0,4,3
24,9,9,3
290,0,0,3
63,0,30,3
387,0,30,3
303,0,0,3
319,0,3,3
33,8,7,3
379,0,0,3
95,0,12,3
36,0,0,3
158,0,6,3
162,0,0,3
66,0,17,3
226,0,0,3
331,0,0,3
194,0,17,3
196,0,7,3
232,0,3,3
198,0,7,3
34,0,3,3
39,0,0,3
135,13,38,3
223,0,4,3
106,0,0,3
381,4,0,3
272,0,0,3
300,0,24,3
288,0,0,3
343,0,9,3
186,0,4,3
67,0,0,3
209,0,25,3
249,1,7,3
187,0,6,3
96,0,0,3
144,0,9,3
313,0,4,3
378,0,12,3
128,2,15,3
133,3,0,3
86,7,0,3
329,4,0,3
21,0,5,3
261,1,13,3
51,4,0,3
132,6,5,3
83,8,0,3
206,0,2,3
268,0,19,3
53,11,0,3
398,0,3,3
154,1,4,3
155,0,12,3
70,16,1,3
394,0,2,3
237,0,4,3
104,5,0,3
117,0,4,3
50,0,13,3
216,0,7,3
79,0,8,3
184,0,8,3
320,0,1,3
299,0,4,3
388,0,5,3
175,0,6,3
407,14,0,3
370,1,0,3
256,1,0,3
283,0,4,3
46,10,7,3
123,2,1,3
409,4,1,3
181,0,16,3
410,0,2,3
141,9,0,3
269,0,5,3
16,0,31,3
243,0,9,3
85,8,0,3
149,15,0,3
406,0,3,3
42,0,8,3
102,1,0,3
99,0,2,3
146,0,0,3
100,0,0,3
109,0,0,3
259,0,0,3
97,0,0,3
344,0,0,3
30,0,0,3
81,0,0,3
45,0,0,3
396,0,0,3
350,0,0,3
202,0,0,3
316,0,0,3
160,0,0,3
295,0,0,3
403,0,0,3
92,0,0,3
190,0,0,3
372,0,0,3
178,0,0,3
165,0,0,3
258,0,0,3
64,0,0,3
218,0,0,3
60,0,0,3
105,0,0,3
47,0,0,3
62,0,0,3
108,0,0,3
298,0,0,3
371,0,0,3
127,0,0,3
260,0,0,3
267,0,0,3
138,0,0,3
118,0,0,3
204,0,0,3
358,0,0,3
215,0,0,3
40,0,0,3
164,0,0,3
58,0,0,3
61,0,0,3
150,0,0,3
339,0,0,3
77,0,0,3
292,0,0,3
328,0,0,3
262,0,0,3
169,0,0,3
235,0,0,3
224,0,0,3
325,0,0,3
324,0,0,3
32,0,0,3
72,0,0,3
161,0,0,3
230,0,0,3
373,0,0,3
322,0,0,3
183,0,21,4
152,0,0,4
18,0,12,4
382,2,0,4
228,2,15,4
305,0,6,4
333,1,4,4
80,8,0,4
306,2,6,4
17,8,7,4
52,0,5,4
122,6,16,4
301,0,11,4
20,0,28,4
6,12,12,4
287,0,3,4
210,0,33,4
172,0,7,4
157,0,6,4
11,0,12,4
89,0,7,4
311,0,0,4
239,0,0,4
189,2,3,4
38,12,1,4
242,8,4,4
285,0,0,4
74,6,0,4
177,0,1,4
383,0,61,4
41,11,8,4
192,6,5,4
275,2,2,4
248,0,0,4
352,0,0,4
346,0,6,4
65,0,0,4
49,0,9,4
191,0,5,4
207,0,6,4
302,0,0,4
111,4,0,4
197,0,0,4
310,10,4,4
304,18,0,4
29,0,0,4
263,0,3,4
342,0,1,4
170,0,0,4
78,20,0,4
199,0,0,4
5,0,18,4
137,11,15,4
119,0,14,4
167,16,0,4
296,4,0,4
125,0,0,4
205,7,4,4
166,3,0,4
182,0,13,4
219,1,6,4
213,5,0,4
312,0,11,4
136,3,6,4
68,0,2,4
360,0,0,4
174,0,0,4
384,2,13,4
200,0,0,4
176,0,0,4
107,0,19,4
366,0,1,4
234,0,6,4
217,5,15,4
43,5,0,4
220,0,0,4
266,2,0,4
252,4,0,4
188,3,0,4
87,0,0,4
222,0,0,4
340,33,0,4
208,2,5,4
229,0,0,4
10,0,0,4
314,6,0,4
401,32,11,4
345,19,11,4
323,0,0,4
247,0,8,4
236,7,0,4
130,0,0,4
4,9,7,4
134,0,10,4
390,2,0,4
282,0,13,4
13,4,0,4
195,0,15,4
338,0,0,4
347,0,10,4
76,18,0,4
185,0,26,4
159,0,0,4
193,13,3,4
289,6,0,4
362,0,2,4
274,4,0,4
148,0,9,4
114,0,0,4
240,0,18,4
392,15,0,4
12,0,0,4
291,0,10,4
201,0,9,4
94,0,0,4
151,4,5,4
244,0,0,4
90,24,0,4
332,11,0,4
57,0,7,4
351,0,0,4
337,0,1,4
147,0,8,4
211,13,2,4
241,0,2,4
257,1,16,4
227,0,19,4
374,0,0,4
180,10,8,4
380,0,0,4
334,0,4,4
142,0,0,4
139,0,22,4
399,0,0,4
24,0,10,4
290,0,10,4
63,0,16,4
387,0,9,4
303,0,0,4
319,0,0,4
33,6,5,4
379,0,0,4
95,0,6,4
36,0,8,4
158,0,0,4
162,0,0,4
66,0,3,4
226,0,67,4
331,0,1,4
194,0,6,4
196,0,10,4
232,7,1,4
198,0,5,4
34,2,0,4
39,0,0,4
135,0,20,4
223,0,5,4
106,0,0,4
381,0,0,4
272,1,0,4
300,0,25,4
288,0,0,4
343,0,6,4
186,0,8,4
67,0,0,4
209,0,11,4
249,0,0,4
187,0,0,4
96,7,0,4
144,1,7,4
313,0,2,4
378,0,4,4
128,0,4,4
133,0,0,4
86,0,0,4
329,0,0,4
21,0,0,4
261,0,7,4
51,10,0,4
132,0,0,4
83,0,0,4
206,0,0,4
268,0,0,4
53,0,0,4
398,0,0,4
154,0,6,4
155,0,8,4
70,0,0,4
394,0,0,4
237,0,3,4
104,1,0,4
117,0,4,4
50,0,0,4
216,0,0,4
79,0,0,4
184,0,13,4
320,0,0,4
299,2,0,4
388,0,7,4
175,0,0,4
407,0,52,4
370,0,11,4
256,0,0,4
283,0,0,4
46,10,10,4
123,0,0,4
409,0,8,4
181,0,11,4
410,0,23,4
141,8,0,4
269,3,16,4
16,0,7,4
243,0,0,4
85,0,0,4
149,0,0,4
406,0,0,4
42,0,7,4
102,0,0,4
99,2,0,4
146,1,0,4
100,3,0,4
109,1,0,4
259,11,14,4
97,1,0,4
344,0,6,4
30,0,1,4
81,7,12,4
45,0,9,4
396,0,1,4
350,0,1,4
202,4,0,4
316,1,0,4
160,0,2,4
295,0,1,4
403,5,0,4
92,0,1,4
190,0,0,4
372,0,0,4
178,0,0,4
165,0,0,4
258,0,0,4
64,0,0,4
218,0,0,4
60,0,0,4
105,0,0,4
47,0,0,4
62,0,0,4
108,0,0,4
298,0,0,4
371,0,0,4
127,0,0,4
260,0,0,4
267,0,0,4
138,0,0,4
118,0,0,4
204,0,0,4
358,0,0,4
215,0,0,4
40,0,0,4
164,0,0,4
58,0,0,4
61,0,0,4
150,0,0,4
339,0,0,4
77,0,0,4
292,0,0,4
328,0,0,4
262,0,0,4
169,0,0,4
235,0,0,4
224,0,0,4
325,0,0,4
324,0,0,4
32,0,0,4
72,0,0,4
161,0,0,4
230,0,0,4
373,0,0,4
322,0,0,4
183,4,2,5
152,0,1,5
18,14,13,5
382,0,1,5
228,0,1,5
305,2,0,5
333,5,13,5
80,2,0,5
306,0,0,5
17,5,3,5
52,0,21,5
122,0,0,5
301,5,6,5
20,0,13,5
6,0,0,5
287,0,0,5
210,6,1,5
172,4,5,5
157,0,0,5
11,0,21,5
89,0,5,5
311,3,0,5
239,0,0,5
189,0,2,5
38,0,0,5
242,3,0,5
285,0,0,5
74,2,0,5
177,0,3,5
383,0,20,5
41,5,1,5
192,0,0,5
275,6,4,5
248,0,0,5
352,0,1,5
346,0,4,5
65,0,0,5
49,0,0,5
191,0,5,5
207,0,1,5
302,0,0,5
111,0,1,5
197,0,0,5
310,0,0,5
304,2,0,5
29,0,0,5
263,5,3,5
342,0,0,5
170,12,14,5
78,9,4,5
199,0,0,5
5,11,2,5
137,0,8,5
119,0,11,5
167,17,16,5
296,6,0,5
125,0,0,5
205,1,0,5
166,3,0,5
182,0,3,5
219,0,0,5
213,0,0,5
312,0,3,5
136,2,12,5
68,0,2,5
360,0,0,5
174,0,0,5
384,0,4,5
200,0,0,5
176,0,0,5
107,7,15,5
366,0,0,5
234,0,0,5
217,16,7,5
43,0,0,5
220,2,0,5
266,2,5,5
252,3,0,5
188,3,0,5
87,0,0,5
222,0,0,5
340,0,0,5
208,2,1,5
229,3,0,5
10,2,0,5
314,0,1,5
401,12,12,5
345,0,13,5
323,0,0,5
247,0,18,5
236,2,6,5
130,0,0,5
4,0,0,5
134,0,5,5
390,4,0,5
282,0,6,5
13,0,1,5
195,0,11,5
338,0,0,5
347,0,1,5
76,6,0,5
185,3,12,5
159,0,0,5
193,0,0,5
289,0,0,5
362,0,0,5
274,3,1,5
148,2,3,5
114,0,0,5
240,0,12,5
392,10,0,5
12,0,1,5
291,0,11,5
201,0,2,5
94,0,17,5
151,2,0,5
244,0,0,5
90,0,0,5
332,0,0,5
57,1,3,5
351,0,0,5
337,2,0,5
147,0,9,5
211,0,2,5
241,0,2,5
257,1,6,5
227,18,5,5
374,0,0,5
180,15,15,5
380,0,3,5
334,4,0,5
142,0,0,5
139,0,102,5
399,0,1,5
24,0,1,5
290,0,0,5
63,2,6,5
387,0,5,5
303,0,0,5
319,0,0,5
33,5,3,5
379,0,0,5
95,0,0,5
36,5,0,5
158,0,0,5
162,3,0,5
66,1,14,5
226,0,4,5
331,0,0,5
194,0,1,5
196,0,3,5
232,0,0,5
198,2,3,5
34,0,0,5
39,0,0,5
135,0,7,5
223,0,1,5
106,0,0,5
381,7,0,5
272,0,0,5
300,0,21,5
288,1,0,5
343,0,4,5
186,0,4,5
67,0,0,5
209,0,12,5
249,0,0,5
187,0,0,5
96,1,0,5
144,0,15,5
313,4,0,5
378,0,0,5
128,0,4,5
133,0,0,5
86,0,0,5
329,0,0,5
21,0,0,5
261,0,0,5
51,0,0,5
132,14,1,5
83,0,0,5
206,6,0,5
268,0,0,5
53,4,0,5
398,0,0,5
154,0,15,5
155,1,8,5
70,7,0,5
394,17,0,5
237,0,2,5
104,0,0,5
117,0,6,5
50,0,5,5
216,0,0,5
79,0,6,5
184,18,2,5
320,0,0,5
299,2,0,5
388,0,6,5
175,0,0,5
407,0,27,5
370,0,0,5
256,0,0,5
283,2,24,5
46,0,0,5
123,0,0,5
409,2,3,5
181,0,0,5
410,2,3,5
141,0,0,5
269,0,4,5
16,2,4,5
243,0,4,5
85,0,0,5
149,0,0,5
406,0,0,5
42,0,0,5
102,0,0,5
99,1,0,5
146,29,0,5
100,17,0,5
109,1,0,5
259,0,0,5
97,0,0,5
344,0,0,5
30,0,0,5
81,0,18,5
45,0,0,5
396,0,0,5
350,0,0,5
202,0,0,5
316,0,0,5
160,5,1,5
295,0,0,5
403,4,0,5
92,0,0,5
190,10,0,5
372,4,0,5
178,0,2,5
165,2,0,5
258,0,6,5
64,3,0,5
218,0,18,5
60,14,0,5
105,1,0,5
47,0,3,5
62,3,0,5
108,1,0,5
298,0,0,5
371,0,0,5
127,0,0,5
260,0,0,5
267,0,0,5
138,0,0,5
118,0,0,5
204,0,0,5
358,0,0,5
215,0,0,5
40,0,0,5
164,0,0,5
58,0,0,5
61,0,0,5
150,0,0,5
339,0,0,5
77,0,0,5
292,0,0,5
328,0,0,5
262,0,0,5
169,0,0,5
235,0,0,5
224,0,0,5
325,0,0,5
324,0,0,5
32,0,0,5
72,0,0,5
161,0,0,5
230,0,0,5
373,0,0,5
322,0,0,5
183,0,8,6
152,0,0,6
18,3,12,6
382,0,0,6
228,4,0,6
305,11,6,6
333,10,28,6
80,4,0,6
306,1,0,6
17,0,4,6
52,12,16,6
122,0,5,6
301,0,13,6
20,0,4,6
6,0,0,6
287,0,0,6
210,0,11,6
172,0,0,6
157,0,2,6
11,0,2,6
89,0,4,6
311,0,0,6
239,0,0,6
189,0,3,6
38,16,1,6
242,8,0,6
285,0,0,6
74,5,0,6
177,2,0,6
383,0,1,6
41,13,0,6
192,0,0,6
275,5,1,6
248,0,0,6
352,0,1,6
346,0,4,6
65,1,0,6
49,0,1,6
191,0,0,6
207,0,6,6
302,19,0,6
111,0,0,6
197,0,5,6
310,4,0,6
304,0,0,6
29,2,0,6
263,14,0,6
342,0,1,6
170,4,7,6
78,0,9,6
199,0,0,6
5,15,0,6
137,3,0,6
119,0,3,6
167,2,0,6
296,10,0,6
125,0,0,6
205,0,0,6
166,0,0,6
182,1,0,6
219,0,0,6
213,0,0,6
312,15,5,6
136,2,4,6
68,2,0,6
360,2,0,6
174,12,0,6
384,0,0,6
200,0,0,6
176,0,0,6
107,10,11,6
366,0,0,6
234,0,0,6
217,1,4,6
43,8,0,6
220,2,0,6
266,6,1,6
252,3,0,6
188,8,0,6
87,0,0,6
222,0,0,6
340,0,0,6
208,0,8,6
229,0,0,6
10,24,4,6
314,2,0,6
401,0,2,6
345,1,2,6
323,4,0,6
247,4,11,6
236,3,0,6
130,0,0,6
4,0,0,6
134,9,0,6
390,0,0,6
282,1,4,6
13,1,0,6
195,0,1,6
338,6,0,6
347,0,0,6
76,0,0,6
185,5,3,6
159,8,1,6
193,0,3,6
289,1,0,6
362,0,16,6
274,0,0,6
148,0,1,6
114,0,0,6
240,6,0,6
392,2,0,6
12,0,0,6
291,0,1,6
201,0,0,6
94,0,11,6
151,3,0,6
244,0,0,6
90,2,0,6
332,0,0,6
57,0,3,6
351,6,4,6
337,2,0,6
147,2,2,6
211,8,0,6
241,2,0,6
257,1,0,6
227,0,0,6
374,0,0,6
180,0,6,6
380,0,0,6
334,1,0,6
142,0,0,6
139,0,0,6
399,0,0,6
24,0,0,6
290,0,0,6
63,0,9,6
387,0,1,6
303,0,0,6
319,2,0,6
33,0,3,6
379,0,0,6
95,0,0,6
36,0,0,6
158,0,0,6
162,1,0,6
66,0,0,6
226,2,0,6
331,0,0,6
194,5,3,6
196,3,0,6
232,1,4,6
198,0,0,6
34,18,0,6
39,0,0,6
135,3,2,6
223,0,6,6
106,0,0,6
381,5,0,6
272,12,2,6
300,0,0,6
288,5,0,6
343,0,0,6
186,0,0,6
67,0,0,6
209,0,0,6
249,1,0,6
187,0,0,6
96,1,0,6
144,0,0,6
313,0,0,6
378,0,0,6
128,1,13,6
133,12,0,6
86,0,0,6
329,0,0,6
21,0,30,6
261,1,0,6
51,0,0,6
132,4,0,6
83,0,0,6
206,0,0,6
268,0,0,6
53,0,0,6
398,0,0,6
154,0,32,6
155,0,17,6
70,3,0,6
394,3,6,6
237,0,0,6
104,0,0,6
117,0,0,6
50,7,0,6
216,0,5,6
79,0,11,6
184,0,2,6
320,0,0,6
299,5,0,6
388,8,3,6
175,0,0,6
407,0,16,6
370,0,7,6
256,0,0,6
283,0,12,6
46,3,0,6
123,0,0,6
409,0,5,6
181,1,1,6
410,0,0,6
141,0,0,6
269,0,0,6
16,0,0,6
243,5,0,6
85,0,0,6
149,0,0,6
406,2,0,6
42,0,0,6
102,0,0,6
99,0,0,6
146,1,0,6
100,0,0,6
109,2,0,6
259,2,7,6
97,0,0,6
344,0,0,6
30,1,1,6
81,0,6,6
45,1,0,6
396,1,0,6
350,1,0,6
202,0,0,6
316,0,0,6
160,3,0,6
295,0,0,6
403,1,0,6
92,0,0,6
190,0,0,6
372,0,0,6
178,0,1,6
165,2,0,6
258,0,4,6
64,0,0,6
218,0,3,6
60,9,0,6
105,16,0,6
47,0,0,6
62,0,0,6
108,1,0,6
298,0,3,6
371,4,0,6
127,10,3,6
260,1,0,6
267,1,0,6
138,0,2,6
118,3,0,6
204,0,9,6
358,1,0,6
215,1,0,6
40,2,0,6
164,20,0,6
58,0,0,6
61,0,0,6
150,0,0,6
339,0,0,6
77,0,0,6
292,0,0,6
328,0,0,6
262,0,0,6
169,0,0,6
235,0,0,6
224,0,0,6
325,0,0,6
324,0,0,6
32,0,0,6
72,0,0,6
161,0,0,6
230,0,0,6
373,0,0,6
322,0,0,6
183,0,13,7
152,0,0,7
18,0,4,7
382,0,0,7
228,0,9,7
305,9,0,7
333,0,15,7
80,0,0,7
306,0,0,7
17,0,1,7
52,0,3,7
122,0,0,7
301,2,9,7
20,8,12,7
6,0,0,7
287,0,0,7
210,0,4,7
172,0,4,7
157,0,0,7
11,2,18,7
89,6,0,7
311,2,2,7
239,0,2,7
189,7,3,7
38,0,0,7
242,13,0,7
285,0,0,7
74,0,0,7
177,0,1,7
383,0,16,7
41,0,0,7
192,0,0,7
275,2,1,7
248,0,0,7
352,1,0,7
346,0,3,7
65,0,0,7
49,0,1,7
191,0,0,7
207,0,4,7
302,2,0,7
111,0,0,7
197,0,0,7
310,2,6,7
304,0,0,7
29,0,0,7
263,0,1,7
342,0,0,7
170,0,0,7
78,14,0,7
199,10,9,7
5,0,6,7
137,0,6,7
119,0,0,7
167,2,0,7
296,0,0,7
125,0,0,7
205,0,0,7
166,0,0,7
182,0,0,7
219,0,0,7
213,0,3,7
312,0,7,7
136,6,0,7
68,0,0,7
360,8,7,7
174,4,0,7
384,0,0,7
200,0,0,7
176,0,0,7
107,0,4,7
366,0,0,7
234,0,0,7
217,4,4,7
43,0,0,7
220,1,0,7
266,0,0,7
252,0,0,7
188,0,0,7
87,0,0,7
222,4,0,7
340,0,0,7
208,0,3,7
229,0,0,7
10,5,0,7
314,0,0,7
401,4,7,7
345,0,6,7
323,0,0,7
247,0,2,7
236,0,0,7
130,0,0,7
4,10,1,7
134,4,3,7
390,0,0,7
282,0,4,7
13,0,0,7
195,0,4,7
338,0,0,7
347,0,0,7
76,6,3,7
185,0,6,7
159,9,0,7
193,0,0,7
289,0,0,7
362,2,4,7
274,0,0,7
148,0,0,7
114,0,0,7
240,33,0,7
392,1,5,7
12,0,2,7
291,0,5,7
201,0,0,7
94,0,0,7
151,1,0,7
244,0,0,7
90,0,0,7
332,0,0,7
57,0,0,7
351,7,0,7
337,0,6,7
147,0,7,7
211,0,0,7
241,0,0,7
257,0,5,7
227,0,0,7
374,0,0,7
180,0,6,7
380,0,0,7
334,0,0,7
142,0,0,7
139,0,22,7
399,0,0,7
24,3,1,7
290,0,0,7
63,0,0,7
387,0,4,7
303,0,0,7
319,0,1,7
33,0,1,7
379,0,50,7
95,0,0,7
36,0,0,7
158,0,0,7
162,0,0,7
66,0,0,7
226,0,0,7
331,0,0,7
194,4,3,7
196,0,2,7
232,3,0,7
198,0,3,7
34,4,0,7
39,0,0,7
135,0,1,7
223,0,4,7
106,3,0,7
381,0,0,7
272,0,1,7
300,15,15,7
288,0,0,7
343,0,2,7
186,0,0,7
67,0,0,7
209,1,34,7
249,0,0,7
187,0,6,7
96,0,0,7
144,1,12,7
313,0,0,7
378,0,1,7
128,0,0,7
133,0,0,7
86,0,0,7
329,0,0,7
21,1,15,7
261,32,0,7
51,0,0,7
132,4,0,7
83,0,0,7
206,0,3,7
268,0,0,7
53,0,0,7
398,2,0,7
154,0,11,7
155,0,9,7
70,0,0,7
394,1,0,7
237,0,0,7
104,0,0,7
117,0,2,7
50,0,0,7
216,0,2,7
79,18,11,7
184,0,0,7
320,0,0,7
299,0,0,7
388,1,3,7
175,0,0,7
407,0,8,7
370,1,0,7
256,0,0,7
283,0,4,7
46,0,0,7
123,0,0,7
409,0,7,7
181,0,1,7
410,0,0,7
141,0,0,7
269,13,0,7
16,0,3,7
243,0,0,7
85,0,0,7
149,15,0,7
406,0,0,7
42,0,0,7
102,0,0,7
99,0,0,7
146,5,0,7
100,0,4,7
109,0,0,7
259,0,0,7
97,0,0,7
344,0,0,7
30,0,8,7
81,0,6,7
45,0,0,7
396,0,0,7
350,0,0,7
202,0,0,7
316,0,0,7
160,4,8,7
295,0,0,7
403,0,0,7
92,4,0,7
190,0,0,7
372,0,0,7
178,0,0,7
165,0,0,7
258,0,0,7
64,4,0,7
218,0,0,7
60,0,0,7
105,0,0,7
47,3,0,7
62,0,0,7
108,0,0,7
298,0,0,7
371,0,0,7
127,0,9,7
260,0,0,7
267,0,0,7
138,0,0,7
118,2,0,7
204,4,0,7
358,0,0,7
215,0,0,7
40,0,0,7
164,5,0,7
58,0,5,7
61,0,1,7
150,11,0,7
339,12,0,7
77,2,0,7
292,0,1,7
328,0,0,7
262,0,0,7
169,0,0,7
235,0,0,7
224,0,0,7
325,0,0,7
324,0,0,7
32,0,0,7
72,0,0,7
161,0,0,7
230,0,0,7
373,0,0,7
322,0,0,7
183,0,3,8
152,0,0,8
18,7,4,8
382,0,0,8
228,0,18,8
305,0,0,8
333,2,26,8
80,0,0,8
306,0,0,8
17,0,1,8
52,0,0,8
122,0,0,8
301,0,0,8
20,0,1,8
6,0,0,8
287,0,0,8
210,0,11,8
172,0,0,8
157,0,0,8
11,0,5,8
89,8,0,8
311,3,0,8
239,0,0,8
189,0,8,8
38,0,0,8
242,3,0,8
285,0,0,8
74,0,0,8
177,0,0,8
383,0,23,8
41,0,0,8
192,0,0,8
275,2,0,8
248,0,0,8
352,0,0,8
346,0,0,8
65,0,0,8
49,0,0,8
191,0,0,8
207,0,1,8
302,0,0,8
111,0,0,8
197,0,1,8
310,0,0,8
304,0,0,8
29,0,0,8
263,0,0,8
342,0,1,8
170,0,0,8
78,0,0,8
199,4,0,8
5,5,2,8
137,4,4,8
119,0,5,8
167,0,0,8
296,0,0,8
125,0,0,8
205,0,0,8
166,0,0,8
182,0,0,8
219,0,0,8
213,0,0,8
312,0,0,8
136,0,0,8
68,0,17,8
360,0,0,8
174,0,0,8
384,0,0,8
200,0,0,8
176,0,0,8
107,0,4,8
366,0,0,8
234,0,0,8
217,3,1,8
43,0,0,8
220,0,0,8
266,0,0,8
252,0,0,8
188,2,0,8
87,0,0,8
222,0,0,8
340,0,0,8
208,0,0,8
229,0,0,8
10,0,0,8
314,0,0,8
401,0,1,8
345,0,6,8
323,0,0,8
247,0,4,8
236,0,11,8
130,0,0,8
4,0,0,8
134,0,5,8
390,0,0,8
282,0,0,8
13,0,0,8
195,0,4,8
338,0,0,8
347,0,0,8
76,6,11,8
185,0,0,8
159,0,11,8
193,0,1,8
289,7,0,8
362,0,16,8
274,0,0,8
148,0,1,8
114,0,0,8
240,0,2,8
392,0,0,8
12,0,0,8
291,0,0,8
201,0,0,8
94,0,0,8
151,3,0,8
244,0,0,8
90,0,0,8
332,0,0,8
57,0,1,8
351,0,0,8
337,0,0,8
147,0,5,8
211,1,0,8
241,0,3,8
257,0,0,8
227,21,0,8
374,0,0,8
180,2,7,8
380,0,0,8
334,4,0,8
142,0,1,8
139,0,24,8
399,0,0,8
24,0,0,8
290,0,0,8
63,0,6,8
387,0,3,8
303,9,0,8
319,0,0,8
33,0,0,8
379,0,9,8
95,0,0,8
36,0,0,8
158,0,4,8
162,0,0,8
66,0,0,8
226,5,0,8
331,0,0,8
194,0,6,8
196,0,2,8
232,0,0,8
198,0,3,8
34,0,0,8
39,0,6,8
135,0,1,8
223,0,0,8
106,0,0,8
381,0,0,8
272,0,0,8
300,0,3,8
288,0,0,8
343,0,3,8
186,0,0,8
67,0,0,8
209,0,3,8
249,0,0,8
187,0,0,8
96,0,0,8
144,0,14,8
313,0,0,8
378,0,0,8
128,0,0,8
133,0,0,8
86,0,0,8
329,0,0,8
21,0,0,8
261,0,3,8
51,0,0,8
132,0,0,8
83,0,0,8
206,12,0,8
268,0,0,8
53,0,0,8
398,0,0,8
154,0,2,8
155,1,9,8
70,0,0,8
394,0,3,8
237,0,4,8
104,0,0,8
117,0,0,8
50,0,0,8
216,0,8,8
79,0,0,8
184,0,0,8
320,0,0,8
299,0,0,8
388,0,0,8
175,0,0,8
407,0,2,8
370,0,0,8
256,0,0,8
283,0,0,8
46,0,0,8
123,0,0,8
409,0,1,8
181,0,0,8
410,0,0,8
141,0,0,8
269,4,2,8
16,0,1,8
243,0,0,8
85,0,0,8
149,0,0,8
406,0,0,8
42,0,0,8
102,0,0,8
99,0,0,8
146,12,0,8
100,0,0,8
109,0,0,8
259,0,0,8
97,0,0,8
344,0,0,8
30,0,1,8
81,0,7,8
45,0,11,8
396,0,0,8
350,0,0,8
202,0,0,8
316,0,0,8
160,2,2,8
295,0,0,8
403,0,0,8
92,0,0,8
190,0,0,8
372,0,0,8
178,0,0,8
165,0,0,8
258,0,0,8
64,0,0,8
218,0,0,8
60,0,0,8
105,0,0,8
47,0,0,8
62,0,0,8
108,0,0,8
298,0,0,8
371,0,0,8
127,0,0,8
260,0,0,8
267,0,0,8
138,0,0,8
118,0,0,8
204,0,0,8
358,0,0,8
215,0,0,8
40,0,0,8
164,0,0,8
58,0,0,8
61,0,0,8
150,0,0,8
339,0,0,8
77,0,0,8
292,0,3,8
328,0,1,8
262,0,5,8
169,0,0,8
235,0,0,8
224,0,0,8
325,0,0,8
324,0,0,8
32,0,0,8
72,0,0,8
161,0,0,8
230,0,0,8
373,0,0,8
322,0,0,8
183,0,1,9
152,0,0,9
18,0,9,9
382,0,0,9
228,0,1,9
305,2,0,9
333,0,8,9
80,0,0,9
306,0,0,9
17,0,0,9
52,0,0,9
122,0,0,9
301,0,0,9
20,6,15,9
6,0,0,9
287,0,0,9
210,0,16,9
172,0,11,9
157,0,5,9
11,2,2,9
89,0,0,9
311,0,0,9
239,0,0,9
189,0,0,9
38,0,0,9
242,3,0,9
285,0,0,9
74,0,0,9
177,0,7,9
383,0,12,9
41,0,0,9
192,0,0,9
275,0,0,9
248,0,0,9
352,7,1,9
346,0,0,9
65,0,0,9
49,0,4,9
191,0,0,9
207,0,1,9
302,3,1,9
111,0,0,9
197,0,0,9
310,0,3,9
304,0,0,9
29,0,0,9
263,26,9,9
342,0,0,9
170,3,0,9
78,0,0,9
199,0,0,9
5,0,0,9
137,2,5,9
119,0,3,9
167,0,0,9
296,0,0,9
125,0,0,9
205,0,0,9
166,4,0,9
182,0,5,9
219,0,0,9
213,0,0,9
312,0,0,9
136,0,0,9
68,0,0,9
360,0,1,9
174,3,0,9
384,0,0,9
200,0,0,9
176,0,0,9
107,3,4,9
366,0,0,9
234,0,0,9
217,0,4,9
43,0,0,9
220,0,4,9
266,5,0,9
252,0,0,9
188,0,0,9
87,0,0,9
222,0,0,9
340,0,0,9
208,0,1,9
229,0,0,9
10,6,0,9
314,0,0,9
401,0,2,9
345,0,21,9
323,0,0,9
247,0,12,9
236,0,4,9
130,2,0,9
4,0,6,9
134,5,8,9
390,0,0,9
282,0,8,9
13,0,0,9
195,0,6,9
338,0,0,9
347,0,2,9
76,0,0,9
185,0,0,9
159,0,0,9
193,0,6,9
289,0,0,9
362,0,4,9
274,0,0,9
148,0,1,9
114,0,0,9
240,0,3,9
392,0,0,9
12,0,0,9
291,0,2,9
201,0,1,9
94,0,0,9
151,4,0,9
244,0,0,9
90,0,0,9
332,0,0,9
57,0,0,9
351,0,3,9
337,3,0,9
147,0,10,9
211,0,0,9
241,0,7,9
257,0,0,9
227,0,9,9
374,0,0,9
180,7,13,9
380,0,0,9
334,0,2,9
142,0,0,9
139,0,8,9
399,0,0,9
24,0,0,9
290,0,0,9
63,0,0,9
387,0,2,9
303,0,0,9
319,11,0,9
33,0,2,9
379,0,12,9
95,2,0,9
36,0,0,9
158,0,0,9
162,0,0,9
66,0,0,9
226,0,4,9
331,0,0,9
194,0,1,9
196,4,3,9
232,0,0,9
198,0,1,9
34,0,0,9
39,0,0,9
135,0,4,9
223,0,0,9
106,0,0,9
381,0,0,9
272,0,0,9
300,3,18,9
288,0,0,9
343,0,2,9
186,0,0,9
67,0,0,9
209,0,7,9
249,0,0,9
187,0,0,9
96,0,0,9
144,0,11,9
313,0,6,9
378,0,4,9
128,0,0,9
133,0,0,9
86,0,0,9
329,0,0,9
21,5,0,9
261,2,0,9
51,0,0,9
132,0,0,9
83,0,0,9
206,0,0,9
268,0,0,9
53,0,0,9
398,0,0,9
154,0,0,9
155,0,2,9
70,0,7,9
394,0,0,9
237,0,0,9
104,0,0,9
117,0,4,9
50,0,0,9
216,0,0,9
79,0,0,9
184,0,0,9
320,0,0,9
299,0,0,9
388,0,0,9
175,0,0,9
407,0,16,9
370,0,1,9
256,0,0,9
283,0,3,9
46,0,0,9
123,0,5,9
409,0,11,9
181,3,1,9
410,0,0,9
141,0,0,9
269,0,0,9
16,0,3,9
243,0,0,9
85,1,0,9
149,0,0,9
406,0,0,9
42,0,0,9
102,0,0,9
99,0,0,9
146,2,0,9
100,0,0,9
109,0,0,9
259,0,1,9
97,0,0,9
344,0,0,9
30,0,0,9
81,0,4,9
45,0,0,9
396,0,0,9
350,0,0,9
202,0,0,9
316,0,0,9
160,0,2,9
295,0,0,9
403,0,0,9
92,0,0,9
190,0,0,9
372,0,0,9
178,0,0,9
165,0,0,9
258,0,1,9
64,0,0,9
218,0,0,9
60,3,0,9
105,0,0,9
47,0,0,9
62,0,0,9
108,0,0,9
298,0,0,9
371,0,0,9
127,0,0,9
260,0,0,9
267,0,0,9
138,0,0,9
118,0,0,9
204,0,0,9
358,0,0,9
215,0,0,9
40,0,0,9
164,0,0,9
58,4,0,9
61,0,0,9
150,0,0,9
339,0,0,9
77,0,0,9
292,0,0,9
328,0,0,9
262,0,0,9
169,6,0,9
235,0,0,9
224,0,0,9
325,0,0,9
324,0,0,9
32,0,0,9
72,0,0,9
161,0,0,9
230,0,0,9
373,0,0,9
322,0,0,9
183,0,1,10
152,0,0,10
18,0,0,10
382,0,0,10
228,0,0,10
305,0,0,10
333,0,4,10
80,0,0,10
306,0,0,10
17,4,0,10
52,0,0,10
122,0,0,10
301,0,0,10
20,0,5,10
6,0,0,10
287,0,0,10
210,0,1,10
172,0,0,10
157,0,0,10
11,0,2,10
89,0,0,10
311,0,0,10
239,0,0,10
189,0,10,10
38,2,0,10
242,0,0,10
285,0,0,10
74,1,0,10
177,0,0,10
383,0,19,10
41,0,0,10
192,0,0,10
275,6,0,10
248,0,0,10
352,0,0,10
346,0,0,10
65,0,0,10
49,0,5,10
191,0,2,10
207,0,0,10
302,0,0,10
111,0,0,10
197,0,0,10
310,0,0,10
304,0,0,10
29,0,0,10
263,0,0,10
342,0,0,10
170,0,0,10
78,0,0,10
199,0,0,10
5,0,0,10
137,0,1,10
119,0,5,10
167,1,0,10
296,0,0,10
125,4,0,10
205,0,0,10
166,0,0,10
182,0,2,10
219,0,0,10
213,0,0,10
312,0,2,10
136,2,0,10
68,0,0,10
360,0,0,10
174,0,0,10
384,0,0,10
200,0,0,10
176,0,0,10
107,0,3,10
366,0,0,10
234,0,0,10
217,0,0,10
43,3,2,10
220,0,5,10
266,8,0,10
252,0,0,10
188,0,0,10
87,0,0,10
222,0,0,10
340,0,0,10
208,0,2,10
229,0,0,10
10,16,0,10
314,0,0,10
401,0,0,10
345,0,0,10
323,0,0,10
247,0,2,10
236,0,4,10
130,2,0,10
4,0,0,10
134,0,1,10
390,0,0,10
282,0,1,10
13,0,0,10
195,0,3,10
338,0,0,10
347,0,0,10
76,0,3,10
185,0,19,10
159,0,0,10
193,0,3,10
289,0,0,10
362,0,3,10
274,0,0,10
148,0,0,10
114,0,0,10
240,0,0,10
392,0,0,10
12,0,0,10
291,0,3,10
201,0,0,10
94,0,0,10
151,3,0,10
244,0,0,10
90,0,0,10
332,0,0,10
57,0,0,10
351,0,0,10
337,0,0,10
147,15,2,10
211,0,5,10
241,0,0,10
257,0,0,10
227,0,4,10
374,0,0,10
180,9,7,10
380,0,0,10
334,0,0,10
142,0,0,10
139,0,9,10
399,0,0,10
24,0,0,10
290,0,0,10
63,3,0,10
387,19,3,10
303,0,0,10
319,1,1,10
33,4,0,10
379,0,11,10
95,0,0,10
36,0,0,10
158,0,0,10
162,0,0,10
66,0,0,10
226,4,8,10
331,0,0,10
194,0,0,10
196,0,3,10
232,0,0,10
198,0,3,10
34,0,0,10
39,0,0,10
135,0,0,10
223,0,0,10
106,0,0,10
381,0,0,10
272,0,0,10
300,0,10,10
288,0,0,10
343,0,5,10
186,0,0,10
67,0,0,10
209,0,6,10
249,0,0,10
187,3,0,10
96,0,0,10
144,0,3,10
313,0,0,10
378,0,0,10
128,0,11,10
133,0,0,10
86,0,0,10
329,0,0,10
21,0,0,10
261,0,0,10
51,0,0,10
132,2,0,10
83,0,0,10
206,0,0,10
268,0,0,10
53,3,0,10
398,0,0,10
154,0,2,10
155,0,2,10
70,0,0,10
394,0,0,10
237,0,0,10
104,0,0,10
117,0,0,10
50,0,0,10
216,0,0,10
79,0,0,10
184,0,0,10
320,0,0,10
299,5,6,10
388,0,0,10
175,0,0,10
407,0,7,10
370,0,0,10
256,0,0,10
283,0,0,10
46,0,0,10
123,0,0,10
409,0,0,10
181,0,0,10
410,0,0,10
141,0,0,10
269,0,0,10
16,0,0,10
243,0,0,10
85,1,0,10
149,0,0,10
406,0,0,10
42,0,0,10
102,0,0,10
99,0,0,10
146,0,0,10
100,0,1,10
109,0,0,10
259,0,0,10
97,0,0,10
344,0,0,10
30,0,0,10
81,0,2,10
45,0,0,10
396,0,0,10
350,0,0,10
202,0,0,10
316,0,0,10
160,0,0,10
295,0,0,10
403,0,1,10
92,0,0,10
190,0,0,10
372,0,0,10
178,0,0,10
165,0,0,10
258,0,0,10
64,0,0,10
218,0,0,10
60,2,0,10
105,0,0,10
47,0,0,10
62,0,0,10
108,0,0,10
298,0,0,10
371,0,0,10
127,0,0,10
260,0,0,10
267,0,0,10
138,0,0,10
118,0,0,10
204,0,0,10
358,0,0,10
215,0,0,10
40,0,0,10
164,0,2,10
58,0,0,10
61,12,0,10
150,2,0,10
339,0,0,10
77,0,0,10
292,4,0,10
328,0,0,10
262,0,0,10
169,0,0,10
235,9,0,10
224,0,0,10
325,0,0,10
324,0,0,10
32,0,0,10
72,0,0,10
161,0,0,10
230,0,0,10
373,0,0,10
322,0,0,10
183,0,2,11
152,0,0,11
18,13,4,11
382,0,0,11
228,0,0,11
305,0,0,11
333,14,9,11
80,0,0,11
306,0,0,11
17,0,0,11
52,0,0,11
122,2,0,11
301,0,0,11
20,2,1,11
6,2,0,11
287,0,0,11
210,0,0,11
172,9,1,11
157,0,0,11
11,0,0,11
89,0,0,11
311,0,0,11
239,0,0,11
189,0,0,11
38,25,0,11
242,0,5,11
285,0,0,11
74,3,0,11
177,0,0,11
383,0,31,11
41,12,1,11
192,3,0,11
275,0,0,11
248,0,0,11
352,6,0,11
346,0,0,11
65,0,0,11
49,0,0,11
191,0,0,11
207,0,0,11
302,0,0,11
111,4,0,11
197,0,0,11
310,0,0,11
304,1,0,11
29,0,0,11
263,2,0,11
342,0,0,11
170,2,0,11
78,0,0,11
199,0,2,11
5,0,0,11
137,0,1,11
119,0,7,11
167,9,0,11
296,4,0,11
125,7,0,11
205,0,1,11
166,3,0,11
182,7,1,11
219,0,0,11
213,0,1,11
312,0,0,11
136,2,9,11
68,0,0,11
360,0,0,11
174,11,0,11
384,0,0,11
200,0,0,11
176,0,0,11
107,0,6,11
366,3,0,11
234,0,0,11
217,0,0,11
43,0,0,11
220,0,0,11
266,2,0,11
252,0,0,11
188,18,0,11
87,0,0,11
222,0,0,11
340,0,0,11
208,0,0,11
229,0,0,11
10,4,0,11
314,5,0,11
401,0,0,11
345,0,5,11
323,0,0,11
247,0,5,11
236,0,1,11
130,0,0,11
4,0,10,11
134,0,2,11
390,0,0,11
282,0,2,11
13,0,0,11
195,0,6,11
338,0,0,11
347,0,0,11
76,0,0,11
185,0,3,11
159,0,0,11
193,0,4,11
289,0,0,11
362,4,4,11
274,3,0,11
148,17,0,11
114,0,0,11
240,14,2,11
392,0,0,11
12,0,0,11
291,0,0,11
201,0,2,11
94,0,6,11
151,4,0,11
244,0,0,11
90,0,0,11
332,0,0,11
57,0,5,11
351,7,5,11
337,0,0,11
147,0,6,11
211,0,0,11
241,0,12,11
257,0,0,11
227,28,0,11
374,0,0,11
180,9,5,11
380,0,0,11
334,0,0,11
142,0,0,11
139,0,5,11
399,0,0,11
24,0,0,11
290,0,0,11
63,0,2,11
387,0,4,11
303,0,0,11
319,0,0,11
33,6,0,11
379,0,20,11
95,2,0,11
36,0,0,11
158,0,0,11
162,0,0,11
66,0,0,11
226,0,0,11
331,0,0,11
194,7,16,11
196,0,3,11
232,0,0,11
198,0,1,11
34,6,0,11
39,0,0,11
135,0,2,11
223,0,0,11
106,0,0,11
381,0,0,11
272,0,0,11
300,0,18,11
288,0,0,11
343,0,7,11
186,0,0,11
67,0,0,11
209,0,10,11
249,0,0,11
187,0,0,11
96,0,0,11
144,0,6,11
313,0,0,11
378,11,0,11
128,0,7,11
133,0,0,11
86,0,0,11
329,0,0,11
21,8,0,11
261,3,0,11
51,0,0,11
132,0,0,11
83,3,0,11
206,0,0,11
268,0,0,11
53,0,0,11
398,0,0,11
154,0,10,11
155,0,0,11
70,0,0,11
394,0,0,11
237,0,0,11
104,2,0,11
117,0,0,11
50,2,0,11
216,0,1,11
79,0,0,11
184,0,0,11
320,0,0,11
299,0,0,11
388,1,0,11
175,0,0,11
407,0,9,11
370,0,0,11
256,0,0,11
283,0,0,11
46,46,0,11
123,0,0,11
409,0,3,11
181,0,0,11
410,0,0,11
141,0,0,11
269,14,0,11
16,0,1,11
243,0,1,11
85,0,0,11
149,0,0,11
406,0,0,11
42,0,0,11
102,0,0,11
99,0,0,11
146,2,0,11
100,14,4,11
109,0,0,11
259,0,3,11
97,0,0,11
344,0,0,11
30,5,0,11
81,0,7,11
45,0,0,11
396,0,0,11
350,0,0,11
202,0,0,11
316,0,0,11
160,0,0,11
295,0,0,11
403,0,0,11
92,0,0,11
190,0,0,11
372,0,0,11
178,0,0,11
165,0,0,11
258,0,0,11
64,6,0,11
218,0,0,11
60,0,0,11
105,2,0,11
47,0,0,11
62,2,0,11
108,0,0,11
298,0,0,11
371,0,0,11
127,0,0,11
260,0,0,11
267,0,0,11
138,0,0,11
118,0,0,11
204,1,0,11
358,0,0,11
215,0,0,11
40,0,0,11
164,0,0,11
58,0,0,11
61,0,0,11
150,0,0,11
339,0,0,11
77,0,0,11
292,0,0,11
328,0,0,11
262,0,0,11
169,0,0,11
235,0,0,11
224,0,2,11
325,2,0,11
324,4,0,11
32,3,0,11
72,0,0,11
161,0,0,11
230,0,0,11
373,0,0,11
322,0,0,11
183,0,0,12
152,0,0,12
18,2,6,12
382,0,0,12
228,1,0,12
305,9,0,12
333,4,8,12
80,0,0,12
306,0,0,12
17,1,0,12
52,0,0,12
122,0,0,12
301,0,0,12
20,0,0,12
6,0,0,12
287,6,0,12
210,0,0,12
172,0,1,12
157,0,0,12
11,2,4,12
89,0,0,12
311,0,0,12
239,0,0,12
189,0,0,12
38,0,0,12
242,0,0,12
285,0,0,12
74,0,0,12
177,0,0,12
383,0,5,12
41,0,0,12
192,0,0,12
275,4,0,12
248,3,0,12
352,0,0,12
346,3,4,12
65,0,0,12
49,0,0,12
191,0,0,12
207,0,0,12
302,2,0,12
111,0,0,12
197,0,0,12
310,5,0,12
304,3,0,12
29,0,0,12
263,0,14,12
342,0,0,12
170,0,0,12
78,0,0,12
199,16,0,12
5,0,0,12
137,5,0,12
119,14,10,12
167,27,5,12
296,0,0,12
125,0,0,12
205,0,0,12
166,0,0,12
182,13,0,12
219,0,0,12
213,0,8,12
312,0,0,12
136,0,0,12
68,0,0,12
360,0,0,12
174,6,0,12
384,0,0,12
200,7,0,12
176,0,0,12
107,0,15,12
366,0,0,12
234,0,0,12
217,0,0,12
43,21,0,12
220,0,7,12
266,8,0,12
252,6,0,12
188,0,0,12
87,0,0,12
222,0,0,12
340,0,0,12
208,3,0,12
229,0,0,12
10,4,0,12
314,0,0,12
401,0,0,12
345,0,4,12
323,0,0,12
247,9,2,12
236,2,0,12
130,0,0,12
4,0,0,12
134,0,1,12
390,0,0,12
282,0,2,12
13,0,0,12
195,0,9,12
338,0,0,12
347,0,0,12
76,0,2,12
185,0,0,12
159,12,1,12
193,0,1,12
289,0,0,12
362,0,9,12
274,0,0,12
148,0,0,12
114,0,0,12
240,0,3,12
392,0,0,12
12,0,6,12
291,0,0,12
201,0,0,12
94,0,0,12
151,4,0,12
244,0,0,12
90,0,0,12
332,0,0,12
57,0,0,12
351,3,3,12
337,1,0,12
147,0,16,12
211,0,0,12
241,0,0,12
257,0,0,12
227,4,0,12
374,0,0,12
180,0,4,12
380,0,0,12
334,2,0,12
142,0,0,12
139,0,9,12
399,0,0,12
24,0,0,12
290,0,0,12
63,0,0,12
387,0,0,12
303,0,0,12
319,21,0,12
33,4,0,12
379,0,6,12
95,7,0,12
36,0,0,12
158,0,0,12
162,0,0,12
66,0,3,12
226,14,6,12
331,0,0,12
194,0,0,12
196,0,2,12
232,0,0,12
198,0,0,12
34,4,0,12
39,0,0,12
135,0,7,12
223,8,0,12
106,0,0,12
381,0,0,12
272,0,0,12
300,0,0,12
288,0,0,12
343,0,0,12
186,0,0,12
67,0,0,12
209,0,17,12
249,0,0,12
187,0,0,12
96,3,0,12
144,0,6,12
313,0,0,12
378,0,1,12
128,1,1,12
133,0,0,12
86,5,0,12
329,0,0,12
21,5,0,12
261,10,0,12
51,0,0,12
132,12,0,12
83,0,0,12
206,0,0,12
268,3,0,12
53,0,0,12
398,0,0,12
154,6,0,12
155,0,2,12
70,2,0,12
394,0,0,12
237,0,0,12
104,0,0,12
117,0,0,12
50,13,0,12
216,0,3,12
79,0,0,12
184,0,0,12
320,0,0,12
299,0,0,12
388,0,0,12
175,0,0,12
407,0,4,12
370,0,0,12
256,0,0,12
283,0,0,12
46,2,0,12
123,0,0,12
409,0,0,12
181,0,0,12
410,0,0,12
141,0,0,12
269,0,0,12
16,0,0,12
243,0,0,12
85,0,0,12
149,0,0,12
406,0,0,12
42,0,0,12
102,0,0,12
99,0,0,12
146,1,0,12
100,8,0,12
109,0,0,12
259,0,0,12
97,0,0,12
344,0,0,12
30,0,0,12
81,0,2,12
45,0,6,12
396,0,0,12
350,0,0,12
202,0,0,12
316,0,0,12
160,2,0,12
295,0,0,12
403,0,0,12
92,0,0,12
190,0,0,12
372,0,0,12
178,0,0,12
165,0,0,12
258,13,0,12
64,0,0,12
218,0,0,12
60,11,0,12
105,0,0,12
47,0,0,12
62,0,0,12
108,0,0,12
298,0,0,12
371,0,0,12
127,0,0,12
260,0,0,12
267,0,0,12
138,0,0,12
118,0,0,12
204,0,0,12
358,0,0,12
215,3,0,12
40,0,0,12
164,0,0,12
58,0,5,12
61,0,0,12
150,0,0,12
339,0,0,12
77,7,0,12
292,0,0,12
328,0,0,12
262,0,0,12
169,0,0,12
235,0,0,12
224,0,0,12
325,0,0,12
324,0,0,12
32,0,0,12
72,2,0,12
161,13,0,12
230,0,9,12
373,0,0,12
322,0,0,12
183,2,3,13
152,0,0,13
18,4,2,13
382,0,0,13
228,0,0,13
305,0,0,13
333,0,5,13
80,2,0,13
306,0,0,13
17,0,0,13
52,0,0,13
122,4,0,13
301,0,0,13
20,0,0,13
6,2,0,13
287,0,0,13
210,0,0,13
172,6,2,13
157,0,0,13
11,0,0,13
89,0,0,13
311,3,27,13
239,0,0,13
189,0,0,13
38,2,0,13
242,2,0,13
285,0,0,13
74,0,0,13
177,0,0,13
383,0,0,13
41,0,1,13
192,11,0,13
275,0,0,13
248,7,0,13
352,10,0,13
346,0,4,13
65,0,0,13
49,0,0,13
191,0,0,13
207,0,0,13
302,3,0,13
111,0,0,13
197,0,0,13
310,0,2,13
304,3,0,13
29,0,0,13
263,8,17,13
342,0,0,13
170,0,0,13
78,0,0,13
199,0,0,13
5,0,3,13
137,13,0,13
119,0,4,13
167,2,0,13
296,0,0,13
125,2,0,13
205,0,0,13
166,2,0,13
182,0,0,13
219,0,0,13
213,0,2,13
312,0,0,13
136,2,0,13
68,3,0,13
360,0,0,13
174,8,0,13
384,2,0,13
200,3,0,13
176,0,0,13
107,0,1,13
366,0,0,13
234,0,0,13
217,0,0,13
43,2,0,13
220,0,0,13
266,0,0,13
252,0,0,13
188,7,0,13
87,0,0,13
222,0,0,13
340,0,0,13
208,0,0,13
229,0,0,13
10,0,0,13
314,0,0,13
401,11,0,13
345,0,0,13
323,0,0,13
247,0,0,13
236,3,2,13
130,0,0,13
4,0,0,13
134,2,0,13
390,0,0,13
282,0,0,13
13,0,0,13
195,13,0,13
338,0,0,13
347,0,0,13
76,0,1,13
185,0,3,13
159,0,0,13
193,10,0,13
289,0,0,13
362,0,0,13
274,0,0,13
148,0,0,13
114,2,0,13
240,9,0,13
392,0,0,13
12,0,0,13
291,1,0,13
201,0,0,13
94,0,0,13
151,3,0,13
244,0,0,13
90,0,0,13
332,0,0,13
57,0,0,13
351,0,0,13
337,0,0,13
147,0,0,13
211,0,0,13
241,0,0,13
257,0,0,13
227,2,0,13
374,0,0,13
180,0,5,13
380,0,0,13
334,0,0,13
142,0,0,13
139,2,0,13
399,0,0,13
24,0,3,13
290,0,9,13
63,0,0,13
387,0,0,13
303,0,0,13
319,0,0,13
33,0,0,13
379,0,0,13
95,2,0,13
36,0,0,13
158,0,0,13
162,0,0,13
66,0,0,13
226,0,0,13
331,0,0,13
194,0,0,13
196,0,0,13
232,2,0,13
198,0,0,13
34,11,0,13
39,0,0,13
135,0,0,13
223,0,0,13
106,0,0,13
381,0,0,13
272,0,0,13
300,0,0,13
288,0,0,13
343,0,0,13
186,0,0,13
67,0,0,13
209,0,0,13
249,0,0,13
187,0,0,13
96,0,0,13
144,0,0,13
313,0,0,13
378,0,0,13
128,0,2,13
133,0,0,13
86,0,0,13
329,0,0,13
21,19,0,13
261,0,0,13
51,0,0,13
132,14,0,13
83,0,0,13
206,0,0,13
268,0,0,13
53,0,0,13
398,4,0,13
154,0,0,13
155,0,1,13
70,6,3,13
394,0,0,13
237,6,0,13
104,0,0,13
117,0,0,13
50,0,0,13
216,0,2,13
79,1,0,13
184,0,0,13
320,0,0,13
299,0,0,13
388,2,0,13
175,0,0,13
407,0,2,13
370,0,0,13
256,0,0,13
283,13,3,13
46,0,0,13
123,0,0,13
409,0,2,13
181,0,0,13
410,0,0,13
141,0,0,13
269,0,0,13
16,0,0,13
243,0,0,13
85,0,0,13
149,0,0,13
406,0,0,13
42,0,0,13
102,0,0,13
99,0,0,13
146,0,0,13
100,0,0,13
109,0,0,13
259,0,0,13
97,0,0,13
344,0,0,13
30,2,0,13
81,0,0,13
45,0,0,13
396,0,0,13
350,0,0,13
202,0,0,13
316,0,0,13
160,0,0,13
295,0,0,13
403,0,0,13
92,0,0,13
190,0,0,13
372,0,0,13
178,21,0,13
165,0,0,13
258,0,0,13
64,0,0,13
218,0,0,13
60,0,0,13
105,9,0,13
47,0,0,13
62,5,0,13
108,0,0,13
298,0,0,13
371,0,0,13
127,0,0,13
260,0,0,13
267,0,1,13
138,0,0,13
118,1,0,13
204,0,0,13
358,0,0,13
215,0,0,13
40,0,0,13
164,0,0,13
58,0,0,13
61,0,0,13
150,0,0,13
339,0,0,13
77,0,0,13
292,0,18,13
328,49,0,13
262,0,0,13
169,0,0,13
235,0,0,13
224,0,0,13
325,0,0,13
324,0,0,13
32,9,0,13
72,6,0,13
161,0,0,13
230,0,0,13
373,2,0,13
322,2,0,13
