STUDENT_ID,SESSION_ID,FA_PERC,FA_CO_PERC,SA_PERC,SA_CO_PERC,VID_PERC,READ_PERC,METACOG_PERC,WEEK,state,S1,S2,S3,S4
5,88,0,0,0,0,0,10,0,13,3,0,0,1,0
5,89,0,0,10,3,0,0,0,13,2,0,1,0,0
5,90,0,0,0,0,0,0,10,13,3,0,0,1,0
7,288,0,0,7,10,0,4,0,13,4,0,0,0,1
7,289,0,0,0,0,0,10,0,13,3,0,0,0.992460886539551,0.00753911346044864
7,290,0,0,0,0,0,10,0,13,3,0,0,0.998676500964454,0.00132349903554617
7,291,0,0,0,0,0,10,0,13,3,0,0,0.998676500964454,0.00132349903554617
7,292,0,0,0,0,0,10,0,13,3,0,0,0.998676500964454,0.00132349903554617
7,293,0,0,0,0,0,10,0,13,3,0,0,0.998676500964454,0.00132349903554617
7,294,6,10,0,0,0,5,0,13,1,0.992867027641137,0,0,0.00713297235886293
7,295,4,10,0,0,0,7,0,13,1,1,0,0,0
7,296,8,9,0,0,0,3,0,13,1,1,0,0,0
9,481,0,0,7,10,0,4,0,13,4,0,0,0,1
9,482,0,0,0,0,0,7,4,13,4,0,0,0,1
9,483,0,0,0,0,0,10,0,13,3,0,0,0.992460886539551,0.00753911346044864
9,484,0,0,0,0,0,10,0,13,3,0,0,0.998676500964454,0.00132349903554617
9,485,0,0,0,0,0,10,0,13,3,0,0,0.998676500964454,0.00132349903554617
10,557,0,0,0,0,6,2,0,13,4,0.00016713515881802,0,0,0.999832864841182
10,558,5,5,0,0,3,2,0,13,1,1,0,0,0
10,559,3,5,0,0,4,1,0,13,1,1,0,0,0
10,560,5,10,0,0,0,6,0,13,1,0.994526818894855,0,0,0.00547318110514536
10,561,2,5,0,0,5,1,0,13,1,1,0,0,0
10,562,10,7,0,0,0,0,0,13,1,1,0,0,0
10,563,10,0,0,0,0,0,0,13,1,1,0,0,0
10,564,10,7,0,0,0,0,0,13,1,1,0,0,0
10,565,10,7,0,0,0,0,0,13,1,1,0,0,0
10,566,9,7,0,0,0,2,0,13,1,1,0,0,0
10,567,0,0,10,6,0,0,0,13,2,0,1,0,0
10,568,10,3,0,0,0,0,0,13,1,1,0,0,0
10,569,0,0,0,0,4,7,0,13,4,0.00188096588163025,0,0,0.99811903411837
11,635,0,0,0,0,0,0,10,13,3,0,0,1,0
12,723,0,0,6,10,0,6,0,13,2,0,1,0,0
12,724,0,0,0,0,0,10,0,13,3,0,0,0.999082668213037,0.000917331786963066
12,725,0,0,0,0,0,10,0,13,3,0,0,0.998676500964454,0.00132349903554617
12,726,0,0,0,0,0,10,0,13,3,0,0,0.998676500964454,0.00132349903554617
12,727,0,0,0,0,0,10,0,13,3,0,0,0.998676500964454,0.00132349903554617
14,942,0,0,10,3,0,0,0,13,2,0,1,0,0
14,943,0,0,0,0,0,0,10,13,3,0,0,1,0
14,944,0,0,0,0,0,0,10,13,3,0,0,1,0
18,1083,0,0,10,7,0,0,0,13,2,0,1,0,0
18,1084,0,0,0,0,0,10,0,13,3,0,0,0.999082668213037,0.000917331786963066
19,1218,0,0,0,0,0,0,10,13,3,0,0,1,0
19,1219,0,0,0,0,0,0,10,13,3,0,0,1,0
20,1303,0,0,0,0,0,0,10,13,3,0,0,1,0
20,1304,0,0,10,10,0,0,0,13,2,0,1,0,0
20,1305,0,0,0,0,0,0,10,13,3,0,0,1,0
21,1404,9,6,0,0,0,2,0,13,1,1,0,0,0
21,1405,0,0,10,3,0,0,0,13,2,0,1,0,0
21,1406,10,5,0,0,0,0,0,13,1,1,0,0,0
21,1407,0,0,0,0,0,10,0,13,3,0,0,0.996967260645994,0.0030327393540062
21,1408,0,0,0,0,0,10,0,13,3,0,0,0.998676500964454,0.00132349903554617
21,1409,0,0,0,0,0,10,0,13,3,0,0,0.998676500964454,0.00132349903554617
21,1410,0,0,0,0,0,10,0,13,3,0,0,0.998676500964454,0.00132349903554617
21,1411,0,0,0,0,5,3,0,13,4,0.00107627441927484,0,0,0.998923725580725
21,1412,5,5,0,0,3,1,0,13,1,1,0,0,0
21,1413,3,5,0,0,4,1,0,13,1,1,0,0,0
21,1414,10,5,0,0,0,0,0,13,1,1,0,0,0
21,1415,10,4,0,0,0,0,0,13,1,1,0,0,0
21,1416,0,0,0,0,6,1,0,13,4,0.000681621368369821,0,0,0.99931837863163
21,1417,0,0,0,0,6,2,0,13,4,0.000125899073749589,0,0,0.99987410092625
21,1418,0,0,0,0,0,10,0,13,3,0,0,0.992460886539551,0.00753911346044864
21,1419,10,4,0,0,0,0,0,13,1,1,0,0,0
21,1420,0,0,0,0,6,1,0,13,4,0.000681621368369821,0,0,0.99931837863163
21,1421,4,4,0,0,4,2,0,13,1,1,0,0,0
21,1422,4,7,0,0,3,1,0,13,1,1,0,0,0
21,1423,0,0,0,0,6,1,0,13,4,0.000681621368369821,0,0,0.99931837863163
21,1424,10,4,0,0,0,0,0,13,1,1,0,0,0
22,1534,0,0,10,7,0,0,0,13,2,0,1,0,0
22,1535,0,0,0,0,0,0,10,13,3,0,0,1,0
23,1644,0,0,10,4,0,0,0,13,2,0,1,0,0
24,1720,0,0,10,7,0,0,0,13,2,0,1,0,0
24,1721,0,0,0,0,0,10,0,13,3,0,0,0.999082668213037,0.000917331786963066
24,1722,0,0,0,0,0,10,0,13,3,0,0,0.998676500964454,0.00132349903554617
25,1830,0,0,10,4,0,0,0,13,2,0,1,0,0
25,1831,0,0,0,0,0,6,6,13,4,1.98012162057323e-05,4.67945775940201e-05,0,0.9999334042062
25,1832,0,0,0,0,0,10,0,13,3,0,0,0.992460886539551,0.00753911346044864
25,1833,0,0,0,0,0,10,0,13,3,0,0,0.998676500964454,0.00132349903554617
25,1834,0,0,0,0,0,0,10,13,3,0,0,1,0
26,1901,0,0,0,0,0,0,10,13,3,0,0,1,0
27,1968,0,0,10,3,0,0,0,13,2,0,1,0,0
27,1969,0,0,0,0,0,10,0,13,3,0,0,0.999082668213037,0.000917331786963066
27,1970,0,0,0,0,0,0,10,13,3,0,0,1,0
28,2053,0,0,0,0,0,0,10,13,3,0,0,1,0
28,2054,0,0,0,0,0,0,10,13,3,0,0,1,0
28,2055,0,0,0,0,0,0,10,13,3,0,0,1,0
28,2056,0,0,0,0,0,0,10,13,3,0,0,1,0
28,2057,0,0,0,0,0,0,10,13,3,0,0,1,0
30,2152,0,0,10,5,0,0,0,13,2,0,1,0,0
30,2153,0,0,0,0,0,0,10,13,3,0,0,1,0
30,2154,0,0,0,0,0,0,10,13,3,0,0,1,0
31,2276,0,0,10,5,0,0,0,13,2,0,1,0,0
31,2277,0,0,0,0,0,10,0,13,3,0,0,0.999082668213037,0.000917331786963066
31,2278,0,0,0,0,0,10,0,13,3,0,0,0.998676500964454,0.00132349903554617
31,2279,0,0,0,0,0,10,0,13,3,0,0,0.998676500964454,0.00132349903554617
31,2280,0,0,0,0,0,10,0,13,3,0,0,0.998676500964454,0.00132349903554617
31,2281,10,7,0,0,0,0,0,13,1,1,0,0,0
31,2282,10,8,0,0,0,0,0,13,1,1,0,0,0
31,2283,10,7,0,0,0,0,0,13,1,1,0,0,0
31,2284,10,4,0,0,0,0,0,13,1,1,0,0,0
31,2285,10,6,0,0,0,0,0,13,1,1,0,0,0
31,2286,0,0,0,0,0,0,10,13,3,0,0,1,0
32,2338,0,0,0,0,0,10,0,13,3,0,0,0.998676500964454,0.00132349903554617
32,2339,0,0,0,0,0,7,4,13,4,0,0,0,1
32,2340,0,0,0,0,0,10,0,13,3,0,0,0.992460886539551,0.00753911346044864
32,2341,0,0,10,3,0,0,2,13,2,0,1,0,0
32,2342,0,0,0,0,0,10,0,13,3,0,0,0.999082668213037,0.000917331786963066
32,2343,0,0,0,0,0,10,0,13,3,0,0,0.998676500964454,0.00132349903554617
32,2344,0,0,0,0,0,10,0,13,3,0,0,0.998676500964454,0.00132349903554617
32,2345,0,0,0,0,0,10,0,13,3,0,0,0.998676500964454,0.00132349903554617
32,2346,0,0,0,0,0,10,0,13,3,0,0,0.998676500964454,0.00132349903554617
32,2347,0,0,0,0,0,10,0,13,3,0,0,0.998676500964454,0.00132349903554617
32,2348,0,0,0,0,0,10,0,13,3,0,0,0.998676500964454,0.00132349903554617
32,2349,0,0,0,0,0,10,0,13,3,0,0,0.998676500964454,0.00132349903554617
32,2350,0,0,0,0,0,10,0,13,3,0,0,0.998676500964454,0.00132349903554617
32,2351,0,0,0,0,0,10,0,13,3,0,0,0.998676500964454,0.00132349903554617
32,2352,0,0,0,0,0,10,0,13,3,0,0,0.998676500964454,0.00132349903554617
32,2353,0,0,0,0,0,10,0,13,3,0,0,0.998676500964454,0.00132349903554617
32,2354,0,0,0,0,0,10,0,13,3,0,0,0.998676500964454,0.00132349903554617
34,2470,0,0,0,0,0,10,0,13,3,0,0,0.998676500964454,0.00132349903554617
34,2471,0,0,0,0,0,10,0,13,3,0,0,0.998676500964454,0.00132349903554617
34,2472,0,0,0,0,0,10,0,13,3,0,0,0.998676500964454,0.00132349903554617
34,2473,0,0,0,0,0,10,0,13,3,0,0,0.998676500964454,0.00132349903554617
34,2474,0,0,0,0,0,10,0,13,3,0,0,0.998676500964454,0.00132349903554617
34,2475,0,0,0,0,0,10,0,13,3,0,0,0.998676500964454,0.00132349903554617
34,2476,2,6,0,0,4,2,0,13,1,1,0,0,0
34,2477,10,0,0,0,0,0,0,13,1,1,0,0,0
34,2478,0,0,0,0,0,10,0,13,3,0,0,0.996967260645994,0.0030327393540062
34,2479,0,0,0,0,0,10,0,13,3,0,0,0.998676500964454,0.00132349903554617
34,2480,0,0,0,0,6,0,0,13,4,0.000253192375716272,0,0,0.999746807624284
34,2481,0,0,0,0,0,10,0,13,3,0,0,0.992460886539551,0.00753911346044864
34,2482,0,0,0,0,0,10,0,13,3,0,0,0.998676500964454,0.00132349903554617
34,2483,0,0,0,0,4,3,0,13,4,0.00233025127511794,0,0,0.997669748724882
34,2484,0,0,0,0,0,10,0,13,3,0,0,0.992460886539551,0.00753911346044864
34,2485,0,0,0,0,6,1,0,13,4,0.000112412042732392,0,0,0.999887587957268
34,2486,0,0,0,0,0,10,0,13,3,0,0,0.992460886539551,0.00753911346044864
36,2550,0,0,7,9,0,0,4,13,4,0,0,0,1
36,2551,0,0,0,0,6,2,0,13,4,0.000125899073749589,0,0,0.99987410092625
36,2552,0,0,0,0,6,3,0,13,4,0.000109971549593253,0,0,0.999890028450407
36,2553,0,0,0,0,4,4,0,13,4,0.000687639310347687,0,0,0.999312360689652
37,2642,0,0,0,0,0,0,10,13,3,0,0,1,0
37,2643,0,0,0,0,0,0,10,13,3,0,0,1,0
37,2644,0,0,0,0,0,0,10,13,3,0,0,1,0
37,2645,0,0,0,0,0,0,10,13,3,0,0,1,0
37,2646,0,0,0,0,0,0,10,13,3,0,0,1,0
38,2922,0,0,0,0,0,0,10,13,3,0,0,1,0
38,2923,0,0,0,0,0,0,10,13,3,0,0,1,0
38,2924,0,0,0,0,0,0,10,13,3,0,0,1,0
38,2925,0,0,10,6,0,0,0,13,2,0,1,0,0
38,2926,0,0,0,0,0,10,0,13,3,0,0,0.999082668213037,0.000917331786963066
38,2927,0,0,0,0,0,10,0,13,3,0,0,0.998676500964454,0.00132349903554617
38,2928,0,0,0,0,0,10,0,13,3,0,0,0.998676500964454,0.00132349903554617
38,2929,0,0,0,0,0,10,0,13,3,0,0,0.998676500964454,0.00132349903554617
38,2930,0,0,0,0,0,10,0,13,3,0,0,0.998676500964454,0.00132349903554617
38,2931,0,0,0,0,0,0,10,13,3,0,0,1,0
40,3068,0,0,10,3,0,0,0,13,2,0,1,0,0
40,3069,0,0,0,0,0,10,0,13,3,0,0,0.999082668213037,0.000917331786963066
40,3070,0,0,0,0,0,10,0,13,3,0,0,0.998676500964454,0.00132349903554617
40,3071,0,0,0,0,0,10,0,13,3,0,0,0.998676500964454,0.00132349903554617
40,3072,0,0,0,0,0,10,0,13,3,0,0,0.998676500964454,0.00132349903554617
40,3073,0,0,0,0,0,10,0,13,3,0,0,0.998676500964454,0.00132349903554617
40,3074,0,0,0,0,0,10,0,13,3,0,0,0.998676500964454,0.00132349903554617
41,3172,0,0,10,0,0,0,0,13,2,0,0.949189408185886,0.050810591814114,0
41,3173,0,0,0,0,0,10,0,13,3,0,0,0.999082668213037,0.000917331786963066
41,3174,0,0,10,8,0,0,0,13,3,0,0,1,0
41,3175,0,0,0,0,0,10,0,13,3,0,0,0.998676500964454,0.00132349903554617
41,3176,10,6,0,0,0,0,0,13,1,1,0,0,0
42,3365,0,0,0,0,0,10,0,13,3,0,0,0.996967260645994,0.0030327393540062
42,3366,0,0,0,0,0,0,10,13,3,0,0,1,0
42,3367,0,0,10,6,0,0,0,13,2,0,1,0,0
42,3368,0,0,0,0,0,6,6,13,4,1.98012162057323e-05,4.67945775940201e-05,0,0.9999334042062
42,3369,0,0,0,0,0,10,0,13,3,0,0,0.992460886539551,0.00753911346044864
42,3370,0,0,0,0,0,10,0,13,3,0,0,0.998676500964454,0.00132349903554617
42,3371,3,0,0,0,0,8,0,13,1,1,0,0,0
42,3372,8,3,0,0,0,3,0,13,1,1,0,0,0
42,3373,0,0,0,0,0,10,0,13,3,0,0,0.996967260645994,0.0030327393540062
42,3374,5,6,0,0,0,6,0,13,1,1,0,0,0
42,3375,0,0,0,0,0,10,0,13,3,0,0,0.996967260645994,0.0030327393540062
42,3376,0,0,0,0,0,10,0,13,3,0,0,0.998676500964454,0.00132349903554617
42,3377,0,0,0,0,0,10,0,13,3,0,0,0.998676500964454,0.00132349903554617
42,3378,0,0,0,0,0,10,0,13,3,0,0,0.998676500964454,0.00132349903554617
42,3379,0,0,0,0,0,10,0,13,3,0,0,0.998676500964454,0.00132349903554617
42,3380,7,6,0,0,0,4,0,13,1,1,0,0,0
42,3381,1,10,0,0,4,3,0,13,1,0.98498451982399,0,0,0.0150154801760104
42,3382,5,2,0,0,2,5,0,13,2,0,1,0,0
42,3383,8,4,0,0,0,3,0,13,1,1,0,0,0
42,3384,9,6,0,0,0,2,0,13,1,1,0,0,0
42,3385,0,0,0,0,0,10,0,13,3,0,0,0.996967260645994,0.0030327393540062
42,3386,0,0,0,0,0,10,0,13,3,0,0,0.998676500964454,0.00132349903554617
42,3387,10,0,0,0,0,0,0,13,1,1,0,0,0
42,3388,0,0,0,0,0,10,2,13,4,0,0,0,1
42,3389,3,5,0,0,0,8,0,13,1,1,0,0,0
42,3390,2,6,0,0,4,1,0,13,1,1,0,0,0
42,3391,0,0,0,0,0,10,0,13,3,0,0,0.996967260645994,0.0030327393540062
45,3606,0,0,0,0,0,0,10,13,3,0,0,1,0
45,3607,0,0,0,0,0,8,3,13,4,3.9667196681661e-05,0,0,0.999960332803318
45,3608,0,0,0,0,0,6,6,13,4,1.55610890373834e-05,2.52948598817134e-06,0,0.999981909424974
45,3609,0,0,0,0,0,6,6,13,4,1.55610890373834e-05,2.52948598817134e-06,0,0.999981909424974
45,3610,0,0,0,0,3,5,3,13,4,3.51783678386223e-05,0,0,0.999964821632161
45,3611,0,0,0,0,6,2,0,13,4,0.000125899073749589,0,0,0.99987410092625
45,3612,0,0,0,0,0,6,6,13,4,1.55610890373834e-05,2.52948598817134e-06,0,0.999981909424974
45,3613,0,0,0,0,0,6,6,13,4,1.55610890373834e-05,2.52948598817134e-06,0,0.999981909424974
45,3614,0,0,0,0,0,10,0,13,3,0,0,0.992460886539551,0.00753911346044864
45,3615,0,0,0,0,0,10,0,13,3,0,0,0.998676500964454,0.00132349903554617
45,3616,0,0,0,0,0,0,10,13,3,0,0,1,0
45,3617,0,0,0,0,0,0,10,13,3,0,0,1,0
45,3618,0,0,0,0,0,0,10,13,3,0,0,1,0
45,3619,0,0,0,0,0,0,10,13,3,0,0,1,0
45,3620,0,0,0,0,0,0,10,13,3,0,0,1,0
45,3621,0,0,0,0,0,0,10,13,3,0,0,1,0
45,3622,0,0,0,0,0,0,10,13,3,0,0,1,0
45,3623,0,0,0,0,0,0,10,13,3,0,0,1,0
45,3624,0,0,0,0,0,0,10,13,3,0,0,1,0
45,3625,0,0,0,0,0,8,3,13,4,3.9667196681661e-05,0,0,0.999960332803318
45,3626,0,0,0,0,5,1,1,13,4,0.000565271172782214,0,0,0.999434728827218
45,3627,0,0,0,0,5,3,1,13,4,0.000734028866823977,0,0,0.999265971133176
45,3628,0,0,0,0,6,0,0,13,4,0.000190728047594688,0,0,0.999809271952405
45,3629,0,0,0,0,0,10,0,13,3,0,0,0.992460886539551,0.00753911346044864
45,3630,0,0,0,0,0,10,0,13,3,0,0,0.998676500964454,0.00132349903554617
46,3729,0,0,10,2,0,0,0,13,2,0,1,0,0
48,3998,0,0,0,0,6,6,0,13,4,2.8028734736592e-05,0,0,0.999971971265263
48,3999,7,8,0,0,2,2,0,13,1,1,0,0,0
48,4000,0,0,0,0,6,6,0,13,4,0.000177380769155069,0,0,0.999822619230845
48,4001,10,10,0,0,0,0,0,13,1,1,0,0,0
48,4002,10,10,0,0,0,0,0,13,1,1,0,0,0
48,4003,0,0,0,0,0,10,0,13,3,0,0,0.996967260645994,0.0030327393540062
48,4004,10,1,0,0,0,0,0,13,1,1,0,0,0
48,4005,0,0,0,0,0,10,0,13,3,0,0,0.996967260645994,0.0030327393540062
48,4006,0,0,0,0,0,10,0,13,3,0,0,0.998676500964454,0.00132349903554617
49,4037,0,0,10,4,0,0,0,13,2,0,1,0,0
50,4204,0,0,0,0,0,10,0,13,3,0,0,0.999082668213037,0.000917331786963066
50,4205,0,0,0,0,0,10,0,13,3,0,0,0.998676500964454,0.00132349903554617
50,4206,0,0,0,0,0,10,0,13,3,0,0,0.998676500964454,0.00132349903554617
50,4207,0,0,0,0,0,10,0,13,3,0,0,0.998676500964454,0.00132349903554617
50,4208,0,0,0,0,0,9,2,13,4,4.47299760084607e-05,0,0,0.999955270023992
50,4209,0,0,0,0,0,0,10,13,3,0,0,1,0
50,4210,10,9,0,0,0,0,0,13,1,1,0,0,0
50,4211,0,0,0,0,0,10,0,13,3,0,0,0.996967260645994,0.0030327393540062
50,4212,0,0,0,0,0,10,0,13,3,0,0,0.998676500964454,0.00132349903554617
52,4371,0,0,0,0,0,10,0,13,3,0,0,0.998676500964454,0.00132349903554617
52,4372,0,0,0,0,0,10,0,13,3,0,0,0.998676500964454,0.00132349903554617
52,4373,0,0,10,7,0,0,0,13,2,0,1,0,0
52,4374,0,0,0,0,0,10,0,13,3,0,0,0.999082668213037,0.000917331786963066
52,4375,0,0,0,0,0,10,0,13,3,0,0,0.998676500964454,0.00132349903554617
52,4376,0,0,0,0,0,10,0,13,3,0,0,0.998676500964454,0.00132349903554617
52,4377,0,0,0,0,0,0,10,13,3,0,0,1,0
53,4410,0,0,10,2,0,0,0,13,2,0,1,0,0
54,4620,0,0,0,0,0,0,10,13,3,0,0,1,0
54,4621,0,0,0,0,0,0,10,13,3,0,0,1,0
54,4622,0,0,3,10,0,5,3,13,4,0,0,0,1
54,4623,0,0,0,0,0,6,6,13,4,1.55610890373834e-05,2.52948598817134e-06,0,0.999981909424974
54,4624,0,0,0,0,0,10,0,13,3,0,0,0.992460886539551,0.00753911346044864
54,4625,0,0,0,0,0,0,10,13,3,0,0,1,0
54,4626,0,0,0,0,0,0,10,13,3,0,0,1,0
54,4627,0,0,0,0,0,0,10,13,3,0,0,1,0
54,4628,0,0,0,0,0,0,10,13,3,0,0,1,0
54,4629,0,0,0,0,0,0,10,13,3,0,0,1,0
54,4630,0,0,0,0,0,0,10,13,3,0,0,1,0
54,4631,0,0,0,0,0,0,10,13,3,0,0,1,0
54,4632,0,0,0,0,0,0,10,13,3,0,0,1,0
54,4633,0,0,0,0,0,0,10,13,3,0,0,1,0
54,4634,0,0,0,0,0,0,10,13,3,0,0,1,0
54,4635,0,0,0,0,0,10,0,13,3,0,0,0.998676500964454,0.00132349903554617
54,4636,0,0,0,0,0,7,4,13,4,0,0,0,1
55,4810,0,0,0,0,0,10,0,13,3,0,0,0.992460886539551,0.00753911346044864
55,4811,0,0,0,0,0,10,0,13,3,0,0,0.998676500964454,0.00132349903554617
55,4812,0,0,0,0,0,0,10,13,3,0,0,1,0
55,4813,0,0,0,0,0,10,0,13,3,0,0,0.998676500964454,0.00132349903554617
55,4814,0,0,0,0,0,10,0,13,3,0,0,0.998676500964454,0.00132349903554617
56,4866,0,0,10,3,0,0,0,13,2,0,1,0,0
58,4955,0,0,10,7,0,0,0,13,2,0,1,0,0
59,5094,0,0,0,0,0,10,0,13,3,0,0,0.999082668213037,0.000917331786963066
59,5095,0,0,6,6,0,5,0,13,2,0,1,0,0
61,5185,0,0,10,3,0,0,0,13,2,0,1,0,0
63,5289,0,0,10,7,0,0,0,13,2,0,1,0,0
64,5327,0,0,0,0,0,10,0,13,3,0,0,0.999082668213037,0.000917331786963066
65,5419,0,0,10,5,0,0,0,13,2,0,1,0,0
65,5420,0,0,0,0,0,0,10,13,3,0,0,1,0
66,5484,7,9,0,0,0,4,0,13,1,0.99724397586137,0,0,0.00275602413862999
66,5485,10,8,0,0,0,0,0,13,1,1,0,0,0
66,5486,0,0,0,0,0,10,0,13,3,0,0,0.996967260645994,0.0030327393540062
66,5487,0,0,10,10,0,0,0,13,2,0,1,0,0
66,5488,0,0,10,10,0,0,0,13,2,0,1,0,0
66,5489,0,0,0,0,0,10,0,13,3,0,0,0.999082668213037,0.000917331786963066
66,5490,0,0,0,0,0,10,0,13,3,0,0,0.998676500964454,0.00132349903554617
66,5491,0,0,0,0,4,4,0,13,4,0.000912695841222363,0,0,0.999087304158778
66,5492,0,0,0,0,0,10,0,13,3,0,0,0.992460886539551,0.00753911346044864
67,5777,0,0,10,6,0,0,0,13,2,0,1,0,0
67,5778,0,0,0,0,0,10,0,13,3,0,0,0.999082668213037,0.000917331786963066
67,5779,0,0,0,0,0,10,0,13,3,0,0,0.998676500964454,0.00132349903554617
70,5896,0,0,8,7,0,3,0,13,2,0,1,0,0
70,5897,0,0,0,0,0,10,0,13,3,0,0,0.999082668213037,0.000917331786963066
70,5898,0,0,0,0,0,10,0,13,3,0,0,0.998676500964454,0.00132349903554617
70,5899,0,0,0,0,0,10,0,13,3,0,0,0.998676500964454,0.00132349903554617
70,5900,0,0,0,0,0,10,0,13,3,0,0,0.998676500964454,0.00132349903554617
70,5901,0,0,0,0,0,10,0,13,3,0,0,0.998676500964454,0.00132349903554617
71,5961,0,0,0,0,0,10,0,13,3,0,0,0.998676500964454,0.00132349903554617
71,5962,0,0,0,0,0,10,0,13,3,0,0,0.998676500964454,0.00132349903554617
71,5963,0,0,0,0,0,6,5,13,4,0,0.000422054001792212,0,0.999577945998208
73,6105,0,0,0,0,0,0,10,13,3,0,0,1,0
73,6106,0,0,9,4,0,0,2,13,2,0,1,0,0
73,6107,6,6,0,0,0,6,0,13,1,1,0,0,0
73,6108,10,10,0,0,0,0,0,13,1,1,0,0,0
75,6202,0,0,5,9,0,6,0,13,2,0,1,0,0
75,6203,0,0,0,0,0,10,0,13,3,0,0,0.999082668213037,0.000917331786963066
75,6204,0,0,0,0,0,10,0,13,3,0,0,0.998676500964454,0.00132349903554617
75,6205,0,0,0,0,0,10,0,13,3,0,0,0.998676500964454,0.00132349903554617
76,6294,0,0,0,0,0,10,0,13,3,0,0,0.998676500964454,0.00132349903554617
76,6295,10,8,0,0,0,0,0,13,1,1,0,0,0
76,6296,7,9,0,0,0,4,0,13,1,0.999544691086315,0,0,0.000455308913684499
76,6297,9,10,0,0,0,2,0,13,1,1,0,0,0
76,6298,3,8,0,0,7,1,0,13,1,1,0,0,0
76,6299,3,8,0,0,6,1,0,13,1,1,0,0,0
76,6300,10,4,0,0,0,0,0,13,1,1,0,0,0
76,6301,6,9,0,0,2,2,0,13,1,0.99991091309987,0,0,8.90869001301234e-05
76,6302,0,0,0,0,4,4,0,13,4,0.00551188172444403,0,0,0.994488118275556
78,6415,0,0,0,0,0,0,10,13,3,0,0,1,0
80,6514,0,0,0,0,7,4,0,13,1,1,0,0,0
80,6515,0,0,6,3,0,5,0,13,2,0,1,0,0
80,6516,0,0,0,0,6,6,0,13,4,2.8028734736592e-05,0,0,0.999971971265263
80,6517,0,0,0,0,0,0,0,13,3,0.000772364159619667,0.000174394196088664,0.909169204276789,0.0898840373675024
80,6518,0,0,0,0,0,10,0,13,3,0,0,0.998676500964454,0.00132349903554617
80,6519,0,0,0,0,6,6,0,13,4,2.92410670743479e-05,0,0,0.999970758932926
80,6520,0,0,0,0,9,2,0,13,4,0,0,0,1
80,6521,0,0,0,0,0,10,0,13,3,0,0,0.992460886539551,0.00753911346044864
81,6551,0,0,10,2,0,0,1,13,2,0,1,0,0
81,6552,10,8,0,0,0,0,0,13,1,1,0,0,0
82,6720,0,0,10,10,0,0,0,13,2,0,1,0,0
82,6721,0,0,0,0,0,0,10,13,3,0,0,1,0
82,6722,0,0,0,0,0,10,0,13,3,0,0,0.998676500964454,0.00132349903554617
82,6723,0,0,0,0,0,10,0,13,3,0,0,0.998676500964454,0.00132349903554617
82,6724,0,0,0,0,0,10,0,13,3,0,0,0.998676500964454,0.00132349903554617
82,6725,0,0,0,0,0,10,0,13,3,0,0,0.998676500964454,0.00132349903554617
82,6726,0,0,0,0,0,10,0,13,3,0,0,0.998676500964454,0.00132349903554617
84,6781,0,0,10,4,0,0,0,13,2,0,1,0,0
84,6782,0,0,0,0,0,10,0,13,3,0,0,0.999082668213037,0.000917331786963066
84,6783,0,0,0,0,0,10,0,13,3,0,0,0.998676500964454,0.00132349903554617
84,6784,0,0,0,0,0,10,0,13,3,0,0,0.998676500964454,0.00132349903554617
86,6935,0,0,10,3,0,0,0,13,2,0,1,0,0
86,6936,0,0,0,0,0,10,0,13,3,0,0,0.999082668213037,0.000917331786963066
87,7035,0,0,0,0,0,10,0,13,3,0,0,0.998676500964454,0.00132349903554617
87,7036,0,0,10,7,0,0,0,13,2,0,1,0,0
87,7037,0,0,0,0,0,10,0,13,3,0,0,0.999082668213037,0.000917331786963066
90,7080,0,0,10,3,0,0,0,13,2,0,1,0,0
90,7081,0,0,0,0,0,0,10,13,3,0,0,1,0
91,7170,2,4,0,0,5,1,0,13,1,1,0,0,0
91,7171,9,4,0,0,1,1,0,13,1,1,0,0,0
91,7172,0,0,10,2,0,0,0,13,2,0,1,0,0
91,7173,1,3,0,0,5,2,0,13,4,0.699090320111096,0,0,0.300909679888904
91,7174,0,0,0,0,6,0,0,13,4,0.000977368433906177,0,0,0.999022631566094
91,7175,0,0,0,0,0,10,0,13,3,0,0,0.992460886539551,0.00753911346044864
92,7285,0,0,10,5,0,0,0,13,2,0,1,0,0
92,7286,0,0,0,0,0,0,10,13,3,0,0,1,0
92,7287,0,0,0,0,0,10,0,13,3,0,0,0.998676500964454,0.00132349903554617
93,7388,0,0,0,0,0,10,0,13,3,0,0,0.998676500964454,0.00132349903554617
93,7389,0,0,0,0,0,10,0,13,3,0,0,0.998676500964454,0.00132349903554617
93,7390,0,0,0,0,0,10,0,13,3,0,0,0.998676500964454,0.00132349903554617
93,7391,0,0,0,0,0,10,0,13,3,0,0,0.998676500964454,0.00132349903554617
93,7392,0,0,0,0,0,10,0,13,3,0,0,0.998676500964454,0.00132349903554617
93,7393,0,0,0,0,0,10,0,13,3,0,0,0.998676500964454,0.00132349903554617
93,7394,0,0,0,0,0,10,0,13,3,0,0,0.998676500964454,0.00132349903554617
93,7395,0,0,0,0,0,0,10,13,3,0,0,1,0
93,7396,0,0,0,0,0,10,0,13,3,0,0,0.998676500964454,0.00132349903554617
93,7397,7,6,0,0,0,4,0,13,1,1,0,0,0
93,7398,10,8,0,0,0,0,0,13,1,1,0,0,0
93,7399,0,0,0,0,0,10,0,13,3,0,0,0.996967260645994,0.0030327393540062
93,7400,6,7,0,0,0,6,0,13,1,1,0,0,0
94,7472,0,0,0,0,0,10,0,13,3,0,0,0.996967260645994,0.0030327393540062
94,7473,1,10,0,0,0,10,0,13,4,0,0,0,1
94,7474,0,0,0,0,0,10,0,13,3,0,0,0.992460886539551,0.00753911346044864
94,7475,0,0,0,0,0,10,0,13,3,0,0,0.998676500964454,0.00132349903554617
94,7476,10,10,0,0,0,0,0,13,1,1,0,0,0
94,7477,7,7,0,0,0,4,0,13,1,1,0,0,0
97,7520,10,5,0,0,0,0,0,13,1,1,0,0,0
98,7612,0,0,0,0,0,10,0,13,3,0,0,0.996967260645994,0.0030327393540062
98,7613,0,0,0,0,5,3,0,13,4,0.00107627441927484,0,0,0.998923725580725
99,7736,0,0,4,10,0,0,7,13,4,0,0,0,1
99,7737,3,7,0,0,3,5,0,13,1,1,0,0,0
99,7738,8,8,0,0,0,3,0,13,1,1,0,0,0
99,7739,0,0,0,0,0,10,0,13,3,0,0,0.996967260645994,0.0030327393540062
99,7740,0,0,0,0,2,7,0,13,4,0.00428999324713507,0,0,0.995710006752865
99,7741,0,0,0,0,0,0,10,13,3,0,0,1,0
99,7742,0,0,0,0,0,0,10,13,3,0,0,1,0
100,7821,0,0,10,4,0,0,0,13,2,0,1,0,0
100,7822,0,0,0,0,0,10,0,13,3,0,0,0.999082668213037,0.000917331786963066
100,7823,10,0,0,0,0,0,0,13,1,1,0,0,0
100,7824,6,10,0,0,0,6,0,13,1,0.995940880921654,0,0,0.00405911907834566
100,7825,0,0,0,0,0,10,0,13,3,0,0,0.996967260645994,0.0030327393540062
100,7826,0,0,0,0,0,10,0,13,3,0,0,0.998676500964454,0.00132349903554617
100,7827,0,0,0,0,0,10,0,13,3,0,0,0.998676500964454,0.00132349903554617
100,7828,10,10,0,0,0,0,0,13,1,1,0,0,0
101,7912,0,0,0,0,0,10,0,13,3,0,0,0.996967260645994,0.0030327393540062
101,7913,10,4,0,0,0,0,0,13,1,1,0,0,0
101,7914,0,0,0,0,3,6,0,13,4,0.00365261443861103,0,0,0.996347385561389
101,7915,0,0,8,2,0,3,0,13,2,0,1,0,0
101,7916,10,10,0,0,0,0,0,13,1,1,0,0,0
101,7917,3,6,0,0,0,8,0,13,1,1,0,0,0
101,7918,10,9,0,0,0,0,0,13,1,1,0,0,0
101,7919,0,0,0,0,0,10,0,13,3,0,0,0.996967260645994,0.0030327393540062
101,7920,0,0,0,0,0,10,0,13,3,0,0,0.998676500964454,0.00132349903554617
101,7921,0,0,0,0,0,10,0,13,3,0,0,0.998676500964454,0.00132349903554617
102,8006,9,5,0,0,0,2,0,13,1,1,0,0,0
102,8007,0,0,0,0,0,10,0,13,3,0,0,0.996967260645994,0.0030327393540062
102,8008,0,0,0,0,0,10,0,13,3,0,0,0.998676500964454,0.00132349903554617
102,8009,0,0,0,0,0,10,0,13,3,0,0,0.998676500964454,0.00132349903554617
102,8010,0,0,3,6,0,0,8,13,4,0,0,0,1
102,8011,10,5,0,0,0,1,0,13,1,1,0,0,0
102,8012,10,4,0,0,0,1,0,13,1,1,0,0,0
102,8013,9,3,0,0,0,2,0,13,1,1,0,0,0
102,8014,7,7,0,0,2,1,0,13,1,1,0,0,0
102,8015,10,4,0,0,0,0,0,13,1,1,0,0,0
102,8016,3,10,0,0,0,8,0,13,1,1,0,0,0
102,8017,0,0,0,0,0,10,0,13,3,0,0,0.996967260645994,0.0030327393540062
102,8018,3,10,0,0,3,2,0,13,1,1,0,0,0
102,8019,10,6,0,0,0,0,0,13,1,1,0,0,0
102,8020,9,4,0,0,1,2,0,13,1,1,0,0,0
102,8021,10,4,0,0,0,1,0,13,1,1,0,0,0
102,8022,8,4,0,0,2,1,0,13,1,1,0,0,0
102,8023,0,0,0,0,0,10,0,13,3,0,0,0.996967260645994,0.0030327393540062
102,8024,0,0,0,0,0,10,0,13,3,0,0,0.998676500964454,0.00132349903554617
102,8025,0,0,0,0,6,0,0,13,4,0.000253192375716272,0,0,0.999746807624284
102,8026,0,0,0,0,6,0,0,13,4,0.000190728047594688,0,0,0.999809271952405
102,8027,2,10,0,0,4,2,0,13,1,1,0,0,0
102,8028,3,10,0,0,4,3,0,13,1,1,0,0,0
102,8029,0,0,0,0,0,10,0,13,3,0,0,0.996967260645994,0.0030327393540062
102,8030,0,0,0,0,0,10,0,13,3,0,0,0.998676500964454,0.00132349903554617
102,8031,9,6,0,0,2,0,0,13,1,1,0,0,0
102,8032,8,4,0,0,0,3,0,13,1,1,0,0,0
102,8033,6,4,0,0,0,5,0,13,1,1,0,0,0
102,8034,10,5,0,0,0,0,0,13,1,1,0,0,0
102,8035,9,5,0,0,0,2,0,13,1,1,0,0,0
102,8036,8,6,0,0,0,3,0,13,1,1,0,0,0
102,8037,9,6,0,0,0,3,0,13,1,1,0,0,0
102,8038,9,5,0,0,0,3,0,13,1,1,0,0,0
102,8039,7,3,0,0,1,2,0,13,1,1,0,0,0
102,8040,8,4,0,0,0,3,0,13,1,1,0,0,0
103,8135,0,0,0,0,0,10,0,13,3,0,0,0.996967260645994,0.0030327393540062
103,8136,0,0,0,0,0,10,0,13,3,0,0,0.998676500964454,0.00132349903554617
103,8137,0,0,2,7,4,3,0,13,1,1,0,0,0
104,8369,0,0,0,0,0,0,10,13,3,0,0,1,0
104,8370,0,0,0,0,0,10,0,13,3,0,0,0.998676500964454,0.00132349903554617
104,8371,0,0,10,4,0,0,0,13,2,0,1,0,0
104,8372,0,0,0,0,0,10,0,13,3,0,0,0.999082668213037,0.000917331786963066
104,8373,0,0,0,0,0,10,0,13,3,0,0,0.998676500964454,0.00132349903554617
104,8374,0,0,0,0,0,10,0,13,3,0,0,0.998676500964454,0.00132349903554617
104,8375,0,0,0,0,0,0,10,13,3,0,0,1,0
104,8376,10,6,0,0,0,0,0,13,1,1,0,0,0
104,8377,10,9,0,0,0,0,0,13,1,1,0,0,0
104,8378,10,7,0,0,0,0,0,13,1,1,0,0,0
104,8379,10,5,0,0,0,0,0,13,1,1,0,0,0
105,8425,0,0,10,3,0,0,0,13,2,0,1,0,0
106,8469,0,0,9,4,0,0,2,13,2,0,1,0,0
106,8470,0,0,0,0,0,0,10,13,3,0,0,1,0
106,8471,0,0,0,0,0,0,10,13,3,0,0,1,0
106,8472,0,0,0,0,0,0,10,13,3,0,0,1,0
108,8710,0,0,10,3,0,0,0,13,2,0,1,0,0
108,8711,0,0,0,0,0,0,10,13,3,0,0,1,0
108,8712,0,0,0,0,0,0,10,13,3,0,0,1,0
108,8713,0,0,0,0,0,10,0,13,3,0,0,0.998676500964454,0.00132349903554617
108,8714,0,0,0,0,3,4,0,13,4,0.00117867821684273,0,0,0.998821321783157
108,8715,0,0,0,0,0,0,10,13,3,0,0,1,0
109,8890,0,0,0,0,0,10,0,13,3,0,0,0.998676500964454,0.00132349903554617
109,8891,0,0,0,0,0,10,0,13,3,0,0,0.998676500964454,0.00132349903554617
109,8892,0,0,0,0,0,10,0,13,3,0,0,0.998676500964454,0.00132349903554617
109,8893,0,0,0,0,0,10,0,13,3,0,0,0.998676500964454,0.00132349903554617
109,8894,0,0,8,5,0,3,0,13,2,0,1,0,0
109,8895,0,0,0,0,0,10,0,13,3,0,0,0.999082668213037,0.000917331786963066
109,8896,0,0,0,0,0,10,0,13,3,0,0,0.998676500964454,0.00132349903554617
109,8897,0,0,0,0,0,10,0,13,3,0,0,0.998676500964454,0.00132349903554617
109,8898,0,0,0,0,0,10,0,13,3,0,0,0.998676500964454,0.00132349903554617
110,9094,0,0,10,4,0,0,0,13,2,0,1,0,0
110,9095,0,0,10,10,0,0,0,13,2,0,1,0,0
110,9096,4,10,0,0,0,6,2,13,1,1,0,0,0
110,9097,6,6,0,0,0,6,0,13,1,1,0,0,0
111,9165,0,0,9,4,0,0,2,13,2,0,1,0,0
111,9166,0,0,0,0,0,0,10,13,3,0,0,1,0
113,9317,0,0,10,3,0,0,0,13,2,0,1,0,0
113,9318,0,0,0,0,0,10,0,13,3,0,0,0.999082668213037,0.000917331786963066
113,9319,0,0,0,0,0,10,0,13,3,0,0,0.998676500964454,0.00132349903554617
113,9320,0,0,0,0,0,10,0,13,3,0,0,0.998676500964454,0.00132349903554617
113,9321,0,0,0,0,0,10,0,13,3,0,0,0.998676500964454,0.00132349903554617
113,9322,0,0,0,0,6,6,0,13,4,2.92410670743479e-05,0,0,0.999970758932926
113,9323,0,0,0,0,0,0,0,13,3,0.000772364159619667,0.000174394196088664,0.909169204276789,0.0898840373675024
113,9324,2,6,0,0,4,1,0,13,1,1,0,0,0
115,9350,0,0,10,4,0,0,0,13,2,0,1,0,0
115,9351,0,0,10,10,0,0,0,13,2,0,1,0,0
115,9352,0,0,0,0,0,0,10,13,3,0,0,1,0
115,9353,0,0,0,0,0,0,10,13,3,0,0,1,0
117,9485,0,0,0,0,0,0,10,13,3,0,0,1,0
117,9486,0,0,10,10,0,0,0,13,2,0,1,0,0
117,9487,0,0,0,0,0,10,0,13,3,0,0,0.999082668213037,0.000917331786963066
117,9488,0,0,0,0,0,10,0,13,3,0,0,0.998676500964454,0.00132349903554617
117,9489,0,0,0,0,0,10,0,13,3,0,0,0.998676500964454,0.00132349903554617
117,9490,0,0,0,0,0,10,0,13,3,0,0,0.998676500964454,0.00132349903554617
117,9491,0,0,0,0,0,10,0,13,3,0,0,0.998676500964454,0.00132349903554617
117,9492,0,0,0,0,0,10,0,13,3,0,0,0.998676500964454,0.00132349903554617
117,9493,0,0,0,0,0,10,0,13,3,0,0,0.998676500964454,0.00132349903554617
117,9494,0,0,0,0,0,10,0,13,3,0,0,0.998676500964454,0.00132349903554617
117,9495,0,0,0,0,3,5,0,13,4,0.00207543692084567,0,0,0.997924563079154
117,9496,9,6,0,0,0,2,0,13,1,1,0,0,0
117,9497,10,5,0,0,0,0,0,13,1,1,0,0,0
118,9624,0,0,0,0,0,10,0,13,3,0,0,0.996967260645994,0.0030327393540062
118,9625,0,0,0,0,0,10,0,13,3,0,0,0.998676500964454,0.00132349903554617
118,9626,0,0,0,0,0,10,0,13,3,0,0,0.998676500964454,0.00132349903554617
118,9627,0,0,0,0,0,10,0,13,3,0,0,0.998676500964454,0.00132349903554617
119,9811,0,0,5,10,0,5,3,13,2,0,1,0,0
119,9812,0,0,0,0,0,10,0,13,3,0,0,0.999082668213037,0.000917331786963066
121,9936,0,0,10,10,0,0,0,13,2,0,1,0,0
121,9937,0,0,0,0,0,10,0,13,3,0,0,0.999082668213037,0.000917331786963066
121,9938,0,0,0,0,0,10,0,13,3,0,0,0.998676500964454,0.00132349903554617
121,9939,0,0,0,0,0,10,0,13,3,0,0,0.998676500964454,0.00132349903554617
121,9940,0,0,0,0,0,10,0,13,3,0,0,0.998676500964454,0.00132349903554617
121,9941,0,0,0,0,0,10,0,13,3,0,0,0.998676500964454,0.00132349903554617
122,10046,0,0,0,0,0,0,10,13,3,0,0,1,0
122,10047,0,0,0,0,0,10,0,13,3,0,0,0.998676500964454,0.00132349903554617
122,10048,0,0,0,0,0,10,0,13,3,0,0,0.998676500964454,0.00132349903554617
122,10049,0,0,0,0,0,0,10,13,3,0,0,1,0
124,10181,0,0,0,0,0,10,0,13,3,0,0,0.998676500964454,0.00132349903554617
124,10182,0,0,0,0,0,10,0,13,3,0,0,0.998676500964454,0.00132349903554617
124,10183,0,0,10,4,0,0,0,13,2,0,1,0,0
124,10184,0,0,0,0,0,10,0,13,3,0,0,0.999082668213037,0.000917331786963066
124,10185,0,0,0,0,0,10,0,13,3,0,0,0.998676500964454,0.00132349903554617
124,10186,0,0,0,0,0,0,10,13,3,0,0,1,0
124,10187,0,0,0,0,0,0,10,13,3,0,0,1,0
125,10264,0,0,10,6,0,0,0,13,2,0,1,0,0
125,10265,0,0,10,6,0,0,0,13,2,0,1,0,0
125,10266,0,0,0,0,0,10,0,13,3,0,0,0.999082668213037,0.000917331786963066
127,10358,0,0,10,3,0,0,0,13,2,0,1,0,0
128,10402,0,0,10,0,0,0,0,13,2,0,0.958736463324015,0.0412635366759856,0
128,10403,0,0,10,10,0,0,0,13,2,0,1,0,0
128,10404,0,0,0,0,0,10,0,13,3,0,0,0.999082668213037,0.000917331786963066
128,10405,0,0,0,0,0,10,0,13,3,0,0,0.998676500964454,0.00132349903554617
128,10406,0,0,0,0,6,0,0,13,4,0.000253192375716272,0,0,0.999746807624284
129,10548,0,0,10,7,0,0,0,13,2,0,1,0,0
129,10549,0,0,0,0,0,0,10,13,3,0,0,1,0
129,10550,0,0,0,0,0,6,6,13,4,2.06581176258391e-05,2.60673098514395e-05,0,0.999953274572523
129,10551,0,0,0,0,0,10,0,13,3,0,0,0.992460886539551,0.00753911346044864
129,10552,0,0,0,0,0,3,8,13,4,0,0,0,1
129,10553,0,0,0,0,0,0,10,13,3,0,0,1,0
129,10554,0,0,0,0,4,2,0,13,4,0.00266689118312559,0,0,0.997333108816874
129,10555,6,5,0,0,1,2,3,13,1,1,0,0,0
129,10556,0,0,0,0,0,10,0,13,3,0,0,0.996967260645994,0.0030327393540062
129,10557,0,0,0,0,0,0,10,13,3,0,0,1,0
129,10558,0,0,0,0,0,0,10,13,3,0,0,1,0
129,10559,6,10,0,0,0,0,6,13,1,0.845997639527183,0,0,0.154002360472817
129,10560,0,0,0,0,0,0,10,13,3,0,0,1,0
129,10561,10,8,0,0,0,0,0,13,1,1,0,0,0
129,10562,10,7,0,0,0,0,0,13,1,1,0,0,0
129,10563,10,10,0,0,0,0,0,13,1,1,0,0,0
129,10564,10,10,0,0,0,0,0,13,1,1,0,0,0
129,10565,10,8,0,0,0,0,0,13,1,1,0,0,0
129,10566,10,6,0,0,0,0,0,13,1,1,0,0,0
130,10660,0,0,0,0,0,10,0,13,3,0,0,0.996967260645994,0.0030327393540062
130,10661,0,0,6,10,0,6,0,13,2,0,1,0,0
130,10662,0,0,0,0,0,10,0,13,3,0,0,0.999082668213037,0.000917331786963066
132,10755,0,0,10,5,0,0,0,13,2,0,1,0,0
132,10756,0,0,0,0,0,0,10,13,3,0,0,1,0
133,10803,0,0,0,0,0,0,10,13,3,0,0,1,0
133,10804,0,0,10,3,0,0,0,13,2,0,1,0,0
133,10805,0,0,0,0,0,0,10,13,3,0,0,1,0
134,10877,0,0,0,0,0,0,10,13,3,0,0,1,0
134,10878,0,0,0,0,0,10,0,13,3,0,0,0.998676500964454,0.00132349903554617
134,10879,0,0,0,0,0,10,0,13,3,0,0,0.998676500964454,0.00132349903554617
134,10880,0,0,0,0,4,1,0,13,4,0.00179517163419691,0,0,0.998204828365803
134,10881,10,3,0,0,0,0,1,13,1,1,0,0,0
137,11030,0,0,10,10,0,0,0,13,2,0,1,0,0
137,11031,6,10,0,0,0,5,0,13,1,0.992560790013549,0,0,0.00743920998645136
137,11032,7,7,0,0,2,0,0,13,1,1,0,0,0
137,11033,9,9,0,0,0,2,0,13,1,1,0,0,0
138,11112,0,0,8,7,0,0,3,13,2,0,1,0,0
139,11160,0,0,10,2,0,0,0,13,2,0,1,0,0
140,11235,0,0,10,3,0,0,0,13,2,0,1,0,0
140,11236,0,0,0,0,0,10,0,13,3,0,0,0.999082668213037,0.000917331786963066
140,11237,0,0,0,0,0,10,0,13,3,0,0,0.998676500964454,0.00132349903554617
140,11238,0,0,0,0,0,10,0,13,3,0,0,0.998676500964454,0.00132349903554617
143,11338,10,4,0,0,0,1,0,13,1,1,0,0,0
143,11339,10,6,0,0,0,0,0,13,1,1,0,0,0
143,11340,10,6,0,0,0,0,0,13,1,1,0,0,0
143,11341,10,6,0,0,0,0,0,13,1,1,0,0,0
143,11342,0,0,10,6,0,0,0,13,2,0,1,0,0
144,11388,0,0,0,0,0,0,10,13,3,0,0,1,0
146,11450,0,0,0,0,0,0,10,13,3,0,0,1,0
146,11451,0,0,0,0,0,0,10,13,3,0,0,1,0
146,11452,0,0,7,10,0,0,4,13,4,0,0,0,1
146,11453,0,0,0,0,0,0,10,13,3,0,0,1,0
146,11454,0,0,0,0,0,10,0,13,3,0,0,0.998676500964454,0.00132349903554617
146,11455,0,0,0,0,0,6,6,13,4,2.06581176258391e-05,2.60673098514395e-05,0,0.999953274572523
146,11456,0,0,0,0,0,4,7,13,4,0.000152322992428181,0,0,0.999847677007572
148,11602,0,0,10,10,0,0,0,13,2,0,1,0,0
148,11603,0,0,0,0,0,0,10,13,3,0,0,1,0
150,11645,0,0,10,10,0,0,0,13,2,0,1,0,0
150,11646,0,0,0,0,0,0,10,13,3,0,0,1,0
150,11647,6,10,0,0,0,5,0,13,1,0.992867027641137,0,0,0.00713297235886293
150,11648,10,0,0,0,0,0,0,13,1,1,0,0,0
150,11649,5,3,0,0,0,6,0,13,1,0.987200946013408,0,0,0.0127990539865922
151,11848,0,0,0,0,0,10,0,13,3,0,0,0.996967260645994,0.0030327393540062
151,11849,0,0,0,0,0,10,0,13,3,0,0,0.998676500964454,0.00132349903554617
151,11850,8,6,0,0,0,3,0,13,1,1,0,0,0
151,11851,7,10,0,0,1,3,0,13,1,1,0,0,0
151,11852,0,0,0,0,0,10,0,13,3,0,0,0.996967260645994,0.0030327393540062
151,11853,0,0,0,0,0,10,0,13,3,0,0,0.998676500964454,0.00132349903554617
151,11854,0,0,0,0,0,10,0,13,3,0,0,0.998676500964454,0.00132349903554617
151,11855,0,0,0,0,0,10,0,13,3,0,0,0.998676500964454,0.00132349903554617
151,11856,0,0,0,0,0,0,10,13,3,0,0,1,0
151,11857,0,0,0,0,0,7,4,13,4,0,0,0,1
151,11858,0,0,0,0,0,10,0,13,3,0,0,0.992460886539551,0.00753911346044864
151,11859,10,10,0,0,0,0,0,13,1,1,0,0,0
153,12030,0,0,5,7,0,0,6,13,2,0,1,0,0
153,12031,0,0,0,0,0,7,4,13,4,0,0,0,1
153,12032,9,8,0,0,0,2,0,13,1,1,0,0,0
153,12033,0,0,0,0,0,10,0,13,3,0,0,0.996967260645994,0.0030327393540062
153,12034,0,0,0,0,0,10,0,13,3,0,0,0.998676500964454,0.00132349903554617
153,12035,0,0,0,0,0,10,0,13,3,0,0,0.998676500964454,0.00132349903554617
153,12036,7,6,0,0,0,4,0,13,1,1,0,0,0
153,12037,0,0,0,0,0,10,0,13,3,0,0,0.996967260645994,0.0030327393540062
153,12038,0,0,0,0,0,10,0,13,3,0,0,0.998676500964454,0.00132349903554617
153,12039,0,0,0,0,0,10,0,13,3,0,0,0.998676500964454,0.00132349903554617
153,12040,0,0,0,0,0,10,0,13,3,0,0,0.998676500964454,0.00132349903554617
153,12041,10,10,0,0,0,0,0,13,1,1,0,0,0
153,12042,10,6,0,0,0,0,0,13,1,1,0,0,0
153,12043,0,0,0,0,0,10,0,13,3,0,0,0.996967260645994,0.0030327393540062
153,12044,0,0,0,0,0,10,0,13,3,0,0,0.998676500964454,0.00132349903554617
153,12045,0,0,0,0,0,10,0,13,3,0,0,0.998676500964454,0.00132349903554617
153,12046,10,8,0,0,0,0,0,13,1,1,0,0,0
155,12072,0,0,10,6,0,0,0,13,2,0,1,0,0
155,12073,0,0,0,0,0,10,0,13,3,0,0,0.999082668213037,0.000917331786963066
156,12094,0,0,10,2,0,0,0,13,2,0,1,0,0
162,12182,0,0,10,3,0,0,0,13,2,0,1,0,0
163,12273,0,0,0,0,0,10,0,13,3,0,0,0.999082668213037,0.000917331786963066
163,12274,0,0,10,6,0,0,0,13,2,0,1,0,0
164,12373,0,0,10,2,0,0,0,13,2,0,1,0,0
164,12374,0,0,0,0,0,0,10,13,3,0,0,1,0
165,12440,0,0,10,2,0,0,0,13,2,0,1,0,0
167,12577,0,0,8,7,0,0,3,13,2,0,1,0,0
167,12578,0,0,0,0,0,10,0,13,3,0,0,0.999082668213037,0.000917331786963066
167,12579,0,0,0,0,0,10,0,13,3,0,0,0.998676500964454,0.00132349903554617
167,12580,0,0,0,0,0,10,0,13,3,0,0,0.998676500964454,0.00132349903554617
167,12581,0,0,0,0,0,0,10,13,3,0,0,1,0
168,12751,0,0,10,5,0,0,0,13,2,0,1,0,0
168,12752,0,0,0,0,0,10,0,13,3,0,0,0.999082668213037,0.000917331786963066
168,12753,0,0,0,0,0,10,0,13,3,0,0,0.998676500964454,0.00132349903554617
168,12754,0,0,0,0,0,10,0,13,3,0,0,0.998676500964454,0.00132349903554617
172,12833,0,0,0,0,0,10,0,13,3,0,0,0.998676500964454,0.00132349903554617
172,12834,0,0,0,0,0,10,0,13,3,0,0,0.998676500964454,0.00132349903554617
173,12920,0,0,0,0,4,4,0,13,4,0.000912695841222363,0,0,0.999087304158778
173,12921,4,4,0,0,3,0,0,13,1,1,0,0,0
173,12922,2,7,0,0,1,1,7,13,1,1,0,0,0
173,12923,0,0,0,0,0,0,10,13,3,0,0,1,0
173,12924,0,0,0,0,0,0,10,13,3,0,0,1,0
174,13006,0,0,10,4,0,0,0,13,2,0,1,0,0
174,13007,0,0,0,0,0,10,0,13,3,0,0,0.999082668213037,0.000917331786963066
174,13008,2,8,0,0,5,1,0,13,1,1,0,0,0
174,13009,0,0,0,0,0,10,0,13,3,0,0,0.996967260645994,0.0030327393540062
174,13010,9,9,0,0,0,2,0,13,1,1,0,0,0
174,13011,10,10,0,0,0,0,0,13,1,1,0,0,0
175,13174,0,0,0,0,0,10,0,13,3,0,0,0.996967260645994,0.0030327393540062
175,13175,0,0,0,0,0,0,10,13,3,0,0,1,0
175,13176,0,0,0,0,0,0,10,13,3,0,0,1,0
175,13177,0,0,0,0,0,0,10,13,3,0,0,1,0
176,13219,0,0,10,7,0,0,0,13,2,0,1,0,0
177,13324,0,0,10,5,0,0,0,13,2,0,1,0,0
178,13378,0,0,10,3,0,0,0,13,2,0,1,0,0
180,13423,0,0,0,0,0,0,10,13,3,0,0,1,0
180,13424,0,0,0,0,0,7,4,13,4,0,0,0,1
180,13425,10,6,0,0,0,0,0,13,1,1,0,0,0
180,13426,10,5,0,0,0,1,0,13,1,1,0,0,0
180,13427,0,0,0,0,0,10,0,13,3,0,0,0.996967260645994,0.0030327393540062
180,13428,10,6,0,0,0,0,0,13,1,1,0,0,0
181,13589,0,0,0,0,0,0,10,13,3,0,0,1,0
181,13590,0,0,0,0,0,10,0,13,3,0,0,0.998676500964454,0.00132349903554617
181,13591,0,0,9,6,0,3,0,13,2,0,1,0,0
181,13592,0,0,0,0,0,6,6,13,4,1.98012162057323e-05,4.67945775940201e-05,0,0.9999334042062
181,13593,0,0,0,0,0,0,10,13,3,0,0,1,0
184,13695,0,0,8,5,0,0,3,13,2,0,1,0,0
185,13825,0,0,0,0,0,0,10,13,3,0,0,1,0
185,13826,0,0,0,0,0,0,10,13,3,0,0,1,0
185,13827,0,0,9,3,0,0,2,13,2,0,1,0,0
185,13828,0,0,0,0,0,0,10,13,3,0,0,1,0
187,13853,0,0,0,0,0,10,0,13,3,0,0,0.998676500964454,0.00132349903554617
187,13854,10,4,0,0,0,0,0,13,1,1,0,0,0
190,13973,0,0,0,0,0,0,10,13,3,0,0,1,0
190,13974,0,0,0,0,0,0,10,13,3,0,0,1,0
190,13975,0,0,0,0,0,0,10,13,3,0,0,1,0
191,14089,0,0,10,4,0,0,0,13,2,0,1,0,0
191,14090,0,0,0,0,0,0,10,13,3,0,0,1,0
191,14091,0,0,0,0,0,0,10,13,3,0,0,1,0
192,14159,0,0,10,3,0,0,0,13,2,0,1,0,0
193,14255,0,0,10,4,0,0,0,13,2,0,1,0,0
195,14406,0,0,10,7,0,0,0,13,2,0,1,0,0
195,14407,0,0,0,0,0,10,0,13,3,0,0,0.999082668213037,0.000917331786963066
195,14408,0,0,0,0,0,10,0,13,3,0,0,0.998676500964454,0.00132349903554617
195,14409,0,0,0,0,0,10,0,13,3,0,0,0.998676500964454,0.00132349903554617
195,14410,8,10,0,0,0,3,0,13,1,1,0,0,0
195,14411,10,10,0,0,0,0,0,13,1,1,0,0,0
195,14412,4,8,0,0,0,7,0,13,1,1,0,0,0
196,14463,0,0,0,0,0,0,10,13,3,0,0,1,0
196,14464,0,0,9,5,0,0,2,13,2,0,1,0,0
196,14465,0,0,0,0,0,0,10,13,3,0,0,1,0
197,14580,0,0,0,0,0,10,0,13,3,0,0,0.998676500964454,0.00132349903554617
197,14581,0,0,0,0,0,7,4,13,4,0,0,0,1
198,14741,0,0,0,0,0,10,0,13,3,0,0,0.992460886539551,0.00753911346044864
198,14742,0,0,0,0,0,10,0,13,3,0,0,0.998676500964454,0.00132349903554617
198,14743,0,0,0,0,0,10,0,13,3,0,0,0.998676500964454,0.00132349903554617
198,14744,0,0,0,0,0,10,0,13,3,0,0,0.998676500964454,0.00132349903554617
198,14745,0,0,0,0,0,10,0,13,3,0,0,0.998676500964454,0.00132349903554617
198,14746,0,0,0,0,0,10,0,13,3,0,0,0.998676500964454,0.00132349903554617
199,14830,0,0,10,5,0,0,0,13,2,0,1,0,0
200,14899,0,0,0,0,0,0,10,13,3,0,0,1,0
200,14900,0,0,0,0,0,10,0,13,3,0,0,0.998676500964454,0.00132349903554617
200,14901,10,7,0,0,0,0,0,13,1,1,0,0,0
200,14902,0,0,9,3,0,0,2,13,2,0,1,0,0
200,14903,0,0,0,0,0,9,2,13,4,4.28755022603877e-05,0,0,0.99995712449774
200,14904,8,2,0,0,0,3,0,13,2,0,1,0,0
200,14905,10,4,0,0,0,0,0,13,1,1,0,0,0
200,14906,10,0,0,0,0,0,0,13,1,1,0,0,0
200,14907,0,0,0,0,0,0,10,13,3,0,0,1,0
201,15142,0,0,0,0,4,4,0,13,4,0.000912695841222363,0,0,0.999087304158778
201,15143,2,4,0,0,5,1,0,13,1,1,0,0,0
201,15144,0,0,0,0,5,1,0,13,4,0.00500793091559383,0,0,0.994992069084406
201,15145,0,0,0,0,1,1,0,13,1,1,0,0,0
201,15146,1,6,0,0,5,2,0,13,1,1,0,0,0
201,15147,2,5,0,0,5,1,0,13,1,1,0,0,0
201,15148,0,0,0,0,5,1,0,13,4,0.00500793091559383,0,0,0.994992069084406
201,15149,0,0,0,0,5,2,0,13,4,0.000928267776565985,0,0,0.999071732223434
201,15150,0,0,0,0,0,0,10,13,3,0,0,1,0
201,15151,0,0,0,0,4,4,0,13,4,0.000912695841222363,0,0,0.999087304158778
201,15152,0,0,0,0,5,1,0,13,4,0.000624491537820626,0,0,0.999375508462179
201,15153,0,0,0,0,6,1,0,13,4,8.46762646996677e-05,0,0,0.9999153237353
201,15154,1,4,0,0,5,1,0,13,1,1,0,0,0
201,15155,0,0,0,0,5,1,0,13,4,0.00500793091559383,0,0,0.994992069084406
201,15156,0,0,0,0,5,1,0,13,4,0.000624491537820626,0,0,0.999375508462179
201,15157,0,0,0,0,6,0,0,13,4,0.000190728047594688,0,0,0.999809271952405
201,15158,4,4,0,0,4,1,0,13,1,1,0,0,0
202,15287,0,0,0,0,0,10,0,13,3,0,0,0.996967260645994,0.0030327393540062
202,15288,7,8,0,0,0,3,0,13,1,1,0,0,0
202,15289,10,9,0,0,0,0,0,13,1,1,0,0,0
202,15290,0,0,0,0,0,0,10,13,3,0,0,1,0
202,15291,0,0,0,0,0,0,10,13,3,0,0,1,0
202,15292,0,0,0,0,0,10,0,13,3,0,0,0.998676500964454,0.00132349903554617
202,15293,10,10,0,0,0,0,0,13,1,1,0,0,0
202,15294,0,0,0,0,0,10,0,13,3,0,0,0.996967260645994,0.0030327393540062
202,15295,0,0,8,7,0,0,3,13,2,0,1,0,0
202,15296,0,0,0,0,0,10,0,13,3,0,0,0.999082668213037,0.000917331786963066
202,15297,0,0,0,0,0,10,0,13,3,0,0,0.998676500964454,0.00132349903554617
202,15298,0,0,10,0,0,0,0,13,2,0,0.949189408185886,0.050810591814114,0
202,15299,0,0,0,0,0,10,0,13,3,0,0,0.999082668213037,0.000917331786963066
202,15300,0,0,0,0,0,10,0,13,3,0,0,0.998676500964454,0.00132349903554617
202,15301,0,0,0,0,0,10,0,13,3,0,0,0.998676500964454,0.00132349903554617
202,15302,0,0,0,0,0,10,0,13,3,0,0,0.998676500964454,0.00132349903554617
202,15303,0,0,0,0,0,9,3,13,4,1.27657028505065e-05,0,0,0.99998723429715
202,15304,8,10,0,0,0,3,0,13,1,1,0,0,0
202,15305,0,0,0,0,0,10,0,13,3,0,0,0.996967260645994,0.0030327393540062
203,15357,0,0,10,3,0,0,0,13,2,0,1,0,0
203,15358,0,0,0,0,0,0,10,13,3,0,0,1,0
206,15495,0,0,0,0,0,0,10,13,3,0,0,1,0
206,15496,0,0,0,0,0,0,10,13,3,0,0,1,0
206,15497,0,0,10,6,0,0,0,13,2,0,1,0,0
208,15547,0,0,10,2,0,0,1,13,2,0,1,0,0
209,15641,0,0,0,0,0,10,0,13,3,0,0,0.999082668213037,0.000917331786963066
209,15642,0,0,0,0,0,10,0,13,3,0,0,0.998676500964454,0.00132349903554617
209,15643,0,0,10,10,0,0,0,13,2,0,1,0,0
209,15644,0,0,0,0,0,10,0,13,3,0,0,0.999082668213037,0.000917331786963066
209,15645,0,0,0,0,3,9,0,13,4,0.000260712607718533,0,0,0.999739287392282
209,15646,5,3,0,0,0,6,0,13,1,0.90544682579733,0,0,0.0945531742026699
209,15647,10,10,0,0,0,0,0,13,1,1,0,0,0
209,15648,0,0,0,0,0,10,0,13,3,0,0,0.996967260645994,0.0030327393540062
210,15713,0,0,10,3,0,0,0,13,2,0,1,0,0
211,15764,0,0,10,3,0,0,0,13,2,0,1,0,0
214,15936,0,0,0,0,0,10,0,13,3,0,0,0.999082668213037,0.000917331786963066
214,15937,0,0,0,0,0,10,0,13,3,0,0,0.998676500964454,0.00132349903554617
214,15938,0,0,0,0,0,10,0,13,3,0,0,0.998676500964454,0.00132349903554617
214,15939,0,0,0,0,0,10,0,13,3,0,0,0.998676500964454,0.00132349903554617
214,15940,0,0,0,0,0,10,0,13,3,0,0,0.998676500964454,0.00132349903554617
214,15941,0,0,0,0,0,10,0,13,3,0,0,0.998676500964454,0.00132349903554617
214,15942,0,0,0,0,0,10,0,13,3,0,0,0.998676500964454,0.00132349903554617
214,15943,0,0,0,0,0,0,10,13,3,0,0,1,0
215,15960,0,0,10,3,0,0,0,13,2,0,1,0,0
216,16047,0,0,10,10,0,0,0,13,2,0,1,0,0
218,16069,0,0,10,3,0,0,0,13,2,0,1,0,0
218,16070,0,0,0,0,0,10,0,13,3,0,0,0.999082668213037,0.000917331786963066
218,16071,0,0,0,0,0,0,10,13,3,0,0,1,0
220,16136,0,0,0,0,0,10,0,13,3,0,0,0.998676500964454,0.00132349903554617
220,16137,0,0,0,0,0,10,0,13,3,0,0,0.998676500964454,0.00132349903554617
221,16235,0,0,10,3,0,0,0,13,2,0,1,0,0
221,16236,0,0,0,0,0,10,0,13,3,0,0,0.999082668213037,0.000917331786963066
222,16347,0,0,0,0,0,10,0,13,3,0,0,0.998676500964454,0.00132349903554617
222,16348,0,0,0,0,0,0,10,13,3,0,0,1,0
222,16349,0,0,9,2,0,1,1,13,2,0,1,0,0
222,16350,0,0,0,0,0,10,0,13,3,0,0,0.999082668213037,0.000917331786963066
222,16351,0,0,0,0,0,8,3,13,4,3.9667196681661e-05,0,0,0.999960332803318
222,16352,0,0,0,0,0,10,0,13,3,0,0,0.992460886539551,0.00753911346044864
222,16353,0,0,0,0,0,0,10,13,3,0,0,1,0
222,16354,0,0,0,0,0,9,2,13,4,4.47299760084607e-05,0,0,0.999955270023992
222,16355,0,0,0,0,0,0,10,13,3,0,0,1,0
222,16356,0,0,0,0,0,0,10,13,3,0,0,1,0
222,16357,0,0,0,0,0,0,10,13,3,0,0,1,0
222,16358,0,0,0,0,0,10,0,13,3,0,0,0.998676500964454,0.00132349903554617
222,16359,0,0,0,0,0,0,10,13,3,0,0,1,0
222,16360,0,0,0,0,0,5,6,13,4,7.10831409546307e-05,0.000253226415816609,0,0.999675690443229
222,16361,0,0,0,0,0,10,0,13,3,0,0,0.992460886539551,0.00753911346044864
223,16473,0,0,10,10,0,0,0,13,2,0,1,0,0
225,16580,0,0,0,0,0,0,10,13,3,0,0,1,0
225,16581,0,0,0,0,0,0,10,13,3,0,0,1,0
225,16582,0,0,0,0,0,0,10,13,3,0,0,1,0
225,16583,0,0,0,0,0,0,10,13,3,0,0,1,0
225,16584,0,0,0,0,0,0,10,13,3,0,0,1,0
225,16585,0,0,0,0,0,0,10,13,3,0,0,1,0
225,16586,0,0,9,2,0,0,2,13,2,0,1,0,0
225,16587,0,0,0,0,0,0,10,13,3,0,0,1,0
225,16588,0,0,0,0,0,10,0,13,3,0,0,0.998676500964454,0.00132349903554617
225,16589,0,0,0,0,0,8,3,13,4,3.9667196681661e-05,0,0,0.999960332803318
225,16590,10,10,0,0,0,0,0,13,1,1,0,0,0
228,16728,0,0,0,0,0,10,0,13,3,0,0,0.996967260645994,0.0030327393540062
228,16729,0,0,0,0,0,10,0,13,3,0,0,0.998676500964454,0.00132349903554617
228,16730,0,0,0,0,0,10,0,13,3,0,0,0.998676500964454,0.00132349903554617
228,16731,0,0,0,0,0,10,0,13,3,0,0,0.998676500964454,0.00132349903554617
228,16732,0,0,0,0,5,2,0,13,4,0.00123198217808426,0,0,0.998768017821916
228,16733,0,0,0,0,0,10,0,13,3,0,0,0.992460886539551,0.00753911346044864
228,16734,0,0,0,0,0,10,0,13,3,0,0,0.998676500964454,0.00132349903554617
228,16735,5,8,0,0,3,2,0,13,1,1,0,0,0
228,16736,10,8,0,0,0,1,0,13,1,1,0,0,0
228,16737,10,8,0,0,0,1,0,13,1,1,0,0,0
228,16738,10,6,0,0,0,0,0,13,1,1,0,0,0
228,16739,2,10,0,0,0,9,0,13,1,1,0,0,0
228,16740,4,7,0,0,2,3,0,13,1,1,0,0,0
228,16741,8,10,0,0,1,2,0,13,1,1,0,0,0
228,16742,9,8,0,0,0,2,0,13,1,1,0,0,0
228,16743,0,0,0,0,0,10,0,13,3,0,0,0.996967260645994,0.0030327393540062
228,16744,5,6,0,0,0,6,0,13,1,1,0,0,0
228,16745,4,8,0,0,3,1,0,13,1,1,0,0,0
229,16856,0,0,0,0,0,0,10,13,3,0,0,1,0
229,16857,0,0,0,0,0,10,0,13,3,0,0,0.998676500964454,0.00132349903554617
229,16858,0,0,0,0,0,10,0,13,3,0,0,0.998676500964454,0.00132349903554617
229,16859,5,10,3,9,0,4,0,13,4,0,0,0,1
229,16860,0,0,0,0,0,0,10,13,3,0,0,1,0
230,16956,0,0,10,10,0,0,0,13,2,0,1,0,0
230,16957,0,0,0,0,0,10,0,13,3,0,0,0.999082668213037,0.000917331786963066
230,16958,0,0,0,0,0,10,0,13,3,0,0,0.998676500964454,0.00132349903554617
230,16959,2,10,0,0,0,9,0,13,1,1,0,0,0
231,17032,0,0,9,3,0,0,2,13,2,0,1,0,0
231,17033,0,0,0,0,0,0,10,13,3,0,0,1,0
231,17034,0,0,0,0,0,0,10,13,3,0,0,1,0
232,17169,0,0,10,3,0,0,0,13,2,0,1,0,0
232,17170,1,0,0,0,0,9,2,13,4,0.00128384208292499,0,0,0.998716157917075
233,17197,0,0,10,7,0,0,0,13,2,0,1,0,0
233,17198,0,0,0,0,0,0,10,13,3,0,0,1,0
233,17199,0,0,0,0,0,0,10,13,3,0,0,1,0
234,17301,0,0,10,9,0,0,0,13,2,0,1,0,0
234,17302,0,0,0,0,0,10,0,13,3,0,0,0.999082668213037,0.000917331786963066
234,17303,0,0,0,0,0,10,0,13,3,0,0,0.998676500964454,0.00132349903554617
234,17304,0,0,0,0,0,10,0,13,3,0,0,0.998676500964454,0.00132349903554617
234,17305,0,0,0,0,0,10,0,13,3,0,0,0.998676500964454,0.00132349903554617
234,17306,0,0,0,0,0,10,0,13,3,0,0,0.998676500964454,0.00132349903554617
234,17307,0,0,0,0,0,10,0,13,3,0,0,0.998676500964454,0.00132349903554617
234,17308,0,0,0,0,0,10,0,13,3,0,0,0.998676500964454,0.00132349903554617
234,17309,0,0,0,0,0,10,0,13,3,0,0,0.998676500964454,0.00132349903554617
234,17310,10,3,0,0,0,0,0,13,1,1,0,0,0
236,17476,0,0,0,0,0,0,10,13,3,0,0,1,0
236,17477,0,0,0,0,0,10,0,13,3,0,0,0.998676500964454,0.00132349903554617
236,17478,0,0,0,0,0,0,10,13,3,0,0,1,0
236,17479,10,7,0,0,0,0,0,13,1,1,0,0,0
236,17480,0,0,0,0,0,0,10,13,3,0,0,1,0
237,17590,0,0,10,6,0,0,0,13,2,0,1,0,0
237,17591,0,0,0,0,0,10,0,13,3,0,0,0.999082668213037,0.000917331786963066
237,17592,5,0,0,0,0,0,6,13,4,0.0256617275980315,0.000416477442596709,0,0.973921794959372
237,17593,0,0,0,0,0,0,10,13,3,0,0,1,0
239,17715,0,0,0,0,0,10,0,13,3,0,0,0.998676500964454,0.00132349903554617
239,17716,0,0,0,0,0,6,6,13,4,2.06581176258391e-05,2.60673098514395e-05,0,0.999953274572523
239,17717,0,0,0,0,0,10,0,13,3,0,0,0.992460886539551,0.00753911346044864
241,17813,0,0,0,0,0,4,7,13,4,0.000202212029136546,0,0,0.999797787970863
241,17814,0,0,0,0,0,10,0,13,3,0,0,0.992460886539551,0.00753911346044864
241,17815,0,0,0,0,0,10,0,13,3,0,0,0.998676500964454,0.00132349903554617
241,17816,0,0,0,0,0,10,0,13,3,0,0,0.998676500964454,0.00132349903554617
241,17817,0,0,0,0,0,10,0,13,3,0,0,0.998676500964454,0.00132349903554617
241,17818,0,0,0,0,0,10,0,13,3,0,0,0.998676500964454,0.00132349903554617
241,17819,0,0,0,0,0,10,0,13,3,0,0,0.998676500964454,0.00132349903554617
241,17820,0,0,0,0,0,10,0,13,3,0,0,0.998676500964454,0.00132349903554617
241,17821,0,0,0,0,0,10,0,13,3,0,0,0.998676500964454,0.00132349903554617
241,17822,3,6,0,0,2,5,0,13,1,1,0,0,0
241,17823,0,0,0,0,0,0,0,13,3,0.00262762964827625,0.000451534735387461,0.958955804688573,0.0379650309277634
241,17824,9,4,0,0,2,0,0,13,1,1,0,0,0
241,17825,0,0,0,0,6,2,0,13,4,0.00101315953813009,0,0,0.99898684046187
241,17826,10,0,0,0,0,0,0,13,1,1,0,0,0
241,17827,10,6,0,0,0,0,0,13,1,1,0,0,0
241,17828,2,6,0,0,5,1,0,13,1,1,0,0,0
241,17829,5,5,0,0,6,0,0,13,1,1,0,0,0
241,17830,0,0,0,0,0,10,0,13,3,0,0,0.996967260645994,0.0030327393540062
241,17831,0,0,0,0,0,10,0,13,3,0,0,0.998676500964454,0.00132349903554617
241,17832,0,0,0,0,0,10,0,13,3,0,0,0.998676500964454,0.00132349903554617
241,17833,0,0,0,0,0,10,0,13,3,0,0,0.998676500964454,0.00132349903554617
241,17834,2,5,0,0,8,1,0,13,1,1,0,0,0
241,17835,10,10,0,0,0,0,0,13,1,1,0,0,0
241,17836,10,10,0,0,0,0,0,13,1,1,0,0,0
241,17837,0,0,0,0,0,10,0,13,3,0,0,0.996967260645994,0.0030327393540062
241,17838,0,0,0,0,0,10,0,13,3,0,0,0.998676500964454,0.00132349903554617
241,17839,0,0,0,0,6,0,0,13,4,0.000253192375716272,0,0,0.999746807624284
241,17840,0,0,0,0,9,0,0,13,4,0,0,0,1
241,17841,2,4,0,0,8,1,0,13,1,1,0,0,0
241,17842,8,5,0,0,0,3,0,13,1,1,0,0,0
241,17843,0,0,0,0,0,10,0,13,3,0,0,0.996967260645994,0.0030327393540062
241,17844,0,0,0,0,0,10,0,13,3,0,0,0.998676500964454,0.00132349903554617
241,17845,0,0,0,0,0,10,0,13,3,0,0,0.998676500964454,0.00132349903554617
241,17846,0,0,0,0,0,10,0,13,3,0,0,0.998676500964454,0.00132349903554617
241,17847,0,0,0,0,0,10,0,13,3,0,0,0.998676500964454,0.00132349903554617
242,17966,0,0,0,0,0,8,3,13,4,3.9667196681661e-05,0,0,0.999960332803318
242,17967,0,0,0,0,0,10,0,13,3,0,0,0.992460886539551,0.00753911346044864
242,17968,0,0,0,0,0,0,10,13,3,0,0,1,0
242,17969,0,0,10,6,0,0,0,13,2,0,1,0,0
242,17970,0,0,0,0,0,10,0,13,3,0,0,0.999082668213037,0.000917331786963066
243,18022,0,0,10,4,0,0,0,13,2,0,1,0,0
243,18023,0,0,0,0,0,0,10,13,3,0,0,1,0
243,18024,0,0,0,0,0,0,10,13,3,0,0,1,0
244,18127,0,0,10,5,0,0,0,13,2,0,1,0,0
244,18128,0,0,0,0,0,0,10,13,3,0,0,1,0
245,18297,0,0,10,5,0,0,0,13,2,0,1,0,0
245,18298,0,0,0,0,0,0,10,13,3,0,0,1,0
246,18376,0,0,9,5,0,0,2,13,2,0,1,0,0
246,18377,0,0,0,0,0,0,10,13,3,0,0,1,0
246,18378,0,0,0,0,0,0,10,13,3,0,0,1,0
246,18379,0,0,0,0,0,8,3,13,4,3.9667196681661e-05,0,0,0.999960332803318
250,18553,0,0,0,0,0,0,10,13,3,0,0,1,0
250,18554,0,0,0,0,0,10,0,13,3,0,0,0.998676500964454,0.00132349903554617
250,18555,0,0,0,0,0,10,0,13,3,0,0,0.998676500964454,0.00132349903554617
250,18556,0,0,0,0,0,10,0,13,3,0,0,0.998676500964454,0.00132349903554617
250,18557,0,0,0,0,0,0,10,13,3,0,0,1,0
250,18558,0,0,6,4,0,5,0,13,2,0,1,0,0
250,18559,0,0,0,0,0,10,0,13,3,0,0,0.999082668213037,0.000917331786963066
250,18560,0,0,0,0,0,10,0,13,3,0,0,0.998676500964454,0.00132349903554617
251,18610,0,0,10,3,0,0,0,13,2,0,1,0,0
252,18734,0,0,0,0,0,10,0,13,3,0,0,0.999082668213037,0.000917331786963066
252,18735,0,0,0,0,0,9,3,13,4,1.27657028505065e-05,0,0,0.999987234297149
252,18736,0,0,0,0,0,10,0,13,3,0,0,0.992460886539551,0.00753911346044864
252,18737,0,0,0,0,0,10,0,13,3,0,0,0.998676500964454,0.00132349903554617
254,18791,0,0,9,3,0,2,0,13,2,0,1,0,0
257,18856,0,0,0,0,0,0,10,13,3,0,0,1,0
257,18857,0,0,0,0,0,0,10,13,3,0,0,1,0
257,18858,0,0,0,0,0,0,10,13,3,0,0,1,0
259,18933,0,0,10,0,0,0,0,13,2,0,0.949189408185886,0.050810591814114,0
259,18934,0,0,10,5,0,0,0,13,2,0,1,0,0
259,18935,8,9,0,0,0,3,0,13,1,1,0,0,0
259,18936,10,6,0,0,0,1,0,13,1,1,0,0,0
259,18937,6,10,0,0,0,6,0,13,1,0.995940880921654,0,0,0.00405911907834566
259,18938,10,7,0,0,0,0,0,13,1,1,0,0,0
259,18939,9,6,0,0,0,2,0,13,1,1,0,0,0
261,19065,0,0,0,0,0,10,0,13,3,0,0,0.996967260645994,0.0030327393540062
261,19066,0,0,0,0,0,0,10,13,3,0,0,1,0
261,19067,0,0,0,0,0,10,0,13,3,0,0,0.998676500964454,0.00132349903554617
261,19068,0,0,0,0,0,0,10,13,3,0,0,1,0
262,19162,0,0,0,0,0,10,0,13,3,0,0,0.998676500964454,0.00132349903554617
262,19163,0,0,10,3,0,0,0,13,2,0,1,0,0
262,19164,0,0,0,0,0,10,0,13,3,0,0,0.999082668213037,0.000917331786963066
262,19165,0,0,0,0,0,10,0,13,3,0,0,0.998676500964454,0.00132349903554617
262,19166,0,0,0,0,0,10,0,13,3,0,0,0.998676500964454,0.00132349903554617
264,19255,0,0,0,0,0,0,10,13,3,0,0,1,0
264,19256,0,0,0,0,0,0,10,13,3,0,0,1,0
264,19257,0,0,0,0,0,10,0,13,3,0,0,0.998676500964454,0.00132349903554617
264,19258,10,6,0,0,0,0,0,13,1,1,0,0,0
264,19259,10,4,0,0,0,0,0,13,1,1,0,0,0
264,19260,0,0,10,7,0,0,0,13,2,0,1,0,0
264,19261,0,0,0,0,0,0,10,13,3,0,0,1,0
264,19262,0,0,0,0,0,0,10,13,3,0,0,1,0
265,19400,0,0,9,6,0,0,3,13,2,0,1,0,0
265,19401,0,0,0,0,0,0,10,13,3,0,0,1,0
265,19402,0,0,0,0,0,0,10,13,3,0,0,1,0
267,19568,0,0,0,0,0,10,0,13,3,0,0,0.998676500964454,0.00132349903554617
267,19569,0,0,0,0,0,10,0,13,3,0,0,0.998676500964454,0.00132349903554617
267,19570,0,0,0,0,0,10,0,13,3,0,0,0.998676500964454,0.00132349903554617
267,19571,4,10,0,0,0,7,0,13,1,1,0,0,0
267,19572,0,0,0,0,0,10,0,13,3,0,0,0.996967260645994,0.0030327393540062
267,19573,0,0,0,0,0,10,0,13,3,0,0,0.998676500964454,0.00132349903554617
268,19632,0,0,0,0,0,0,10,13,3,0,0,1,0
268,19633,0,0,0,0,0,0,10,13,3,0,0,1,0
270,19734,0,0,0,0,0,10,0,13,3,0,0,0.998676500964454,0.00132349903554617
270,19735,0,0,0,0,0,10,0,13,3,0,0,0.998676500964454,0.00132349903554617
270,19736,0,0,0,0,0,10,0,13,3,0,0,0.998676500964454,0.00132349903554617
271,19783,0,0,8,7,0,0,3,13,2,0,1,0,0
271,19784,0,0,0,0,0,10,0,13,3,0,0,0.999082668213037,0.000917331786963066
271,19785,0,0,0,0,0,10,0,13,3,0,0,0.998676500964454,0.00132349903554617
271,19786,0,0,0,0,0,0,10,13,3,0,0,1,0
271,19787,0,0,0,0,0,10,0,13,3,0,0,0.998676500964454,0.00132349903554617
271,19788,0,0,0,0,0,0,10,13,3,0,0,1,0
276,20139,0,0,0,0,0,10,0,13,3,0,0,0.998676500964454,0.00132349903554617
276,20140,0,0,10,7,0,0,0,13,2,0,1,0,0
276,20141,0,0,0,0,0,10,0,13,3,0,0,0.999082668213037,0.000917331786963066
276,20142,0,0,0,0,0,10,0,13,3,0,0,0.998676500964454,0.00132349903554617
276,20143,6,10,0,0,0,6,0,13,1,0.97586942864417,0,0,0.0241305713558301
276,20144,0,0,0,0,0,10,0,13,3,0,0,0.996967260645994,0.0030327393540062
276,20145,0,0,0,0,0,10,0,13,3,0,0,0.998676500964454,0.00132349903554617
276,20146,0,0,0,0,0,10,0,13,3,0,0,0.998676500964454,0.00132349903554617
276,20147,0,0,0,0,0,10,0,13,3,0,0,0.998676500964454,0.00132349903554617
276,20148,0,0,0,0,0,10,0,13,3,0,0,0.998676500964454,0.00132349903554617
276,20149,0,0,0,0,0,10,0,13,3,0,0,0.998676500964454,0.00132349903554617
276,20150,0,0,0,0,0,10,0,13,3,0,0,0.998676500964454,0.00132349903554617
276,20151,0,0,0,0,0,10,0,13,3,0,0,0.998676500964454,0.00132349903554617
276,20152,10,7,0,0,0,0,0,13,1,1,0,0,0
276,20153,5,10,0,0,2,3,0,13,1,0.999776305427132,0,0,0.000223694572868099
276,20154,4,8,0,0,3,1,0,13,1,1,0,0,0
276,20155,7,9,0,0,2,2,0,13,1,0.999968409066319,0,0,3.15909336810823e-05
276,20156,10,8,0,0,0,0,0,13,1,1,0,0,0
276,20157,10,9,0,0,0,0,0,13,1,1,0,0,0
276,20158,9,8,0,0,0,2,0,13,1,1,0,0,0
276,20159,0,0,0,0,5,1,0,13,4,0.00500793091559383,0,0,0.994992069084406
276,20160,6,8,0,0,0,5,0,13,1,1,0,0,0
276,20161,0,0,0,0,5,1,0,13,4,0.00500793091559383,0,0,0.994992069084406
276,20162,10,5,0,0,0,0,0,13,1,1,0,0,0
276,20163,10,10,0,0,0,0,0,13,1,1,0,0,0
279,20428,0,0,0,0,0,10,0,13,3,0,0,0.996967260645994,0.0030327393540062
279,20429,0,0,0,0,0,10,0,13,3,0,0,0.998676500964454,0.00132349903554617
279,20430,0,0,0,0,0,10,0,13,3,0,0,0.998676500964454,0.00132349903554617
279,20431,0,0,0,0,0,10,0,13,3,0,0,0.998676500964454,0.00132349903554617
279,20432,0,0,0,0,0,10,0,13,3,0,0,0.998676500964454,0.00132349903554617
279,20433,0,0,0,0,10,0,0,13,2,0,1,0,0
279,20434,0,0,0,0,4,7,0,13,4,0.000297646914589314,0,0,0.999702353085411
279,20435,6,10,0,0,3,3,0,13,1,0.985871159212233,0,0,0.014128840787767
279,20436,10,10,0,0,0,1,0,13,1,1,0,0,0
279,20437,0,0,0,0,0,10,0,13,3,0,0,0.996967260645994,0.0030327393540062
279,20438,0,0,0,0,3,6,0,13,4,0.000603883333738898,0,0,0.999396116666261
279,20439,0,0,0,0,5,1,0,13,4,0.000624491537820626,0,0,0.999375508462179
279,20440,0,0,0,0,6,0,0,13,4,0.000190728047594688,0,0,0.999809271952405
279,20441,0,0,0,0,0,10,0,13,3,0,0,0.992460886539551,0.00753911346044864
279,20442,0,0,0,0,0,10,0,13,3,0,0,0.998676500964454,0.00132349903554617
279,20443,0,0,0,0,0,10,0,13,3,0,0,0.998676500964454,0.00132349903554617
279,20444,0,0,0,0,0,10,0,13,3,0,0,0.998676500964454,0.00132349903554617
279,20445,0,0,0,0,0,0,10,13,3,0,0,1,0
279,20446,0,0,0,0,6,3,0,13,4,0.000145991608651612,0,0,0.999854008391348
280,20506,0,0,0,0,0,10,0,13,3,0,0,0.992460886539551,0.00753911346044864
280,20507,0,0,0,0,0,10,0,13,3,0,0,0.998676500964454,0.00132349903554617
280,20508,0,0,0,0,0,10,0,13,3,0,0,0.998676500964454,0.00132349903554617
280,20509,0,0,10,5,0,0,0,13,2,0,1,0,0
280,20510,0,0,0,0,0,10,0,13,3,0,0,0.999082668213037,0.000917331786963066
280,20511,0,0,0,0,0,10,0,13,3,0,0,0.998676500964454,0.00132349903554617
281,20583,0,0,0,0,0,10,0,13,3,0,0,0.998676500964454,0.00132349903554617
281,20584,0,0,9,5,0,2,0,13,2,0,1,0,0
281,20585,0,0,0,0,0,10,0,13,3,0,0,0.999082668213037,0.000917331786963066
281,20586,0,0,0,0,0,10,0,13,3,0,0,0.998676500964454,0.00132349903554617
281,20587,0,0,0,0,0,10,0,13,3,0,0,0.998676500964454,0.00132349903554617
281,20588,0,0,0,0,0,10,0,13,3,0,0,0.998676500964454,0.00132349903554617
282,20657,0,0,0,0,0,0,10,13,3,0,0,1,0
282,20658,0,0,10,3,0,0,0,13,2,0,1,0,0
282,20659,0,0,0,0,0,0,10,13,3,0,0,1,0
282,20660,0,0,0,0,0,10,0,13,3,0,0,0.998676500964454,0.00132349903554617
282,20661,0,0,0,0,0,10,0,13,3,0,0,0.998676500964454,0.00132349903554617
282,20662,0,0,0,0,0,10,0,13,3,0,0,0.998676500964454,0.00132349903554617
282,20663,0,0,0,0,0,10,0,13,3,0,0,0.998676500964454,0.00132349903554617
282,20664,0,0,0,0,0,10,0,13,3,0,0,0.998676500964454,0.00132349903554617
282,20665,0,0,0,0,0,10,0,13,3,0,0,0.998676500964454,0.00132349903554617
282,20666,0,0,0,0,0,10,0,13,3,0,0,0.998676500964454,0.00132349903554617
282,20667,1,5,0,0,5,1,0,13,1,1,0,0,0
282,20668,1,10,0,0,6,1,0,13,1,0.759467694979167,0,0,0.240532305020833
283,20842,0,0,0,0,0,0,10,13,3,0,0,1,0
283,20843,0,0,10,4,0,0,0,13,2,0,1,0,0
283,20844,0,0,0,0,0,10,0,13,3,0,0,0.999082668213037,0.000917331786963066
283,20845,2,10,0,0,0,9,0,13,1,1,0,0,0
283,20846,0,0,0,0,0,10,0,13,3,0,0,0.996967260645994,0.0030327393540062
283,20847,0,0,0,0,0,10,0,13,3,0,0,0.998676500964454,0.00132349903554617
285,20949,0,0,0,0,0,0,10,13,3,0,0,1,0
285,20950,0,0,10,0,0,0,0,13,2,0,0.949189408185886,0.050810591814114,0
285,20951,0,0,10,7,0,0,0,13,2,0,1,0,0
286,21120,0,0,0,0,0,0,10,13,3,0,0,1,0
286,21121,0,0,10,5,0,0,0,13,2,0,1,0,0
286,21122,0,0,0,0,0,10,0,13,3,0,0,0.999082668213037,0.000917331786963066
286,21123,9,6,0,0,0,2,0,13,1,1,0,0,0
286,21124,10,10,0,0,0,0,0,13,1,1,0,0,0
286,21125,10,10,0,0,0,0,0,13,1,1,0,0,0
286,21126,10,6,0,0,0,0,0,13,1,1,0,0,0
286,21127,0,0,0,0,0,6,6,13,4,0.000125322062722627,1.55037558968513e-05,0,0.99985917418138
287,21183,0,0,10,2,0,0,0,13,2,0,1,0,0
288,21245,0,0,9,0,0,2,0,13,2,0,1,0,0
288,21246,0,0,0,0,0,10,0,13,3,0,0,0.999082668213037,0.000917331786963066
288,21247,0,0,0,0,4,4,0,13,4,0.000912695841222363,0,0,0.999087304158778
289,21303,0,0,10,5,0,0,0,13,2,0,1,0,0
289,21304,0,0,0,0,4,4,0,13,4,0.000874887589822352,0,0,0.999125112410178
289,21305,0,0,0,0,0,10,0,13,3,0,0,0.992460886539551,0.00753911346044864
290,21333,0,0,10,10,0,0,0,13,2,0,1,0,0
292,21419,0,0,0,0,0,10,0,13,3,0,0,0.999082668213037,0.000917331786963066
292,21420,0,0,10,5,0,0,0,13,2,0,1,0,0
294,21566,0,0,0,0,0,10,0,13,3,0,0,0.999082668213037,0.000917331786963066
294,21567,7,9,0,0,0,4,0,13,1,0.99724397586137,0,0,0.00275602413862999
294,21568,0,0,0,0,0,0,10,13,3,0,0,1,0
294,21569,0,0,0,0,0,10,0,13,3,0,0,0.998676500964454,0.00132349903554617
294,21570,0,0,0,0,0,10,0,13,3,0,0,0.998676500964454,0.00132349903554617
294,21571,0,0,0,0,0,10,0,13,3,0,0,0.998676500964454,0.00132349903554617
294,21572,0,0,0,0,0,10,0,13,3,0,0,0.998676500964454,0.00132349903554617
296,21692,0,0,5,7,0,2,5,13,2,0,1,0,0
297,21788,0,0,0,0,8,1,0,13,1,1,0,0,0
297,21789,0,0,10,7,0,0,0,13,2,0,1,0,0
298,21873,0,0,10,5,0,0,0,13,2,0,1,0,0
298,21874,0,0,0,0,0,10,0,13,3,0,0,0.999082668213037,0.000917331786963066
298,21875,0,0,0,0,0,10,0,13,3,0,0,0.998676500964454,0.00132349903554617
300,21934,0,0,10,3,0,0,0,13,2,0,1,0,0
301,22041,0,0,10,3,0,0,0,13,2,0,1,0,0
303,22075,0,0,0,0,0,0,10,13,3,0,0,1,0
303,22076,0,0,0,0,0,0,10,13,3,0,0,1,0
305,22273,0,0,10,6,0,0,0,13,2,0,1,0,0
306,22341,0,0,10,3,0,0,0,13,2,0,1,0,0
309,22407,0,0,10,3,0,0,0,13,2,0,1,0,0
310,22528,0,0,0,0,0,9,3,13,4,1.22364294572544e-05,0,0,0.999987763570543
310,22529,9,9,0,0,0,2,0,13,1,1,0,0,0
310,22530,9,10,0,0,0,0,2,13,1,1,0,0,0
312,22681,0,0,7,5,0,0,4,13,4,0,0,0,1
312,22682,0,0,0,0,0,10,0,13,3,0,0,0.992460886539551,0.00753911346044864
312,22683,0,0,0,0,0,10,0,13,3,0,0,0.998676500964454,0.00132349903554617
312,22684,0,0,0,0,0,10,0,13,3,0,0,0.998676500964454,0.00132349903554617
312,22685,0,0,0,0,0,10,0,13,3,0,0,0.998676500964454,0.00132349903554617
312,22686,0,0,0,0,0,10,0,13,3,0,0,0.998676500964454,0.00132349903554617
313,22795,3,0,0,0,4,4,0,13,1,1,0,0,0
313,22796,5,6,0,0,4,2,0,13,1,1,0,0,0
313,22797,6,6,0,0,1,3,0,13,1,1,0,0,0
313,22798,7,9,4,7,0,0,0,13,4,0,0,0,1
313,22799,10,10,0,0,0,0,0,13,1,1,0,0,0
313,22800,10,5,0,0,0,1,0,13,1,1,0,0,0
313,22801,0,0,0,0,0,10,0,13,3,0,0,0.996967260645994,0.0030327393540062
313,22802,0,0,0,0,0,10,0,13,3,0,0,0.998676500964454,0.00132349903554617
313,22803,0,0,0,0,0,10,0,13,3,0,0,0.998676500964454,0.00132349903554617
313,22804,0,0,0,0,0,10,0,13,3,0,0,0.998676500964454,0.00132349903554617
313,22805,0,0,0,0,0,10,0,13,3,0,0,0.998676500964454,0.00132349903554617
316,22895,7,8,0,0,0,4,0,13,1,1,0,0,0
318,23017,0,0,0,0,0,0,10,13,3,0,0,1,0
318,23018,0,0,0,0,0,0,10,13,3,0,0,1,0
318,23019,0,0,9,3,0,0,2,13,2,0,1,0,0
318,23020,0,0,0,0,0,0,10,13,3,0,0,1,0
318,23021,0,0,0,0,0,6,6,13,4,2.06581176258391e-05,2.60673098514395e-05,0,0.999953274572523
318,23022,0,0,0,0,0,0,10,13,3,0,0,1,0
320,23116,0,0,0,0,0,10,0,13,3,0,0,0.998676500964454,0.00132349903554617
320,23117,0,0,6,3,0,3,2,13,2,0,1,0,0
320,23118,0,0,0,0,0,10,0,13,3,0,0,0.999082668213037,0.000917331786963066
320,23119,0,0,0,0,0,10,0,13,3,0,0,0.998676500964454,0.00132349903554617
321,23249,0,0,0,0,0,10,0,13,3,0,0,0.998676500964454,0.00132349903554617
321,23250,0,0,0,0,0,10,0,13,3,0,0,0.998676500964454,0.00132349903554617
321,23251,0,0,0,0,0,10,0,13,3,0,0,0.998676500964454,0.00132349903554617
321,23252,0,0,0,0,0,10,0,13,3,0,0,0.998676500964454,0.00132349903554617
321,23253,0,0,0,0,0,10,0,13,3,0,0,0.998676500964454,0.00132349903554617
321,23254,0,0,0,0,0,10,0,13,3,0,0,0.998676500964454,0.00132349903554617
321,23255,0,0,0,0,0,0,10,13,3,0,0,1,0
321,23256,0,0,0,0,0,10,0,13,3,0,0,0.998676500964454,0.00132349903554617
321,23257,0,0,0,0,0,10,0,13,3,0,0,0.998676500964454,0.00132349903554617
323,23353,0,0,0,0,0,0,10,13,3,0,0,1,0
323,23354,0,0,0,0,0,0,10,13,3,0,0,1,0
323,23355,0,0,10,3,0,0,0,13,2,0,1,0,0
323,23356,0,0,0,0,0,0,10,13,3,0,0,1,0
323,23357,0,0,0,0,0,0,10,13,3,0,0,1,0
323,23358,0,0,0,0,0,0,10,13,3,0,0,1,0
323,23359,0,0,0,0,0,0,10,13,3,0,0,1,0
324,23416,0,0,10,3,0,0,0,13,2,0,1,0,0
324,23417,0,0,0,0,0,10,0,13,3,0,0,0.999082668213037,0.000917331786963066
324,23418,9,7,0,0,0,2,0,13,1,1,0,0,0
325,23572,0,0,10,3,0,0,0,13,2,0,1,0,0
325,23573,0,0,0,0,0,10,0,13,3,0,0,0.999082668213037,0.000917331786963066
325,23574,3,4,0,0,0,8,0,13,1,1,0,0,0
326,23636,0,0,0,0,0,0,10,13,3,0,0,1,0
326,23637,0,0,0,0,0,0,10,13,3,0,0,1,0
326,23638,0,0,0,0,0,0,10,13,3,0,0,1,0
326,23639,0,0,10,4,0,0,0,13,2,0,1,0,0
327,23698,0,0,10,7,0,0,0,13,2,0,1,0,0
329,23860,0,0,0,0,0,0,10,13,3,0,0,1,0
329,23861,0,0,0,0,0,10,0,13,3,0,0,0.998676500964454,0.00132349903554617
329,23862,0,0,0,0,0,10,0,13,3,0,0,0.998676500964454,0.00132349903554617
329,23863,0,0,0,0,0,0,10,13,3,0,0,1,0
329,23864,0,0,0,0,0,7,4,13,4,0,0,0,1
329,23865,0,0,0,0,0,6,6,13,4,1.55610890373834e-05,2.52948598817134e-06,0,0.999981909424974
329,23866,0,0,0,0,0,9,2,13,4,3.36930451599892e-05,0,0,0.99996630695484
329,23867,0,0,0,0,0,10,0,13,3,0,0,0.992460886539551,0.00753911346044864
329,23868,0,0,0,0,0,10,0,13,3,0,0,0.998676500964454,0.00132349903554617
329,23869,0,0,0,0,0,10,0,13,3,0,0,0.998676500964454,0.00132349903554617
329,23870,0,0,0,0,0,10,0,13,3,0,0,0.998676500964454,0.00132349903554617
330,23933,0,0,10,3,0,0,0,13,2,0,1,0,0
333,23975,0,0,6,4,0,5,0,13,2,0,1,0,0
334,24193,10,9,0,0,0,1,0,13,1,1,0,0,0
334,24194,10,9,0,0,0,0,0,13,1,1,0,0,0
334,24195,0,0,0,0,0,10,0,13,3,0,0,0.996967260645994,0.0030327393540062
334,24196,9,7,0,0,0,2,0,13,1,1,0,0,0
334,24197,0,0,0,0,0,10,0,13,3,0,0,0.996967260645994,0.0030327393540062
334,24198,0,0,0,0,0,10,0,13,3,0,0,0.998676500964454,0.00132349903554617
334,24199,0,0,0,0,0,10,0,13,3,0,0,0.998676500964454,0.00132349903554617
334,24200,0,0,0,0,0,0,10,13,3,0,0,1,0
334,24201,0,0,0,0,0,0,10,13,3,0,0,1,0
334,24202,9,8,0,0,0,2,0,13,1,1,0,0,0
334,24203,0,0,0,0,0,10,0,13,3,0,0,0.996967260645994,0.0030327393540062
334,24204,0,0,0,0,0,10,0,13,3,0,0,0.998676500964454,0.00132349903554617
334,24205,0,0,0,0,0,10,0,13,3,0,0,0.998676500964454,0.00132349903554617
334,24206,0,0,0,0,0,10,0,13,3,0,0,0.998676500964454,0.00132349903554617
334,24207,0,0,0,0,0,10,0,13,3,0,0,0.998676500964454,0.00132349903554617
334,24208,0,0,0,0,0,10,0,13,3,0,0,0.998676500964454,0.00132349903554617
334,24209,6,10,0,0,0,4,1,13,1,0.986204223879221,0,0,0.0137957761207792
334,24210,10,8,0,0,0,0,0,13,1,1,0,0,0
334,24211,9,7,0,0,0,2,0,13,1,1,0,0,0
334,24212,9,8,0,0,0,2,0,13,1,1,0,0,0
334,24213,0,0,0,0,0,10,0,13,3,0,0,0.996967260645994,0.0030327393540062
334,24214,9,7,0,0,0,2,0,13,1,1,0,0,0
334,24215,0,0,0,0,0,10,0,13,3,0,0,0.996967260645994,0.0030327393540062
334,24216,0,0,0,0,0,10,0,13,3,0,0,0.998676500964454,0.00132349903554617
334,24217,0,0,0,0,0,10,0,13,3,0,0,0.998676500964454,0.00132349903554617
334,24218,0,0,0,0,0,10,0,13,3,0,0,0.998676500964454,0.00132349903554617
334,24219,0,0,0,0,0,10,0,13,3,0,0,0.998676500964454,0.00132349903554617
334,24220,0,0,0,0,0,10,0,13,3,0,0,0.998676500964454,0.00132349903554617
334,24221,8,6,0,0,0,3,0,13,1,1,0,0,0
334,24222,8,7,0,0,0,3,0,13,1,1,0,0,0
334,24223,0,0,0,0,0,10,0,13,3,0,0,0.996967260645994,0.0030327393540062
334,24224,8,7,0,0,0,3,0,13,1,1,0,0,0
335,24307,0,0,10,4,0,0,0,13,2,0,1,0,0
335,24308,0,0,0,0,0,10,0,13,3,0,0,0.999082668213037,0.000917331786963066
335,24309,0,0,0,0,0,10,0,13,3,0,0,0.998676500964454,0.00132349903554617
335,24310,0,0,0,0,0,10,0,13,3,0,0,0.998676500964454,0.00132349903554617
335,24311,0,0,0,0,0,10,0,13,3,0,0,0.998676500964454,0.00132349903554617
336,24376,0,0,10,5,0,0,0,13,2,0,1,0,0
336,24377,0,0,0,0,0,10,0,13,3,0,0,0.999082668213037,0.000917331786963066
336,24378,0,0,0,0,0,10,0,13,3,0,0,0.998676500964454,0.00132349903554617
336,24379,10,8,0,0,0,0,0,13,1,1,0,0,0
337,24408,0,0,9,2,0,0,2,13,2,0,1,0,0
337,24409,0,0,0,0,0,0,10,13,3,0,0,1,0
339,24524,0,0,0,0,0,0,10,13,3,0,0,1,0
339,24525,0,0,10,10,0,0,0,13,2,0,1,0,0
339,24526,0,0,0,0,0,0,10,13,3,0,0,1,0
339,24527,0,0,0,0,0,0,10,13,3,0,0,1,0
339,24528,0,0,0,0,0,10,0,13,3,0,0,0.998676500964454,0.00132349903554617
339,24529,0,0,0,0,0,10,0,13,3,0,0,0.998676500964454,0.00132349903554617
339,24530,0,0,0,0,0,10,0,13,3,0,0,0.998676500964454,0.00132349903554617
339,24531,0,0,0,0,0,10,0,13,3,0,0,0.998676500964454,0.00132349903554617
339,24532,0,0,0,0,0,10,0,13,3,0,0,0.998676500964454,0.00132349903554617
339,24533,0,0,0,0,0,0,10,13,3,0,0,1,0
339,24534,0,0,0,0,0,0,10,13,3,0,0,1,0
339,24535,0,0,0,0,0,0,10,13,3,0,0,1,0
340,24581,0,0,10,7,0,0,0,13,2,0,1,0,0
341,24629,0,0,10,5,0,0,0,13,2,0,1,0,0
342,24653,0,0,0,0,0,10,0,13,3,0,0,0.999082668213037,0.000917331786963066
342,24654,0,0,0,0,0,10,0,13,3,0,0,0.998676500964454,0.00132349903554617
342,24655,0,0,0,0,0,10,0,13,3,0,0,0.998676500964454,0.00132349903554617
342,24656,0,0,0,0,0,10,0,13,3,0,0,0.998676500964454,0.00132349903554617
342,24657,3,6,0,0,0,8,0,13,1,1,0,0,0
342,24658,2,10,0,0,1,7,0,13,1,1,0,0,0
342,24659,0,0,0,0,0,10,0,13,3,0,0,0.996967260645994,0.0030327393540062
343,24772,0,0,0,0,0,10,0,13,3,0,0,0.998676500964454,0.00132349903554617
343,24773,0,0,0,0,0,10,0,13,3,0,0,0.998676500964454,0.00132349903554617
343,24774,0,0,0,0,0,10,0,13,3,0,0,0.998676500964454,0.00132349903554617
343,24775,0,0,10,1,0,0,0,13,2,0,1,0,0
343,24776,0,0,0,0,0,10,0,13,3,0,0,0.999082668213037,0.000917331786963066
343,24777,0,0,0,0,0,10,0,13,3,0,0,0.998676500964454,0.00132349903554617
343,24778,0,0,0,0,0,10,0,13,3,0,0,0.998676500964454,0.00132349903554617
343,24779,0,0,0,0,0,10,0,13,3,0,0,0.998676500964454,0.00132349903554617
343,24780,0,0,0,0,0,0,10,13,3,0,0,1,0
344,24917,0,0,0,0,0,10,0,13,3,0,0,0.998676500964454,0.00132349903554617
345,24949,0,0,0,0,0,10,0,13,3,0,0,0.998676500964454,0.00132349903554617
345,24950,0,0,0,0,0,10,0,13,3,0,0,0.998676500964454,0.00132349903554617
345,24951,0,0,0,0,0,10,0,13,3,0,0,0.998676500964454,0.00132349903554617
348,25057,0,0,10,10,0,0,0,13,2,0,1,0,0
349,25229,0,0,10,3,0,0,0,13,2,0,1,0,0
349,25230,0,0,0,0,3,6,0,13,4,0.000578860169815077,0,0,0.999421139830185
349,25231,0,0,0,0,0,0,10,13,3,0,0,1,0
349,25232,0,0,0,0,0,0,10,13,3,0,0,1,0
351,25323,0,0,0,0,0,10,0,13,3,0,0,0.998676500964454,0.00132349903554617
351,25324,0,0,10,6,0,0,0,13,2,0,1,0,0
351,25325,0,0,0,0,0,10,0,13,3,0,0,0.999082668213037,0.000917331786963066
351,25326,0,0,0,0,0,10,0,13,3,0,0,0.998676500964454,0.00132349903554617
351,25327,0,0,0,0,0,10,0,13,3,0,0,0.998676500964454,0.00132349903554617
353,25417,0,0,0,0,0,0,10,13,3,0,0,1,0
353,25418,0,0,0,0,0,0,10,13,3,0,0,1,0
354,25503,0,0,0,0,0,0,10,13,3,0,0,1,0
354,25504,0,0,8,7,0,0,3,13,2,0,1,0,0
354,25505,0,0,0,0,0,10,0,13,3,0,0,0.999082668213037,0.000917331786963066
354,25506,0,0,0,0,0,10,0,13,3,0,0,0.998676500964454,0.00132349903554617
354,25507,0,0,0,0,0,10,0,13,3,0,0,0.998676500964454,0.00132349903554617
354,25508,0,0,0,0,0,10,0,13,3,0,0,0.998676500964454,0.00132349903554617
354,25509,10,8,0,0,0,1,1,13,1,1,0,0,0
354,25510,7,8,0,0,3,0,0,13,1,1,0,0,0
354,25511,10,4,0,0,0,0,0,13,1,1,0,0,0
354,25512,8,4,0,0,2,1,0,13,1,1,0,0,0
355,25621,0,0,0,0,0,10,0,13,3,0,0,0.996967260645994,0.0030327393540062
355,25622,0,0,0,0,0,10,0,13,3,0,0,0.998676500964454,0.00132349903554617
356,25726,0,0,0,0,0,0,10,13,3,0,0,1,0
356,25727,0,0,0,0,0,7,4,13,4,0,0,0,1
357,25760,0,0,10,2,0,0,0,13,2,0,1,0,0
358,25808,0,0,9,2,0,2,0,13,2,0,1,0,0
358,25809,7,4,0,0,0,4,0,13,1,1,0,0,0
358,25810,10,10,0,0,0,0,0,13,1,1,0,0,0
358,25811,7,6,0,0,0,4,0,13,1,1,0,0,0
359,25926,0,0,0,0,0,10,0,13,3,0,0,0.996967260645994,0.0030327393540062
359,25927,0,0,0,0,0,10,0,13,3,0,0,0.998676500964454,0.00132349903554617
359,25928,0,0,0,0,0,0,10,13,3,0,0,1,0
359,25929,0,0,0,0,0,0,10,13,3,0,0,1,0
359,25930,0,0,0,0,0,10,0,13,3,0,0,0.998676500964454,0.00132349903554617
359,25931,7,9,0,0,0,4,0,13,1,0.99724397586137,0,0,0.00275602413862999
363,26079,0,0,0,0,0,10,0,13,3,0,0,0.996967260645994,0.0030327393540062
363,26080,0,0,0,0,0,0,10,13,3,0,0,1,0
363,26081,0,0,7,10,0,0,4,13,4,0,0,0,1
363,26082,0,0,0,0,0,10,0,13,3,0,0,0.992460886539551,0.00753911346044864
363,26083,0,0,0,0,0,10,0,13,3,0,0,0.998676500964454,0.00132349903554617
363,26084,0,0,0,0,0,10,0,13,3,0,0,0.998676500964454,0.00132349903554617
363,26085,0,0,0,0,0,10,0,13,3,0,0,0.998676500964454,0.00132349903554617
363,26086,0,0,0,0,0,10,0,13,3,0,0,0.998676500964454,0.00132349903554617
363,26087,0,0,0,0,0,10,0,13,3,0,0,0.998676500964454,0.00132349903554617
364,26213,0,0,0,0,0,0,10,13,3,0,0,1,0
364,26214,0,0,9,6,0,0,3,13,2,0,1,0,0
364,26215,0,0,0,0,0,10,0,13,3,0,0,0.999082668213037,0.000917331786963066
364,26216,0,0,0,0,0,9,3,13,4,1.27657028505065e-05,0,0,0.999987234297149
364,26217,0,0,0,0,0,10,0,13,3,0,0,0.992460886539551,0.00753911346044864
364,26218,0,0,0,0,0,0,10,13,3,0,0,1,0
364,26219,0,0,0,0,0,0,10,13,3,0,0,1,0
365,26338,0,0,9,3,0,2,0,13,2,0,1,0,0
365,26339,0,0,0,0,0,0,10,13,3,0,0,1,0
365,26340,0,0,0,0,0,0,10,13,3,0,0,1,0
365,26341,0,0,0,0,0,10,0,13,3,0,0,0.998676500964454,0.00132349903554617
365,26342,0,0,0,0,0,10,0,13,3,0,0,0.998676500964454,0.00132349903554617
365,26343,0,0,0,0,5,1,0,13,4,0.000828897663527347,0,0,0.999171102336473
365,26344,0,0,0,0,6,0,0,13,4,0.000190728047594688,0,0,0.999809271952405
365,26345,2,10,0,0,5,1,0,13,1,1,0,0,0
365,26346,0,0,0,0,6,0,0,13,4,0.00153416286881941,0,0,0.998465837131181
365,26347,0,0,0,0,5,3,0,13,4,0.00081091470632342,0,0,0.999189085293676
365,26348,1,0,0,0,5,0,0,13,4,0.040493597124917,0,0,0.959506402875083
365,26349,10,3,0,0,0,1,0,13,1,1,0,0,0
365,26350,0,0,0,0,0,10,0,13,3,0,0,0.996967260645994,0.0030327393540062
367,26477,0,0,10,10,0,0,0,13,2,0,1,0,0
367,26478,0,0,0,0,0,10,0,13,3,0,0,0.999082668213037,0.000917331786963066
367,26479,0,0,0,0,0,10,0,13,3,0,0,0.998676500964454,0.00132349903554617
367,26480,0,0,0,0,0,10,0,13,3,0,0,0.998676500964454,0.00132349903554617
367,26481,0,0,0,0,0,10,0,13,3,0,0,0.998676500964454,0.00132349903554617
367,26482,4,10,0,0,0,7,0,13,1,1,0,0,0
367,26483,10,9,0,0,0,0,0,13,1,1,0,0,0
371,26732,0,0,10,4,0,0,0,13,2,0,1,0,0
371,26733,0,0,0,0,0,10,0,13,3,0,0,0.999082668213037,0.000917331786963066
371,26734,0,0,0,0,0,10,0,13,3,0,0,0.998676500964454,0.00132349903554617
372,26808,0,0,0,0,0,0,10,13,3,0,0,1,0
372,26809,0,0,10,3,0,0,0,13,2,0,1,0,0
373,26866,0,0,0,0,0,10,0,13,3,0,0,0.999082668213037,0.000917331786963066
373,26867,0,0,0,0,0,10,0,13,3,0,0,0.998676500964454,0.00132349903554617
373,26868,0,0,0,0,0,10,0,13,3,0,0,0.998676500964454,0.00132349903554617
373,26869,0,0,0,0,0,10,0,13,3,0,0,0.998676500964454,0.00132349903554617
373,26870,10,0,0,0,0,0,0,13,1,1,0,0,0
373,26871,0,0,0,0,0,10,0,13,3,0,0,0.996967260645994,0.0030327393540062
373,26872,0,0,0,0,0,10,0,13,3,0,0,0.998676500964454,0.00132349903554617
374,26938,0,0,10,7,0,0,0,13,2,0,1,0,0
374,26939,0,0,0,0,0,10,0,13,3,0,0,0.999082668213037,0.000917331786963066
376,27013,0,0,0,0,0,9,2,13,4,4.47299760084607e-05,0,0,0.999955270023992
376,27014,0,0,0,0,0,0,10,13,3,0,0,1,0
376,27015,0,0,10,4,0,0,0,13,2,0,1,0,0
376,27016,0,0,0,0,0,10,0,13,3,0,0,0.999082668213037,0.000917331786963066
376,27017,0,0,0,0,0,10,0,13,3,0,0,0.998676500964454,0.00132349903554617
376,27018,0,0,0,0,0,8,3,13,4,3.9667196681661e-05,0,0,0.999960332803318
376,27019,0,0,0,0,0,7,4,13,4,0,0,0,1
376,27020,0,0,0,0,0,10,1,13,3,0,0,0.885769327962905,0.114230672037095
377,27050,0,0,0,0,0,0,10,13,3,0,0,1,0
379,27168,0,0,10,7,0,0,0,13,2,0,1,0,0
380,27285,0,0,10,6,0,0,0,13,2,0,1,0,0
380,27286,0,0,0,0,0,8,3,13,4,3.80226142679742e-05,0,0,0.999961977385732
380,27287,0,0,0,0,0,10,0,13,3,0,0,0.992460886539551,0.00753911346044864
380,27288,0,0,0,0,0,9,2,13,4,4.47299760084607e-05,0,0,0.999955270023992
380,27289,0,0,0,0,0,10,0,13,3,0,0,0.992460886539551,0.00753911346044864
380,27290,0,0,0,0,0,10,0,13,3,0,0,0.998676500964454,0.00132349903554617
380,27291,7,5,0,0,0,4,0,13,1,1,0,0,0
381,27424,0,0,10,6,0,0,0,13,2,0,1,0,0
381,27425,0,0,10,7,0,0,0,13,2,0,1,0,0
381,27426,10,3,0,0,0,0,0,13,1,1,0,0,0
381,27427,0,0,0,0,0,0,10,13,3,0,0,1,0
381,27428,0,0,0,0,0,0,10,13,3,0,0,1,0
382,27547,0,0,10,3,0,0,0,13,2,0,1,0,0
382,27548,0,0,0,0,0,10,0,13,3,0,0,0.999082668213037,0.000917331786963066
382,27549,0,0,0,0,0,10,0,13,3,0,0,0.998676500964454,0.00132349903554617
382,27550,0,0,0,0,0,10,0,13,3,0,0,0.998676500964454,0.00132349903554617
382,27551,0,0,0,0,0,10,0,13,3,0,0,0.998676500964454,0.00132349903554617
383,27782,0,0,10,6,0,0,0,13,2,0,1,0,0
383,27783,0,0,0,0,0,10,0,13,3,0,0,0.999082668213037,0.000917331786963066
383,27784,0,0,0,0,0,10,0,13,3,0,0,0.998676500964454,0.00132349903554617
383,27785,0,0,0,0,0,10,0,13,3,0,0,0.998676500964454,0.00132349903554617
386,27871,0,0,10,6,0,0,0,13,2,0,1,0,0
386,27872,0,0,0,0,0,10,0,13,3,0,0,0.999082668213037,0.000917331786963066
386,27873,0,0,0,0,0,10,0,13,3,0,0,0.998676500964454,0.00132349903554617
386,27874,0,0,0,0,0,0,10,13,3,0,0,1,0
387,28070,0,0,0,0,0,10,0,13,3,0,0,0.998676500964454,0.00132349903554617
387,28071,0,0,9,5,0,2,0,13,2,0,1,0,0
387,28072,0,0,0,0,0,10,0,13,3,0,0,0.999082668213037,0.000917331786963066
387,28073,0,0,0,0,0,10,0,13,3,0,0,0.998676500964454,0.00132349903554617
387,28074,0,0,0,0,0,10,0,13,3,0,0,0.998676500964454,0.00132349903554617
387,28075,0,0,0,0,0,10,0,13,3,0,0,0.998676500964454,0.00132349903554617
387,28076,0,0,0,0,0,10,0,13,3,0,0,0.998676500964454,0.00132349903554617
387,28077,0,0,0,0,6,2,0,13,4,0.00016713515881802,0,0,0.999832864841182
387,28078,0,0,0,0,5,2,0,13,4,0.000928267776565985,0,0,0.999071732223434
387,28079,0,0,0,0,6,3,0,13,4,0.000109971549593253,0,0,0.999890028450407
389,28141,0,0,9,3,0,0,2,13,2,0,1,0,0
390,28231,0,0,0,0,0,0,10,13,3,0,0,1,0
391,28274,9,3,1,6,0,0,1,13,1,1,0,0,0
391,28275,6,4,0,0,0,5,0,13,1,1,0,0,0
391,28276,0,0,0,0,0,10,0,13,3,0,0,0.996967260645994,0.0030327393540062
393,28375,0,0,6,7,0,0,5,13,2,0,1,0,0
393,28376,0,0,0,0,0,0,10,13,3,0,0,1,0
393,28377,0,0,0,0,0,10,0,13,3,0,0,0.998676500964454,0.00132349903554617
393,28378,0,0,0,0,0,10,0,13,3,0,0,0.998676500964454,0.00132349903554617
393,28379,0,0,0,0,0,10,0,13,3,0,0,0.998676500964454,0.00132349903554617
393,28380,0,0,0,0,0,10,0,13,3,0,0,0.998676500964454,0.00132349903554617
393,28381,0,0,0,0,0,0,10,13,3,0,0,1,0
395,28502,0,0,6,4,0,2,4,13,2,0,1,0,0
395,28503,0,0,0,0,0,0,10,13,3,0,0,1,0
397,28728,0,0,0,0,0,0,10,13,3,0,0,1,0
397,28729,0,0,0,0,0,0,10,13,3,0,0,1,0
397,28730,0,0,0,0,0,10,0,13,3,0,0,0.998676500964454,0.00132349903554617
397,28731,0,0,0,0,0,10,0,13,3,0,0,0.998676500964454,0.00132349903554617
397,28732,0,0,0,0,0,10,0,13,3,0,0,0.998676500964454,0.00132349903554617
397,28733,0,0,0,0,0,10,0,13,3,0,0,0.998676500964454,0.00132349903554617
397,28734,0,0,9,3,0,2,0,13,2,0,1,0,0
397,28735,0,0,0,0,0,10,0,13,3,0,0,0.999082668213037,0.000917331786963066
397,28736,0,0,0,0,0,10,0,13,3,0,0,0.998676500964454,0.00132349903554617
397,28737,0,0,0,0,0,10,0,13,3,0,0,0.998676500964454,0.00132349903554617
397,28738,0,0,0,0,0,10,0,13,3,0,0,0.998676500964454,0.00132349903554617
397,28739,0,0,0,0,0,10,0,13,3,0,0,0.998676500964454,0.00132349903554617
397,28740,0,0,0,0,0,10,0,13,3,0,0,0.998676500964454,0.00132349903554617
397,28741,0,0,0,0,0,10,0,13,3,0,0,0.998676500964454,0.00132349903554617
397,28742,0,0,0,0,0,10,0,13,3,0,0,0.998676500964454,0.00132349903554617
397,28743,0,0,0,0,0,10,0,13,3,0,0,0.998676500964454,0.00132349903554617
397,28744,0,0,0,0,0,10,0,13,3,0,0,0.998676500964454,0.00132349903554617
397,28745,0,0,0,0,0,10,0,13,3,0,0,0.998676500964454,0.00132349903554617
397,28746,0,0,0,0,0,10,0,13,3,0,0,0.998676500964454,0.00132349903554617
397,28747,0,0,0,0,3,6,0,13,4,0.000603883333738898,0,0,0.999396116666261
397,28748,0,0,0,0,5,0,0,13,4,0.00140567811501301,0,0,0.998594321884987
397,28749,0,0,0,0,0,10,0,13,3,0,0,0.992460886539551,0.00753911346044864
398,28980,0,0,0,0,0,0,10,13,3,0,0,1,0
398,28981,0,0,0,0,0,10,0,13,3,0,0,0.998676500964454,0.00132349903554617
398,28982,0,0,0,0,0,10,0,13,3,0,0,0.998676500964454,0.00132349903554617
398,28983,8,8,0,0,0,3,1,13,1,1,0,0,0
398,28984,10,7,0,0,0,0,0,13,1,1,0,0,0
398,28985,0,0,0,0,0,10,0,13,3,0,0,0.996967260645994,0.0030327393540062
398,28986,0,0,0,0,0,0,10,13,3,0,0,1,0
399,29191,0,0,10,7,0,0,0,13,2,0,1,0,0
402,29274,0,0,10,2,0,0,0,13,2,0,1,0,0
403,29599,0,0,0,0,0,10,0,13,3,0,0,0.999082668213037,0.000917331786963066
403,29600,0,0,8,6,0,3,0,13,2,0,1,0,0
403,29601,0,0,0,0,0,10,0,13,3,0,0,0.999082668213037,0.000917331786963066
403,29602,0,0,0,0,0,10,0,13,3,0,0,0.998676500964454,0.00132349903554617
403,29603,0,0,0,0,0,10,0,13,3,0,0,0.998676500964454,0.00132349903554617
403,29604,0,0,0,0,0,10,0,13,3,0,0,0.998676500964454,0.00132349903554617
403,29605,0,0,0,0,0,0,10,13,3,0,0,1,0
403,29606,0,0,0,0,0,10,0,13,3,0,0,0.998676500964454,0.00132349903554617
403,29607,0,0,0,0,0,10,0,13,3,0,0,0.998676500964454,0.00132349903554617
403,29608,0,0,0,0,0,0,10,13,3,0,0,1,0
403,29609,0,0,0,0,0,10,0,13,3,0,0,0.998676500964454,0.00132349903554617
403,29610,10,10,0,0,0,0,0,13,1,1,0,0,0
403,29611,0,0,0,0,0,10,0,13,3,0,0,0.996967260645994,0.0030327393540062
403,29612,0,0,0,0,0,10,0,13,3,0,0,0.998676500964454,0.00132349903554617
403,29613,0,0,0,0,0,10,0,13,3,0,0,0.998676500964454,0.00132349903554617
403,29614,0,0,0,0,0,10,0,13,3,0,0,0.998676500964454,0.00132349903554617
403,29615,0,0,0,0,0,10,0,13,3,0,0,0.998676500964454,0.00132349903554617
403,29616,0,0,0,0,0,10,0,13,3,0,0,0.998676500964454,0.00132349903554617
403,29617,0,0,0,0,0,10,0,13,3,0,0,0.998676500964454,0.00132349903554617
403,29618,0,0,0,0,0,10,0,13,3,0,0,0.998676500964454,0.00132349903554617
403,29619,7,9,0,0,0,4,0,13,1,0.99724397586137,0,0,0.00275602413862999
403,29620,9,6,0,0,0,2,0,13,1,1,0,0,0
403,29621,3,5,0,0,7,1,0,13,1,1,0,0,0
403,29622,10,10,0,0,0,0,0,13,1,1,0,0,0
403,29623,0,0,0,0,7,0,0,13,1,1,0,0,0
403,29624,0,0,0,0,8,1,0,13,1,1,0,0,0
403,29625,7,7,0,0,0,4,0,13,1,1,0,0,0
403,29626,9,6,0,0,0,2,0,13,1,1,0,0,0
403,29627,8,4,0,0,0,3,0,13,1,1,0,0,0
403,29628,9,5,0,0,0,2,0,13,1,1,0,0,0
404,29769,10,6,0,0,0,0,0,13,1,1,0,0,0
404,29770,9,6,0,0,0,2,0,13,1,1,0,0,0
404,29771,10,9,0,0,0,0,0,13,1,1,0,0,0
404,29772,0,0,0,0,0,10,0,13,3,0,0,0.996967260645994,0.0030327393540062
404,29773,3,10,0,0,0,8,0,13,1,1,0,0,0
405,29914,0,0,10,3,0,0,0,13,2,0,1,0,0
405,29915,0,0,0,0,0,10,0,13,3,0,0,0.999082668213037,0.000917331786963066
405,29916,0,0,0,0,0,10,0,13,3,0,0,0.998676500964454,0.00132349903554617
405,29917,9,9,0,0,0,2,0,13,1,1,0,0,0
405,29918,10,10,0,0,0,0,0,13,1,1,0,0,0
406,30019,0,0,10,3,0,0,0,13,2,0,1,0,0
407,30078,0,0,10,5,0,0,0,13,2,0,1,0,0
407,30079,0,0,0,0,0,0,10,13,3,0,0,1,0
408,30119,0,0,0,0,0,10,0,13,3,0,0,0.998676500964454,0.00132349903554617
408,30120,0,0,0,0,0,10,0,13,3,0,0,0.998676500964454,0.00132349903554617
408,30121,5,5,0,0,0,6,1,13,1,1,0,0,0
408,30122,0,0,0,0,0,0,10,13,3,0,0,1,0
408,30123,0,0,0,0,0,0,10,13,3,0,0,1,0
409,30187,0,0,0,0,0,0,10,13,3,0,0,1,0
409,30188,0,0,10,6,0,0,0,13,2,0,1,0,0
411,30273,0,0,10,2,0,1,0,13,2,0,1,0,0
412,30310,0,0,10,3,0,0,0,13,2,0,1,0,0
413,30551,0,0,0,0,0,10,0,13,3,0,0,0.999082668213037,0.000917331786963066
413,30552,0,0,0,0,0,10,0,13,3,0,0,0.998676500964454,0.00132349903554617
413,30553,0,0,0,0,0,10,0,13,3,0,0,0.998676500964454,0.00132349903554617
413,30554,0,0,0,0,0,10,0,13,3,0,0,0.998676500964454,0.00132349903554617
413,30555,0,0,0,0,0,10,0,13,3,0,0,0.998676500964454,0.00132349903554617
413,30556,0,0,0,0,0,10,0,13,3,0,0,0.998676500964454,0.00132349903554617
415,30625,0,0,10,4,0,0,0,13,2,0,1,0,0
415,30626,0,0,0,0,0,0,10,13,3,0,0,1,0
415,30627,0,0,0,0,0,10,0,13,3,0,0,0.998676500964454,0.00132349903554617
416,30688,0,0,10,3,0,0,0,13,2,0,1,0,0
416,30689,0,0,0,0,0,10,0,13,3,0,0,0.999082668213037,0.000917331786963066
416,30690,0,0,0,0,0,10,0,13,3,0,0,0.998676500964454,0.00132349903554617
416,30691,0,0,0,0,0,10,0,13,3,0,0,0.998676500964454,0.00132349903554617
416,30692,0,0,0,0,0,10,0,13,3,0,0,0.998676500964454,0.00132349903554617
416,30693,0,0,0,0,0,10,0,13,3,0,0,0.998676500964454,0.00132349903554617
417,30763,0,0,0,0,0,0,10,13,3,0,0,1,0
418,30819,0,0,10,3,0,0,0,13,2,0,1,0,0
419,30895,0,0,10,3,0,0,0,13,2,0,1,0,0
421,30947,0,0,9,3,0,0,2,13,2,0,1,0,0
421,30948,0,0,0,0,0,0,10,13,3,0,0,1,0
421,30949,0,0,0,0,0,10,0,13,3,0,0,0.998676500964454,0.00132349903554617
422,31003,0,0,10,5,0,0,0,13,2,0,1,0,0
423,31088,0,0,10,6,0,0,0,13,2,0,1,0,0
423,31089,8,9,0,0,2,1,0,13,1,1,0,0,0
423,31090,10,6,0,0,0,0,0,13,1,1,0,0,0
423,31091,9,6,0,0,0,2,0,13,1,1,0,0,0
423,31092,10,6,0,0,0,0,0,13,1,1,0,0,0
424,31225,0,0,0,0,0,0,10,13,3,0,0,1,0
424,31226,0,0,10,3,0,0,0,13,2,0,1,0,0
425,31317,0,0,9,6,0,3,0,13,2,0,1,0,0
425,31318,0,0,0,0,0,10,0,13,3,0,0,0.999082668213037,0.000917331786963066
425,31319,0,0,0,0,0,10,0,13,3,0,0,0.998676500964454,0.00132349903554617
425,31320,0,0,0,0,0,10,0,13,3,0,0,0.998676500964454,0.00132349903554617
425,31321,0,0,0,0,0,10,0,13,3,0,0,0.998676500964454,0.00132349903554617
425,31322,0,0,0,0,0,10,0,13,3,0,0,0.998676500964454,0.00132349903554617
425,31323,0,0,0,0,0,0,10,13,3,0,0,1,0
426,31531,0,0,6,7,0,0,5,13,2,0,1,0,0
426,31532,0,0,0,0,0,10,0,13,3,0,0,0.999082668213037,0.000917331786963066
426,31533,0,0,0,0,0,10,0,13,3,0,0,0.998676500964454,0.00132349903554617
426,31534,0,0,0,0,0,10,0,13,3,0,0,0.998676500964454,0.00132349903554617
426,31535,0,0,0,0,0,10,0,13,3,0,0,0.998676500964454,0.00132349903554617
426,31536,0,0,0,0,0,10,0,13,3,0,0,0.998676500964454,0.00132349903554617
426,31537,0,0,0,0,0,10,0,13,3,0,0,0.998676500964454,0.00132349903554617
426,31538,7,9,0,0,2,2,0,13,1,0.999808366863311,0,0,0.000191633136689152
426,31539,10,9,0,0,0,0,0,13,1,1,0,0,0
426,31540,0,0,0,0,0,10,0,13,3,0,0,0.996967260645994,0.0030327393540062
426,31541,8,10,0,0,0,3,0,13,1,1,0,0,0
426,31542,10,9,0,0,0,0,0,13,1,1,0,0,0
426,31543,10,7,0,0,0,0,0,13,1,1,0,0,0
426,31544,10,9,0,0,0,0,0,13,1,1,0,0,0
426,31545,10,7,0,0,0,0,0,13,1,1,0,0,0
427,31619,0,0,10,4,0,0,0,13,2,0,1,0,0
427,31620,0,0,0,0,0,0,10,13,3,0,0,1,0
429,31676,0,0,10,5,0,0,0,13,2,0,1,0,0
430,31719,0,0,10,2,0,0,0,13,2,0,1,0,0
430,31720,0,0,0,0,0,10,0,13,3,0,0,0.999082668213037,0.000917331786963066
430,31721,0,0,0,0,0,0,10,13,3,0,0,1,0
430,31722,0,0,0,0,0,0,10,13,3,0,0,1,0
431,31938,0,0,10,6,0,0,0,13,2,0,1,0,0
431,31939,0,0,0,0,0,0,10,13,3,0,0,1,0
431,31940,0,0,0,0,0,10,0,13,3,0,0,0.998676500964454,0.00132349903554617
431,31941,0,0,0,0,0,0,10,13,3,0,0,1,0
432,31985,0,0,0,0,0,0,10,13,3,0,0,1,0
432,31986,0,0,0,0,0,0,10,13,3,0,0,1,0
432,31987,0,0,0,0,0,0,10,13,3,0,0,1,0
432,31988,0,0,0,0,0,0,10,13,3,0,0,1,0
433,32079,0,0,0,0,0,10,0,13,3,0,0,0.998676500964454,0.00132349903554617
434,32112,0,0,10,1,0,0,0,13,2,0,1,0,0
435,32237,0,0,10,4,0,0,0,13,2,0,1,0,0
436,32286,0,0,9,5,0,0,2,13,2,0,1,0,0
438,32412,0,0,0,0,0,10,0,13,3,0,0,0.999082668213037,0.000917331786963066
438,32413,0,0,10,5,0,0,0,13,2,0,1,0,0
438,32414,0,0,0,0,0,0,10,13,3,0,0,1,0
439,32475,0,0,0,0,0,0,10,13,3,0,0,1,0
439,32476,0,0,0,0,0,0,10,13,3,0,0,1,0
439,32477,0,0,0,0,0,0,10,13,3,0,0,1,0
439,32478,0,0,0,0,0,0,10,13,3,0,0,1,0
439,32479,0,0,10,3,0,0,2,13,2,0,1,0,0
439,32480,0,0,0,0,0,10,0,13,3,0,0,0.999082668213037,0.000917331786963066
439,32481,0,0,0,0,0,10,0,13,3,0,0,0.998676500964454,0.00132349903554617
439,32482,4,8,0,0,1,6,0,13,1,1,0,0,0
441,32562,0,0,6,6,0,0,6,13,2,0,1,0,0
441,32563,0,0,0,0,0,10,0,13,3,0,0,0.999082668213037,0.000917331786963066
441,32564,0,0,0,0,0,0,10,13,3,0,0,1,0
441,32565,0,0,0,0,0,0,10,13,3,0,0,1,0
441,32566,0,0,0,0,0,0,10,13,3,0,0,1,0
444,32615,0,0,10,3,0,0,0,13,2,0,1,0,0
445,32746,0,0,0,0,0,10,0,13,3,0,0,0.999082668213037,0.000917331786963066
445,32747,0,0,10,7,0,0,0,13,2,0,1,0,0
445,32748,0,0,0,0,0,10,0,13,3,0,0,0.999082668213037,0.000917331786963066
447,32922,0,0,10,4,0,0,0,13,2,0,1,0,0
447,32923,0,0,0,0,0,10,0,13,3,0,0,0.999082668213037,0.000917331786963066
447,32924,0,0,0,0,0,10,0,13,3,0,0,0.998676500964454,0.00132349903554617
447,32925,0,0,0,0,0,0,10,13,3,0,0,1,0
449,33070,0,0,10,3,0,0,0,13,2,0,1,0,0
449,33071,0,0,0,0,0,10,0,13,3,0,0,0.999082668213037,0.000917331786963066
449,33072,0,0,0,0,0,10,0,13,3,0,0,0.998676500964454,0.00132349903554617
449,33073,0,0,0,0,0,10,0,13,3,0,0,0.998676500964454,0.00132349903554617
449,33074,0,0,0,0,0,10,0,13,3,0,0,0.998676500964454,0.00132349903554617
450,33229,0,0,0,0,6,3,0,13,4,0.000145991608651612,0,0,0.999854008391348
450,33230,10,6,0,0,0,0,0,13,1,1,0,0,0
450,33231,4,5,0,0,4,1,0,13,1,1,0,0,0
450,33232,0,0,0,0,6,2,0,13,4,0.00101315953813009,0,0,0.99898684046187
450,33233,5,3,0,0,3,1,0,13,1,0.944100452760425,0,0,0.0558995472395752
450,33234,3,6,0,0,4,2,0,13,1,1,0,0,0
450,33235,0,0,0,0,5,1,0,13,4,0.00500793091559383,0,0,0.994992069084406
450,33236,0,0,0,0,0,10,0,13,3,0,0,0.992460886539551,0.00753911346044864
450,33237,0,0,10,6,0,0,0,13,2,0,1,0,0
453,33381,0,0,0,0,0,10,0,13,3,0,0,0.999082668213037,0.000917331786963066
453,33382,0,0,0,0,0,10,0,13,3,0,0,0.998676500964454,0.00132349903554617
453,33383,0,0,0,0,0,10,0,13,3,0,0,0.998676500964454,0.00132349903554617
453,33384,0,0,0,0,0,10,0,13,3,0,0,0.998676500964454,0.00132349903554617
453,33385,10,9,0,0,0,0,0,13,1,1,0,0,0
454,33459,0,0,10,2,0,0,1,13,2,0,1,0,0
455,33508,0,0,0,0,0,0,10,13,3,0,0,1,0
455,33509,0,0,10,2,0,0,1,13,2,0,1,0,0
455,33510,0,0,0,0,0,0,10,13,3,0,0,1,0
456,33698,0,0,10,10,0,0,0,13,2,0,1,0,0
457,33754,0,0,10,2,0,0,0,13,2,0,1,0,0
458,33798,0,0,10,3,0,0,0,13,2,0,1,0,0
461,34037,0,0,0,0,0,0,10,13,3,0,0,1,0
461,34038,0,0,10,3,0,0,0,13,2,0,1,0,0
461,34039,0,0,0,0,0,0,10,13,3,0,0,1,0
462,34158,0,0,10,4,0,0,0,13,2,0,1,0,0
464,34204,0,0,0,0,0,0,10,13,3,0,0,1,0
464,34205,0,0,0,0,0,10,0,13,3,0,0,0.998676500964454,0.00132349903554617
464,34206,0,0,0,0,0,0,10,13,3,0,0,1,0
464,34207,6,3,4,2,0,2,0,13,4,0,0,0,1
464,34208,2,10,0,0,2,6,0,13,1,1,0,0,0
464,34209,0,0,0,0,0,10,0,13,3,0,0,0.996967260645994,0.0030327393540062
464,34210,0,0,0,0,0,10,0,13,3,0,0,0.998676500964454,0.00132349903554617
464,34211,0,0,0,0,0,10,0,13,3,0,0,0.998676500964454,0.00132349903554617
464,34212,0,0,0,0,0,10,0,13,3,0,0,0.998676500964454,0.00132349903554617
464,34213,0,0,0,0,0,10,0,13,3,0,0,0.998676500964454,0.00132349903554617
464,34214,0,0,0,0,0,1,10,13,3,0,0,1,0
464,34215,0,0,0,0,6,6,0,13,4,2.92410670743479e-05,0,0,0.999970758932926
464,34216,0,0,0,0,5,1,0,13,4,0.000624491537820626,0,0,0.999375508462179
464,34217,3,4,0,0,5,1,0,13,1,1,0,0,0
464,34218,9,5,0,0,0,2,0,13,1,1,0,0,0
464,34219,10,6,0,0,0,2,0,13,1,1,0,0,0
464,34220,0,0,0,0,5,1,0,13,4,0.00500793091559383,0,0,0.994992069084406
464,34221,0,0,0,0,6,1,0,13,4,8.46762646996677e-05,0,0,0.9999153237353
464,34222,1,8,0,0,5,1,0,13,1,1,0,0,0
464,34223,7,10,0,0,2,0,0,13,1,0.999966125947548,0,0,3.38740524517058e-05
464,34224,10,8,0,0,0,2,0,13,1,1,0,0,0
465,34261,0,0,0,0,0,10,0,13,3,0,0,0.996967260645994,0.0030327393540062
465,34262,0,0,3,3,0,8,0,13,4,0,0,0,1
465,34263,0,0,0,0,0,10,0,13,3,0,0,0.992460886539551,0.00753911346044864
468,34323,0,0,0,0,0,0,10,13,3,0,0,1,0
468,34324,0,0,0,0,0,0,10,13,3,0,0,1,0
468,34325,0,0,0,0,0,0,10,13,3,0,0,1,0
468,34326,0,0,0,0,0,0,10,13,3,0,0,1,0
468,34327,0,0,0,0,0,0,10,13,3,0,0,1,0
468,34328,0,0,0,0,0,0,10,13,3,0,0,1,0
469,34520,0,0,10,6,0,0,0,13,2,0,1,0,0
469,34521,0,0,0,0,0,10,0,13,3,0,0,0.999082668213037,0.000917331786963066
469,34522,0,0,0,0,0,0,10,13,3,0,0,1,0
473,34611,0,0,10,7,0,0,0,13,2,0,1,0,0
474,34704,0,0,0,0,0,0,10,13,3,0,0,1,0
474,34705,0,0,0,0,0,0,10,13,3,0,0,1,0
474,34706,0,0,0,0,0,10,0,13,3,0,0,0.998676500964454,0.00132349903554617
474,34707,0,0,0,0,0,10,0,13,3,0,0,0.998676500964454,0.00132349903554617
482,34832,0,0,10,10,0,0,0,13,2,0,1,0,0
482,34833,0,0,0,0,0,10,0,13,3,0,0,0.999082668213037,0.000917331786963066
482,34834,0,0,0,0,0,10,0,13,3,0,0,0.998676500964454,0.00132349903554617
482,34835,0,0,0,0,0,10,0,13,3,0,0,0.998676500964454,0.00132349903554617
482,34836,0,0,0,0,0,10,0,13,3,0,0,0.998676500964454,0.00132349903554617
482,34837,0,0,0,0,0,10,0,13,3,0,0,0.998676500964454,0.00132349903554617
482,34838,6,0,0,0,0,6,0,13,4,0.207556953004372,0,0,0.792443046995628
482,34839,0,0,0,0,0,10,0,13,3,0,0,0.992460886539551,0.00753911346044864
482,34840,0,0,0,0,0,10,0,13,3,0,0,0.998676500964454,0.00132349903554617
482,34841,0,0,0,0,0,10,0,13,3,0,0,0.998676500964454,0.00132349903554617
490,34925,0,0,10,6,0,0,0,13,2,0,1,0,0
490,34926,0,0,0,0,0,10,0,13,3,0,0,0.999082668213037,0.000917331786963066
490,34927,0,0,0,0,0,10,0,13,3,0,0,0.998676500964454,0.00132349903554617
490,34928,0,0,0,0,6,1,0,13,4,0.000112412042732392,0,0,0.999887587957268
490,34929,0,0,0,0,6,1,0,13,4,8.46762646996677e-05,0,0,0.9999153237353
490,34930,0,0,0,0,5,2,0,13,4,0.000928267776565985,0,0,0.999071732223434
490,34931,0,0,0,0,6,0,0,13,4,0.000190728047594688,0,0,0.999809271952405
492,35037,0,0,0,0,0,10,0,13,3,0,0,0.992460886539551,0.00753911346044864
492,35038,0,0,5,6,0,6,0,13,2,0,1,0,0
492,35039,0,0,0,0,0,10,0,13,3,0,0,0.999082668213037,0.000917331786963066
492,35040,0,0,0,0,0,0,10,13,3,0,0,1,0
492,35041,0,0,0,0,0,0,10,13,3,0,0,1,0
492,35042,0,0,0,0,0,10,0,13,3,0,0,0.998676500964454,0.00132349903554617
492,35043,0,0,0,0,0,10,0,13,3,0,0,0.998676500964454,0.00132349903554617
492,35044,0,0,0,0,0,0,10,13,3,0,0,1,0
493,35103,0,0,10,6,0,0,0,13,2,0,1,0,0
493,35104,0,0,0,0,0,10,0,13,3,0,0,0.999082668213037,0.000917331786963066
493,35105,0,0,0,0,0,0,10,13,3,0,0,1,0
493,35106,0,0,0,0,0,10,0,13,3,0,0,0.998676500964454,0.00132349903554617
493,35107,0,0,0,0,0,10,0,13,3,0,0,0.998676500964454,0.00132349903554617
493,35108,0,0,0,0,0,10,0,13,3,0,0,0.998676500964454,0.00132349903554617
494,35200,0,0,0,0,0,10,0,13,3,0,0,0.998676500964454,0.00132349903554617
494,35201,0,0,0,0,0,10,0,13,3,0,0,0.998676500964454,0.00132349903554617
494,35202,0,0,7,10,0,0,4,13,4,0,0,0,1
494,35203,0,0,0,0,0,10,0,13,3,0,0,0.992460886539551,0.00753911346044864
495,35261,0,0,10,3,0,0,0,13,2,0,1,0,0
496,35335,0,0,10,5,0,1,0,13,2,0,1,0,0
496,35336,0,0,0,0,0,0,10,13,3,0,0,1,0
496,35337,0,0,0,0,0,0,10,13,3,0,0,1,0
496,35338,0,0,0,0,0,10,0,13,3,0,0,0.998676500964454,0.00132349903554617
496,35339,0,0,0,0,0,10,0,13,3,0,0,0.998676500964454,0.00132349903554617
497,35493,0,0,0,0,0,10,0,13,3,0,0,0.998676500964454,0.00132349903554617
497,35494,0,0,0,0,0,10,0,13,3,0,0,0.998676500964454,0.00132349903554617
500,35533,0,0,10,4,0,0,0,13,2,0,1,0,0
503,35702,0,0,8,9,0,3,0,13,2,0,1,0,0
503,35703,0,0,0,0,0,10,0,13,3,0,0,0.999082668213037,0.000917331786963066
504,35777,0,0,10,6,0,0,0,13,2,0,1,0,0
504,35778,0,0,0,0,0,0,10,13,3,0,0,1,0
504,35779,0,0,0,0,0,0,10,13,3,0,0,1,0
506,35894,0,0,0,0,0,0,10,13,3,0,0,1,0
506,35895,0,0,0,0,0,10,0,13,3,0,0,0.998676500964454,0.00132349903554617
506,35896,0,0,0,0,0,10,0,13,3,0,0,0.998676500964454,0.00132349903554617
506,35897,0,0,0,0,0,10,0,13,3,0,0,0.998676500964454,0.00132349903554617
506,35898,0,0,10,3,0,0,0,13,2,0,1,0,0
506,35899,0,0,0,0,0,10,0,13,3,0,0,0.999082668213037,0.000917331786963066
506,35900,0,0,0,0,0,4,7,13,4,0.000202212029136546,0,0,0.999797787970863
506,35901,0,0,0,0,0,10,0,13,3,0,0,0.992460886539551,0.00753911346044864
506,35902,0,0,0,0,0,10,0,13,3,0,0,0.998676500964454,0.00132349903554617
506,35903,0,0,0,0,0,10,0,13,3,0,0,0.998676500964454,0.00132349903554617
506,35904,0,0,0,0,0,10,0,13,3,0,0,0.998676500964454,0.00132349903554617
511,35971,0,0,10,4,0,0,0,13,2,0,1,0,0
512,36030,0,0,5,10,0,0,6,13,2,0,1,0,0
512,36031,0,0,0,0,0,10,0,13,3,0,0,0.999082668213037,0.000917331786963066
512,36032,0,0,0,0,0,10,0,13,3,0,0,0.998676500964454,0.00132349903554617
513,36096,0,0,10,7,0,0,0,13,2,0,1,0,0
513,36097,0,0,0,0,0,10,0,13,3,0,0,0.999082668213037,0.000917331786963066
517,36280,0,0,10,7,0,0,0,13,2,0,1,0,0
517,36281,0,0,0,0,0,10,0,13,3,0,0,0.999082668213037,0.000917331786963066
517,36282,1,10,0,0,0,10,0,13,4,0,0,0,1
517,36283,0,0,0,0,0,10,0,13,3,0,0,0.992460886539551,0.00753911346044864
517,36284,0,0,0,0,0,10,0,13,3,0,0,0.998676500964454,0.00132349903554617
557,36312,0,0,0,0,0,0,10,13,3,0,0,1,0
557,36313,0,0,0,0,0,0,10,13,3,0,0,1,0
557,36314,0,0,9,3,0,0,2,13,2,0,1,0,0
